solid 
 facet normal -6.447250515779e-01 -7.644145523653e-01 0.000000000000e+00
   outer loop
     vertex -4.224574580634e+00 1.355043124194e+01 0.000000000000e+00
     vertex -2.850000000000e+00 1.239108300000e+01 0.000000000000e+00
     vertex -2.850000000000e+00 1.239108300000e+01 9.100000000000e-01
   endloop
 endfacet
 facet normal -6.447250515779e-01 -7.644145523653e-01 0.000000000000e+00
   outer loop
     vertex -4.224574580634e+00 1.355043124194e+01 0.000000000000e+00
     vertex -2.850000000000e+00 1.239108300000e+01 9.100000000000e-01
     vertex -4.224574580634e+00 1.355043124194e+01 9.100000000000e-01
   endloop
 endfacet
 facet normal -8.178147477931e-01 -5.754815707667e-01 0.000000000000e+00
   outer loop
     vertex -5.259408802918e+00 1.502103035665e+01 0.000000000000e+00
     vertex -4.224574580634e+00 1.355043124194e+01 9.100000000000e-01
     vertex -5.259408802918e+00 1.502103035665e+01 9.100000000000e-01
   endloop
 endfacet
 facet normal -8.178147477931e-01 -5.754815707667e-01 0.000000000000e+00
   outer loop
     vertex -5.259408802918e+00 1.502103035665e+01 0.000000000000e+00
     vertex -4.224574580634e+00 1.355043124194e+01 0.000000000000e+00
     vertex -4.224574580634e+00 1.355043124194e+01 9.100000000000e-01
   endloop
 endfacet
 facet normal -9.372102324365e-01 -3.487649354741e-01 0.000000000000e+00
   outer loop
     vertex -5.886559886627e+00 1.670632710857e+01 0.000000000000e+00
     vertex -5.259408802918e+00 1.502103035665e+01 9.100000000000e-01
     vertex -5.886559886627e+00 1.670632710857e+01 9.100000000000e-01
   endloop
 endfacet
 facet normal -9.372102324365e-01 -3.487649354741e-01 0.000000000000e+00
   outer loop
     vertex -5.886559886627e+00 1.670632710857e+01 0.000000000000e+00
     vertex -5.259408802918e+00 1.502103035665e+01 0.000000000000e+00
     vertex -5.259408802918e+00 1.502103035665e+01 9.100000000000e-01
   endloop
 endfacet
 facet normal -9.950725096592e-01 -9.914988916030e-02 0.000000000000e+00
   outer loop
     vertex -6.064851779280e+00 1.849567213534e+01 0.000000000000e+00
     vertex -5.886559886627e+00 1.670632710857e+01 9.100000000000e-01
     vertex -6.064851779280e+00 1.849567213534e+01 9.100000000000e-01
   endloop
 endfacet
 facet normal -9.876025903091e-01 1.569749139661e-01 0.000000000000e+00
   outer loop
     vertex -6.064851779280e+00 1.849567213534e+01 0.000000000000e+00
     vertex -6.064851779280e+00 1.849567213534e+01 9.100000000000e-01
     vertex -5.782578599279e+00 2.027158471079e+01 9.100000000000e-01
   endloop
 endfacet
 facet normal -9.950725096592e-01 -9.914988916030e-02 0.000000000000e+00
   outer loop
     vertex -6.064851779280e+00 1.849567213534e+01 0.000000000000e+00
     vertex -5.886559886627e+00 1.670632710857e+01 0.000000000000e+00
     vertex -5.886559886627e+00 1.670632710857e+01 9.100000000000e-01
   endloop
 endfacet
 facet normal -9.152909172783e-01 4.027934169619e-01 0.000000000000e+00
   outer loop
     vertex -5.782578599279e+00 2.027158471079e+01 0.000000000000e+00
     vertex -5.782578599279e+00 2.027158471079e+01 9.100000000000e-01
     vertex -5.058273193934e+00 2.191746602596e+01 9.100000000000e-01
   endloop
 endfacet
 facet normal -9.876025903091e-01 1.569749139661e-01 0.000000000000e+00
   outer loop
     vertex -5.782578599279e+00 2.027158471079e+01 0.000000000000e+00
     vertex -6.064851779280e+00 1.849567213534e+01 0.000000000000e+00
     vertex -5.782578599279e+00 2.027158471079e+01 9.100000000000e-01
   endloop
 endfacet
 facet normal -9.152909172783e-01 4.027934169619e-01 0.000000000000e+00
   outer loop
     vertex -5.058273193934e+00 2.191746602596e+01 0.000000000000e+00
     vertex -5.782578599279e+00 2.027158471079e+01 0.000000000000e+00
     vertex -5.058273193934e+00 2.191746602596e+01 9.100000000000e-01
   endloop
 endfacet
 facet normal -7.828851651241e-01 6.221662303827e-01 0.000000000000e+00
   outer loop
     vertex -3.939490352128e+00 2.332525456714e+01 0.000000000000e+00
     vertex -5.058273193934e+00 2.191746602596e+01 9.100000000000e-01
     vertex -3.939490352128e+00 2.332525456714e+01 9.100000000000e-01
   endloop
 endfacet
 facet normal -7.828851651241e-01 6.221662303827e-01 0.000000000000e+00
   outer loop
     vertex -3.939490352128e+00 2.332525456714e+01 0.000000000000e+00
     vertex -5.058273193934e+00 2.191746602596e+01 0.000000000000e+00
     vertex -5.058273193934e+00 2.191746602596e+01 9.100000000000e-01
   endloop
 endfacet
 facet normal -5.990785281045e-01 8.006902754275e-01 0.000000000000e+00
   outer loop
     vertex -2.499684560679e+00 2.440252097185e+01 0.000000000000e+00
     vertex -3.939490352128e+00 2.332525456714e+01 9.100000000000e-01
     vertex -2.499684560679e+00 2.440252097185e+01 9.100000000000e-01
   endloop
 endfacet
 facet normal -3.759389622975e-01 9.266444283686e-01 0.000000000000e+00
   outer loop
     vertex -2.499684560679e+00 2.440252097185e+01 0.000000000000e+00
     vertex -2.499684560679e+00 2.440252097185e+01 9.100000000000e-01
     vertex -8.333872975250e-01 2.507853654461e+01 9.100000000000e-01
   endloop
 endfacet
 facet normal -5.990785281045e-01 8.006902754275e-01 0.000000000000e+00
   outer loop
     vertex -2.499684560679e+00 2.440252097185e+01 0.000000000000e+00
     vertex -3.939490352128e+00 2.332525456714e+01 0.000000000000e+00
     vertex -3.939490352128e+00 2.332525456714e+01 9.100000000000e-01
   endloop
 endfacet
 facet normal -3.759389622975e-01 9.266444283686e-01 0.000000000000e+00
   outer loop
     vertex -8.333872975250e-01 2.507853654461e+01 0.000000000000e+00
     vertex -2.499684560679e+00 2.440252097185e+01 0.000000000000e+00
     vertex -8.333872975250e-01 2.507853654461e+01 9.100000000000e-01
   endloop
 endfacet
 facet normal -1.281168553232e-01 9.917590793041e-01 0.000000000000e+00
   outer loop
     vertex 9.499995000000e-01 2.530891700000e+01 0.000000000000e+00
     vertex -8.333872975250e-01 2.507853654461e+01 9.100000000000e-01
     vertex 9.499995000000e-01 2.530891700000e+01 9.100000000000e-01
   endloop
 endfacet
 facet normal -1.281168553232e-01 9.917590793041e-01 0.000000000000e+00
   outer loop
     vertex 9.499995000000e-01 2.530891700000e+01 0.000000000000e+00
     vertex -8.333872975250e-01 2.507853654461e+01 0.000000000000e+00
     vertex -8.333872975250e-01 2.507853654461e+01 9.100000000000e-01
   endloop
 endfacet
 facet normal 1.281168553232e-01 9.917590793041e-01 -0.000000000000e+00
   outer loop
     vertex 2.733386297525e+00 2.507853654461e+01 0.000000000000e+00
     vertex 9.499995000000e-01 2.530891700000e+01 9.100000000000e-01
     vertex 2.733386297525e+00 2.507853654461e+01 9.100000000000e-01
   endloop
 endfacet
 facet normal 1.281168553232e-01 9.917590793041e-01 0.000000000000e+00
   outer loop
     vertex 2.733386297525e+00 2.507853654461e+01 0.000000000000e+00
     vertex 9.499995000000e-01 2.530891700000e+01 0.000000000000e+00
     vertex 9.499995000000e-01 2.530891700000e+01 9.100000000000e-01
   endloop
 endfacet
 facet normal 3.759389622975e-01 9.266444283686e-01 -0.000000000000e+00
   outer loop
     vertex 4.399683560679e+00 2.440252097185e+01 0.000000000000e+00
     vertex 2.733386297525e+00 2.507853654461e+01 9.100000000000e-01
     vertex 4.399683560679e+00 2.440252097185e+01 9.100000000000e-01
   endloop
 endfacet
 facet normal 5.990785281045e-01 8.006902754275e-01 -0.000000000000e+00
   outer loop
     vertex 4.399683560679e+00 2.440252097185e+01 0.000000000000e+00
     vertex 4.399683560679e+00 2.440252097185e+01 9.100000000000e-01
     vertex 5.839489352128e+00 2.332525456714e+01 9.100000000000e-01
   endloop
 endfacet
 facet normal 3.759389622975e-01 9.266444283686e-01 0.000000000000e+00
   outer loop
     vertex 4.399683560679e+00 2.440252097185e+01 0.000000000000e+00
     vertex 2.733386297525e+00 2.507853654461e+01 0.000000000000e+00
     vertex 2.733386297525e+00 2.507853654461e+01 9.100000000000e-01
   endloop
 endfacet
 facet normal 5.990785281045e-01 8.006902754275e-01 -0.000000000000e+00
   outer loop
     vertex 5.839489352128e+00 2.332525456714e+01 0.000000000000e+00
     vertex 4.399683560679e+00 2.440252097185e+01 0.000000000000e+00
     vertex 5.839489352128e+00 2.332525456714e+01 9.100000000000e-01
   endloop
 endfacet
 facet normal 7.828851651241e-01 6.221662303827e-01 0.000000000000e+00
   outer loop
     vertex 6.958272193934e+00 2.191746602596e+01 0.000000000000e+00
     vertex 5.839489352128e+00 2.332525456714e+01 0.000000000000e+00
     vertex 5.839489352128e+00 2.332525456714e+01 9.100000000000e-01
   endloop
 endfacet
 facet normal 7.828851651241e-01 6.221662303827e-01 -0.000000000000e+00
   outer loop
     vertex 6.958272193934e+00 2.191746602596e+01 0.000000000000e+00
     vertex 5.839489352128e+00 2.332525456714e+01 9.100000000000e-01
     vertex 6.958272193934e+00 2.191746602596e+01 9.100000000000e-01
   endloop
 endfacet
 facet normal 9.152909172783e-01 4.027934169619e-01 0.000000000000e+00
   outer loop
     vertex 7.682577599279e+00 2.027158471079e+01 0.000000000000e+00
     vertex 6.958272193934e+00 2.191746602596e+01 0.000000000000e+00
     vertex 6.958272193934e+00 2.191746602596e+01 9.100000000000e-01
   endloop
 endfacet
 facet normal 9.152909172783e-01 4.027934169619e-01 -0.000000000000e+00
   outer loop
     vertex 7.682577599279e+00 2.027158471079e+01 0.000000000000e+00
     vertex 6.958272193934e+00 2.191746602596e+01 9.100000000000e-01
     vertex 7.682577599279e+00 2.027158471079e+01 9.100000000000e-01
   endloop
 endfacet
 facet normal 9.876025903091e-01 1.569749139661e-01 0.000000000000e+00
   outer loop
     vertex 7.964850779280e+00 1.849567213534e+01 0.000000000000e+00
     vertex 7.682577599279e+00 2.027158471079e+01 0.000000000000e+00
     vertex 7.682577599279e+00 2.027158471079e+01 9.100000000000e-01
   endloop
 endfacet
 facet normal 9.876025903091e-01 1.569749139661e-01 -0.000000000000e+00
   outer loop
     vertex 7.964850779280e+00 1.849567213534e+01 0.000000000000e+00
     vertex 7.682577599279e+00 2.027158471079e+01 9.100000000000e-01
     vertex 7.964850779280e+00 1.849567213534e+01 9.100000000000e-01
   endloop
 endfacet
 facet normal 9.950725096592e-01 -9.914988916031e-02 0.000000000000e+00
   outer loop
     vertex 7.786558886627e+00 1.670632710857e+01 0.000000000000e+00
     vertex 7.964850779280e+00 1.849567213534e+01 0.000000000000e+00
     vertex 7.964850779280e+00 1.849567213534e+01 9.100000000000e-01
   endloop
 endfacet
 facet normal 9.950725096592e-01 -9.914988916031e-02 0.000000000000e+00
   outer loop
     vertex 7.786558886627e+00 1.670632710857e+01 0.000000000000e+00
     vertex 7.964850779280e+00 1.849567213534e+01 9.100000000000e-01
     vertex 7.786558886627e+00 1.670632710857e+01 9.100000000000e-01
   endloop
 endfacet
 facet normal 9.372102324365e-01 -3.487649354741e-01 0.000000000000e+00
   outer loop
     vertex 7.159407802918e+00 1.502103035665e+01 0.000000000000e+00
     vertex 7.786558886627e+00 1.670632710857e+01 9.100000000000e-01
     vertex 7.159407802918e+00 1.502103035665e+01 9.100000000000e-01
   endloop
 endfacet
 facet normal 9.372102324365e-01 -3.487649354741e-01 0.000000000000e+00
   outer loop
     vertex 7.159407802918e+00 1.502103035665e+01 0.000000000000e+00
     vertex 7.786558886627e+00 1.670632710857e+01 0.000000000000e+00
     vertex 7.786558886627e+00 1.670632710857e+01 9.100000000000e-01
   endloop
 endfacet
 facet normal 8.178147477931e-01 -5.754815707667e-01 0.000000000000e+00
   outer loop
     vertex 6.124573580634e+00 1.355043124194e+01 0.000000000000e+00
     vertex 7.159407802918e+00 1.502103035665e+01 0.000000000000e+00
     vertex 7.159407802918e+00 1.502103035665e+01 9.100000000000e-01
   endloop
 endfacet
 facet normal 8.178147477931e-01 -5.754815707667e-01 0.000000000000e+00
   outer loop
     vertex 6.124573580634e+00 1.355043124194e+01 0.000000000000e+00
     vertex 7.159407802918e+00 1.502103035665e+01 9.100000000000e-01
     vertex 6.124573580634e+00 1.355043124194e+01 9.100000000000e-01
   endloop
 endfacet
 facet normal 6.447250515779e-01 -7.644145523654e-01 0.000000000000e+00
   outer loop
     vertex 4.749999000000e+00 1.239108300000e+01 0.000000000000e+00
     vertex 6.124573580634e+00 1.355043124194e+01 9.100000000000e-01
     vertex 4.749999000000e+00 1.239108300000e+01 9.100000000000e-01
   endloop
 endfacet
 facet normal 6.447250515779e-01 -7.644145523654e-01 0.000000000000e+00
   outer loop
     vertex 4.749999000000e+00 1.239108300000e+01 0.000000000000e+00
     vertex 6.124573580634e+00 1.355043124194e+01 0.000000000000e+00
     vertex 6.124573580634e+00 1.355043124194e+01 9.100000000000e-01
   endloop
 endfacet
 facet normal -6.642834986857e-01 -7.474807244163e-01 0.000000000000e+00
   outer loop
     vertex -2.850000000000e+00 1.239108300000e+01 0.000000000000e+00
     vertex -2.707354000000e+00 1.226431400000e+01 0.000000000000e+00
     vertex -2.707354000000e+00 1.226431400000e+01 9.100000000000e-01
   endloop
 endfacet
 facet normal -6.642834986857e-01 -7.474807244163e-01 0.000000000000e+00
   outer loop
     vertex -2.850000000000e+00 1.239108300000e+01 0.000000000000e+00
     vertex -2.707354000000e+00 1.226431400000e+01 9.100000000000e-01
     vertex -2.850000000000e+00 1.239108300000e+01 9.100000000000e-01
   endloop
 endfacet
 facet normal 4.624913618056e-01 -8.866237873276e-01 0.000000000000e+00
   outer loop
     vertex 4.493851000000e+00 1.225746800000e+01 0.000000000000e+00
     vertex 4.749999000000e+00 1.239108300000e+01 0.000000000000e+00
     vertex 4.749999000000e+00 1.239108300000e+01 9.100000000000e-01
   endloop
 endfacet
 facet normal 4.624913618056e-01 -8.866237873276e-01 0.000000000000e+00
   outer loop
     vertex 4.493851000000e+00 1.225746800000e+01 0.000000000000e+00
     vertex 4.749999000000e+00 1.239108300000e+01 9.100000000000e-01
     vertex 4.493851000000e+00 1.225746800000e+01 9.100000000000e-01
   endloop
 endfacet
 facet normal -0.000000000000e+00 0.000000000000e+00 -1.000000000000e+00
   outer loop
     vertex -1.715000000000e+01 -1.852853224227e+01 0.000000000000e+00
     vertex -1.985014673403e+01 -2.116730518839e+01 0.000000000000e+00
     vertex -1.727426406871e+01 -1.843318106871e+01 0.000000000000e+00
   endloop
 endfacet
 facet normal 0.000000000000e+00 -0.000000000000e+00 -1.000000000000e+00
   outer loop
     vertex -1.736961524227e+01 -1.830891700000e+01 0.000000000000e+00
     vertex -1.727426406871e+01 -1.843318106871e+01 0.000000000000e+00
     vertex -1.985014673403e+01 -2.116730518839e+01 0.000000000000e+00
   endloop
 endfacet
 facet normal 0.000000000000e+00 0.000000000000e+00 -1.000000000000e+00
   outer loop
     vertex -1.736961524227e+01 -1.830891700000e+01 0.000000000000e+00
     vertex -1.985014673403e+01 -2.116730518839e+01 0.000000000000e+00
     vertex -2.116065794288e+01 -1.908163838037e+01 0.000000000000e+00
   endloop
 endfacet
 facet normal 0.000000000000e+00 -0.000000000000e+00 -1.000000000000e+00
   outer loop
     vertex -1.742955549577e+01 -1.816420842706e+01 0.000000000000e+00
     vertex -1.736961524227e+01 -1.830891700000e+01 0.000000000000e+00
     vertex -2.116065794288e+01 -1.908163838037e+01 0.000000000000e+00
   endloop
 endfacet
 facet normal 0.000000000000e+00 0.000000000000e+00 -1.000000000000e+00
   outer loop
     vertex -1.700529142706e+01 -1.858847249577e+01 0.000000000000e+00
     vertex -1.810838818839e+01 -2.290906373403e+01 0.000000000000e+00
     vertex -1.985014673403e+01 -2.116730518839e+01 0.000000000000e+00
   endloop
 endfacet
 facet normal -0.000000000000e+00 0.000000000000e+00 -1.000000000000e+00
   outer loop
     vertex -1.700529142706e+01 -1.858847249577e+01 0.000000000000e+00
     vertex -1.985014673403e+01 -2.116730518839e+01 0.000000000000e+00
     vertex -1.715000000000e+01 -1.852853224227e+01 0.000000000000e+00
   endloop
 endfacet
 facet normal 0.000000000000e+00 -0.000000000000e+00 -1.000000000000e+00
   outer loop
     vertex -1.745000000000e+01 -1.800891700000e+01 0.000000000000e+00
     vertex -1.742955549577e+01 -1.816420842706e+01 0.000000000000e+00
     vertex -2.116065794288e+01 -1.908163838037e+01 0.000000000000e+00
   endloop
 endfacet
 facet normal -0.000000000000e+00 0.000000000000e+00 -1.000000000000e+00
   outer loop
     vertex -1.685000000000e+01 -1.860891700000e+01 0.000000000000e+00
     vertex -1.810838818839e+01 -2.290906373403e+01 0.000000000000e+00
     vertex -1.700529142706e+01 -1.858847249577e+01 0.000000000000e+00
   endloop
 endfacet
 facet normal 0.000000000000e+00 0.000000000000e+00 -1.000000000000e+00
   outer loop
     vertex -1.742955549577e+01 -1.785362557294e+01 0.000000000000e+00
     vertex -1.745000000000e+01 -1.800891700000e+01 0.000000000000e+00
     vertex -2.116065794288e+01 -1.908163838037e+01 0.000000000000e+00
   endloop
 endfacet
 facet normal -0.000000000000e+00 0.000000000000e+00 -1.000000000000e+00
   outer loop
     vertex -1.742955549577e+01 -1.785362557294e+01 0.000000000000e+00
     vertex -2.116065794288e+01 -1.908163838037e+01 0.000000000000e+00
     vertex -2.197420728967e+01 -1.675664738620e+01 0.000000000000e+00
   endloop
 endfacet
 facet normal 0.000000000000e+00 0.000000000000e+00 -1.000000000000e+00
   outer loop
     vertex -1.669470857294e+01 -1.858847249577e+01 0.000000000000e+00
     vertex -1.810838818839e+01 -2.290906373403e+01 0.000000000000e+00
     vertex -1.685000000000e+01 -1.860891700000e+01 0.000000000000e+00
   endloop
 endfacet
 facet normal 0.000000000000e+00 -0.000000000000e+00 -1.000000000000e+00
   outer loop
     vertex -1.669470857294e+01 -1.858847249577e+01 0.000000000000e+00
     vertex -1.602272138037e+01 -2.421957494288e+01 0.000000000000e+00
     vertex -1.810838818839e+01 -2.290906373403e+01 0.000000000000e+00
   endloop
 endfacet
 facet normal 0.000000000000e+00 -0.000000000000e+00 -1.000000000000e+00
   outer loop
     vertex -1.655000000000e+01 -1.852853224227e+01 0.000000000000e+00
     vertex -1.602272138037e+01 -2.421957494288e+01 0.000000000000e+00
     vertex -1.669470857294e+01 -1.858847249577e+01 0.000000000000e+00
   endloop
 endfacet
 facet normal -0.000000000000e+00 0.000000000000e+00 -1.000000000000e+00
   outer loop
     vertex -1.736961524227e+01 -1.770891700000e+01 0.000000000000e+00
     vertex -1.742955549577e+01 -1.785362557294e+01 0.000000000000e+00
     vertex -2.197420728967e+01 -1.675664738620e+01 0.000000000000e+00
   endloop
 endfacet
 facet normal 0.000000000000e+00 -0.000000000000e+00 -1.000000000000e+00
   outer loop
     vertex -1.642573593129e+01 -1.843318106871e+01 0.000000000000e+00
     vertex -1.602272138037e+01 -2.421957494288e+01 0.000000000000e+00
     vertex -1.655000000000e+01 -1.852853224227e+01 0.000000000000e+00
   endloop
 endfacet
 facet normal 0.000000000000e+00 0.000000000000e+00 -1.000000000000e+00
   outer loop
     vertex -1.642573593129e+01 -1.843318106871e+01 0.000000000000e+00
     vertex -1.369773038620e+01 -2.503312428967e+01 0.000000000000e+00
     vertex -1.602272138037e+01 -2.421957494288e+01 0.000000000000e+00
   endloop
 endfacet
 facet normal -0.000000000000e+00 0.000000000000e+00 -1.000000000000e+00
   outer loop
     vertex -1.727426406871e+01 -1.758465293129e+01 0.000000000000e+00
     vertex -1.736961524227e+01 -1.770891700000e+01 0.000000000000e+00
     vertex -2.197420728967e+01 -1.675664738620e+01 0.000000000000e+00
   endloop
 endfacet
 facet normal 0.000000000000e+00 0.000000000000e+00 -1.000000000000e+00
   outer loop
     vertex -1.727426406871e+01 -1.758465293129e+01 0.000000000000e+00
     vertex -2.197420728967e+01 -1.675664738620e+01 0.000000000000e+00
     vertex -2.225000000000e+01 -1.430891700000e+01 0.000000000000e+00
   endloop
 endfacet
 facet normal 0.000000000000e+00 -0.000000000000e+00 -1.000000000000e+00
   outer loop
     vertex -1.633038475773e+01 -1.830891700000e+01 0.000000000000e+00
     vertex -1.369773038620e+01 -2.503312428967e+01 0.000000000000e+00
     vertex -1.642573593129e+01 -1.843318106871e+01 0.000000000000e+00
   endloop
 endfacet
 facet normal -0.000000000000e+00 0.000000000000e+00 -1.000000000000e+00
   outer loop
     vertex -1.715000000000e+01 -1.748930175773e+01 0.000000000000e+00
     vertex -1.727426406871e+01 -1.758465293129e+01 0.000000000000e+00
     vertex -2.225000000000e+01 -1.430891700000e+01 0.000000000000e+00
   endloop
 endfacet
 facet normal -0.000000000000e+00 0.000000000000e+00 -1.000000000000e+00
   outer loop
     vertex -1.700529142706e+01 -1.742936150423e+01 0.000000000000e+00
     vertex -1.715000000000e+01 -1.748930175773e+01 0.000000000000e+00
     vertex -2.225000000000e+01 -1.430891700000e+01 0.000000000000e+00
   endloop
 endfacet
 facet normal -0.000000000000e+00 0.000000000000e+00 -1.000000000000e+00
   outer loop
     vertex -1.685000000000e+01 -1.740891700000e+01 0.000000000000e+00
     vertex -1.700529142706e+01 -1.742936150423e+01 0.000000000000e+00
     vertex -2.225000000000e+01 -1.430891700000e+01 0.000000000000e+00
   endloop
 endfacet
 facet normal 0.000000000000e+00 0.000000000000e+00 -1.000000000000e+00
   outer loop
     vertex -9.274264068712e+00 -1.843318106871e+01 0.000000000000e+00
     vertex -1.125000000000e+01 -2.530891700000e+01 0.000000000000e+00
     vertex -1.369773038620e+01 -2.503312428967e+01 0.000000000000e+00
   endloop
 endfacet
 facet normal -0.000000000000e+00 0.000000000000e+00 -1.000000000000e+00
   outer loop
     vertex -9.369615242271e+00 -1.830891700000e+01 0.000000000000e+00
     vertex -1.369773038620e+01 -2.503312428967e+01 0.000000000000e+00
     vertex -1.633038475773e+01 -1.830891700000e+01 0.000000000000e+00
   endloop
 endfacet
 facet normal 0.000000000000e+00 -0.000000000000e+00 -1.000000000000e+00
   outer loop
     vertex -9.369615242271e+00 -1.830891700000e+01 0.000000000000e+00
     vertex -9.274264068712e+00 -1.843318106871e+01 0.000000000000e+00
     vertex -1.369773038620e+01 -2.503312428967e+01 0.000000000000e+00
   endloop
 endfacet
 facet normal -0.000000000000e+00 0.000000000000e+00 -1.000000000000e+00
   outer loop
     vertex -9.150000000000e+00 -1.852853224227e+01 0.000000000000e+00
     vertex -1.125000000000e+01 -2.530891700000e+01 0.000000000000e+00
     vertex -9.274264068712e+00 -1.843318106871e+01 0.000000000000e+00
   endloop
 endfacet
 facet normal -0.000000000000e+00 0.000000000000e+00 -1.000000000000e+00
   outer loop
     vertex -9.005291427062e+00 -1.858847249577e+01 0.000000000000e+00
     vertex -1.125000000000e+01 -2.530891700000e+01 0.000000000000e+00
     vertex -9.150000000000e+00 -1.852853224227e+01 0.000000000000e+00
   endloop
 endfacet
 facet normal -0.000000000000e+00 0.000000000000e+00 -1.000000000000e+00
   outer loop
     vertex -9.429555495773e+00 -1.816420842706e+01 0.000000000000e+00
     vertex -1.633038475773e+01 -1.830891700000e+01 0.000000000000e+00
     vertex -1.627044450423e+01 -1.816420842706e+01 0.000000000000e+00
   endloop
 endfacet
 facet normal 0.000000000000e+00 -0.000000000000e+00 -1.000000000000e+00
   outer loop
     vertex -9.429555495773e+00 -1.816420842706e+01 0.000000000000e+00
     vertex -9.369615242271e+00 -1.830891700000e+01 0.000000000000e+00
     vertex -1.633038475773e+01 -1.830891700000e+01 0.000000000000e+00
   endloop
 endfacet
 facet normal -0.000000000000e+00 0.000000000000e+00 -1.000000000000e+00
   outer loop
     vertex -8.850000000000e+00 -1.860891700000e+01 0.000000000000e+00
     vertex -1.125000000000e+01 -2.530891700000e+01 0.000000000000e+00
     vertex -9.005291427062e+00 -1.858847249577e+01 0.000000000000e+00
   endloop
 endfacet
 facet normal -0.000000000000e+00 0.000000000000e+00 -1.000000000000e+00
   outer loop
     vertex -9.450000000000e+00 -1.800891700000e+01 0.000000000000e+00
     vertex -1.627044450423e+01 -1.816420842706e+01 0.000000000000e+00
     vertex -1.625000000000e+01 -1.800891700000e+01 0.000000000000e+00
   endloop
 endfacet
 facet normal 0.000000000000e+00 -0.000000000000e+00 -1.000000000000e+00
   outer loop
     vertex -9.450000000000e+00 -1.800891700000e+01 0.000000000000e+00
     vertex -9.429555495773e+00 -1.816420842706e+01 0.000000000000e+00
     vertex -1.627044450423e+01 -1.816420842706e+01 0.000000000000e+00
   endloop
 endfacet
 facet normal 0.000000000000e+00 0.000000000000e+00 -1.000000000000e+00
   outer loop
     vertex -8.694708572938e+00 -1.858847249577e+01 0.000000000000e+00
     vertex -1.125000000000e+01 -2.530891700000e+01 0.000000000000e+00
     vertex -8.850000000000e+00 -1.860891700000e+01 0.000000000000e+00
   endloop
 endfacet
 facet normal 0.000000000000e+00 0.000000000000e+00 -1.000000000000e+00
   outer loop
     vertex -9.429555495773e+00 -1.785362557294e+01 0.000000000000e+00
     vertex -9.450000000000e+00 -1.800891700000e+01 0.000000000000e+00
     vertex -1.625000000000e+01 -1.800891700000e+01 0.000000000000e+00
   endloop
 endfacet
 facet normal -0.000000000000e+00 0.000000000000e+00 -1.000000000000e+00
   outer loop
     vertex -9.429555495773e+00 -1.785362557294e+01 0.000000000000e+00
     vertex -1.625000000000e+01 -1.800891700000e+01 0.000000000000e+00
     vertex -1.627044450423e+01 -1.785362557294e+01 0.000000000000e+00
   endloop
 endfacet
 facet normal 0.000000000000e+00 0.000000000000e+00 -1.000000000000e+00
   outer loop
     vertex -8.550000000000e+00 -1.852853224227e+01 0.000000000000e+00
     vertex -1.125000000000e+01 -2.530891700000e+01 0.000000000000e+00
     vertex -8.694708572938e+00 -1.858847249577e+01 0.000000000000e+00
   endloop
 endfacet
 facet normal -0.000000000000e+00 0.000000000000e+00 -1.000000000000e+00
   outer loop
     vertex -9.369615242271e+00 -1.770891700000e+01 0.000000000000e+00
     vertex -1.627044450423e+01 -1.785362557294e+01 0.000000000000e+00
     vertex -1.633038475773e+01 -1.770891700000e+01 0.000000000000e+00
   endloop
 endfacet
 facet normal 0.000000000000e+00 0.000000000000e+00 -1.000000000000e+00
   outer loop
     vertex -9.369615242271e+00 -1.770891700000e+01 0.000000000000e+00
     vertex -9.429555495773e+00 -1.785362557294e+01 0.000000000000e+00
     vertex -1.627044450423e+01 -1.785362557294e+01 0.000000000000e+00
   endloop
 endfacet
 facet normal -0.000000000000e+00 0.000000000000e+00 -1.000000000000e+00
   outer loop
     vertex -9.274264068712e+00 -1.758465293129e+01 0.000000000000e+00
     vertex -1.633038475773e+01 -1.770891700000e+01 0.000000000000e+00
     vertex -1.642573593129e+01 -1.758465293129e+01 0.000000000000e+00
   endloop
 endfacet
 facet normal 0.000000000000e+00 0.000000000000e+00 -1.000000000000e+00
   outer loop
     vertex -9.274264068712e+00 -1.758465293129e+01 0.000000000000e+00
     vertex -9.369615242271e+00 -1.770891700000e+01 0.000000000000e+00
     vertex -1.633038475773e+01 -1.770891700000e+01 0.000000000000e+00
   endloop
 endfacet
 facet normal 0.000000000000e+00 0.000000000000e+00 -1.000000000000e+00
   outer loop
     vertex -8.425735931288e+00 -1.843318106871e+01 0.000000000000e+00
     vertex -1.125000000000e+01 -2.530891700000e+01 0.000000000000e+00
     vertex -8.550000000000e+00 -1.852853224227e+01 0.000000000000e+00
   endloop
 endfacet
 facet normal -0.000000000000e+00 0.000000000000e+00 -1.000000000000e+00
   outer loop
     vertex -9.150000000000e+00 -1.748930175773e+01 0.000000000000e+00
     vertex -1.642573593129e+01 -1.758465293129e+01 0.000000000000e+00
     vertex -1.655000000000e+01 -1.748930175773e+01 0.000000000000e+00
   endloop
 endfacet
 facet normal 0.000000000000e+00 0.000000000000e+00 -1.000000000000e+00
   outer loop
     vertex -9.150000000000e+00 -1.748930175773e+01 0.000000000000e+00
     vertex -9.274264068712e+00 -1.758465293129e+01 0.000000000000e+00
     vertex -1.642573593129e+01 -1.758465293129e+01 0.000000000000e+00
   endloop
 endfacet
 facet normal 0.000000000000e+00 -0.000000000000e+00 -1.000000000000e+00
   outer loop
     vertex -1.915574184228e+01 -5.550940003460e+00 0.000000000000e+00
     vertex -1.911577462203e+01 -5.596053669172e+00 0.000000000000e+00
     vertex -2.225000000000e+01 -1.430891700000e+01 0.000000000000e+00
   endloop
 endfacet
 facet normal -0.000000000000e+00 0.000000000000e+00 -1.000000000000e+00
   outer loop
     vertex -1.906617236969e+01 -5.630291631886e+00 0.000000000000e+00
     vertex -2.225000000000e+01 -1.430891700000e+01 0.000000000000e+00
     vertex -1.911577462203e+01 -5.596053669172e+00 0.000000000000e+00
   endloop
 endfacet
 facet normal 0.000000000000e+00 -0.000000000000e+00 -1.000000000000e+00
   outer loop
     vertex -1.918375128087e+01 -5.497572477019e+00 0.000000000000e+00
     vertex -1.915574184228e+01 -5.550940003460e+00 0.000000000000e+00
     vertex -2.225000000000e+01 -1.430891700000e+01 0.000000000000e+00
   endloop
 endfacet
 facet normal -0.000000000000e+00 0.000000000000e+00 -1.000000000000e+00
   outer loop
     vertex -1.900981778786e+01 -5.651664105658e+00 0.000000000000e+00
     vertex -2.225000000000e+01 -1.430891700000e+01 0.000000000000e+00
     vertex -1.906617236969e+01 -5.630291631886e+00 0.000000000000e+00
   endloop
 endfacet
 facet normal -0.000000000000e+00 0.000000000000e+00 -1.000000000000e+00
   outer loop
     vertex -1.894998600000e+01 -5.658929000000e+00 0.000000000000e+00
     vertex -2.225000000000e+01 -1.430891700000e+01 0.000000000000e+00
     vertex -1.900981778786e+01 -5.651664105658e+00 0.000000000000e+00
   endloop
 endfacet
 facet normal 0.000000000000e+00 0.000000000000e+00 -1.000000000000e+00
   outer loop
     vertex -2.225000000000e+01 -1.008917000000e+00 0.000000000000e+00
     vertex -1.919817513103e+01 -5.439052616504e+00 0.000000000000e+00
     vertex -1.918375128087e+01 -5.497572477019e+00 0.000000000000e+00
   endloop
 endfacet
 facet normal 0.000000000000e+00 0.000000000000e+00 -1.000000000000e+00
   outer loop
     vertex -2.225000000000e+01 -1.008917000000e+00 0.000000000000e+00
     vertex -1.919817513103e+01 -5.378781383496e+00 0.000000000000e+00
     vertex -1.919817513103e+01 -5.439052616504e+00 0.000000000000e+00
   endloop
 endfacet
 facet normal 0.000000000000e+00 0.000000000000e+00 -1.000000000000e+00
   outer loop
     vertex -2.225000000000e+01 -1.008917000000e+00 0.000000000000e+00
     vertex -1.918375128087e+01 -5.320261522981e+00 0.000000000000e+00
     vertex -1.919817513103e+01 -5.378781383496e+00 0.000000000000e+00
   endloop
 endfacet
 facet normal 0.000000000000e+00 0.000000000000e+00 -1.000000000000e+00
   outer loop
     vertex -2.225000000000e+01 -1.008917000000e+00 0.000000000000e+00
     vertex -1.915574184228e+01 -5.266893996540e+00 0.000000000000e+00
     vertex -1.918375128087e+01 -5.320261522981e+00 0.000000000000e+00
   endloop
 endfacet
 facet normal 0.000000000000e+00 0.000000000000e+00 -1.000000000000e+00
   outer loop
     vertex -2.225000000000e+01 -1.008917000000e+00 0.000000000000e+00
     vertex -1.911577462203e+01 -5.221780330828e+00 0.000000000000e+00
     vertex -1.915574184228e+01 -5.266893996540e+00 0.000000000000e+00
   endloop
 endfacet
 facet normal 0.000000000000e+00 0.000000000000e+00 -1.000000000000e+00
   outer loop
     vertex -2.225000000000e+01 -1.008917000000e+00 0.000000000000e+00
     vertex -1.906617236969e+01 -5.187542368114e+00 0.000000000000e+00
     vertex -1.911577462203e+01 -5.221780330828e+00 0.000000000000e+00
   endloop
 endfacet
 facet normal 0.000000000000e+00 0.000000000000e+00 -1.000000000000e+00
   outer loop
     vertex -2.225000000000e+01 -1.008917000000e+00 0.000000000000e+00
     vertex -1.900981778786e+01 -5.166169894342e+00 0.000000000000e+00
     vertex -1.906617236969e+01 -5.187542368114e+00 0.000000000000e+00
   endloop
 endfacet
 facet normal 0.000000000000e+00 0.000000000000e+00 -1.000000000000e+00
   outer loop
     vertex -2.225000000000e+01 -1.008917000000e+00 0.000000000000e+00
     vertex -1.918375128087e+01 -5.497572477019e+00 0.000000000000e+00
     vertex -2.225000000000e+01 -1.430891700000e+01 0.000000000000e+00
   endloop
 endfacet
 facet normal -0.000000000000e+00 0.000000000000e+00 -1.000000000000e+00
   outer loop
     vertex -1.755001400000e+01 -5.658929000000e+00 0.000000000000e+00
     vertex -2.225000000000e+01 -1.430891700000e+01 0.000000000000e+00
     vertex -1.894998600000e+01 -5.658929000000e+00 0.000000000000e+00
   endloop
 endfacet
 facet normal 0.000000000000e+00 -0.000000000000e+00 -1.000000000000e+00
   outer loop
     vertex -1.755001400000e+01 -5.658929000000e+00 0.000000000000e+00
     vertex -1.685000000000e+01 -1.740891700000e+01 0.000000000000e+00
     vertex -2.225000000000e+01 -1.430891700000e+01 0.000000000000e+00
   endloop
 endfacet
 facet normal 0.000000000000e+00 0.000000000000e+00 -1.000000000000e+00
   outer loop
     vertex -1.749018221214e+01 -5.651664105658e+00 0.000000000000e+00
     vertex -1.669470857294e+01 -1.742936150423e+01 0.000000000000e+00
     vertex -1.685000000000e+01 -1.740891700000e+01 0.000000000000e+00
   endloop
 endfacet
 facet normal 0.000000000000e+00 -0.000000000000e+00 -1.000000000000e+00
   outer loop
     vertex -1.749018221214e+01 -5.651664105658e+00 0.000000000000e+00
     vertex -1.685000000000e+01 -1.740891700000e+01 0.000000000000e+00
     vertex -1.755001400000e+01 -5.658929000000e+00 0.000000000000e+00
   endloop
 endfacet
 facet normal 0.000000000000e+00 -0.000000000000e+00 -1.000000000000e+00
   outer loop
     vertex -1.743382763031e+01 -5.630291631886e+00 0.000000000000e+00
     vertex -1.669470857294e+01 -1.742936150423e+01 0.000000000000e+00
     vertex -1.749018221214e+01 -5.651664105658e+00 0.000000000000e+00
   endloop
 endfacet
 facet normal 0.000000000000e+00 0.000000000000e+00 -1.000000000000e+00
   outer loop
     vertex -1.743382763031e+01 -5.630291631886e+00 0.000000000000e+00
     vertex -1.655000000000e+01 -1.748930175773e+01 0.000000000000e+00
     vertex -1.669470857294e+01 -1.742936150423e+01 0.000000000000e+00
   endloop
 endfacet
 facet normal 0.000000000000e+00 0.000000000000e+00 -1.000000000000e+00
   outer loop
     vertex -1.738422537797e+01 -5.596053669172e+00 0.000000000000e+00
     vertex -9.005291427062e+00 -1.742936150423e+01 0.000000000000e+00
     vertex -9.150000000000e+00 -1.748930175773e+01 0.000000000000e+00
   endloop
 endfacet
 facet normal 0.000000000000e+00 0.000000000000e+00 -1.000000000000e+00
   outer loop
     vertex -1.738422537797e+01 -5.596053669172e+00 0.000000000000e+00
     vertex -9.150000000000e+00 -1.748930175773e+01 0.000000000000e+00
     vertex -1.655000000000e+01 -1.748930175773e+01 0.000000000000e+00
   endloop
 endfacet
 facet normal 0.000000000000e+00 -0.000000000000e+00 -1.000000000000e+00
   outer loop
     vertex -1.738422537797e+01 -5.596053669172e+00 0.000000000000e+00
     vertex -1.655000000000e+01 -1.748930175773e+01 0.000000000000e+00
     vertex -1.743382763031e+01 -5.630291631886e+00 0.000000000000e+00
   endloop
 endfacet
 facet normal 0.000000000000e+00 -0.000000000000e+00 -1.000000000000e+00
   outer loop
     vertex -1.734425815772e+01 -5.550940003460e+00 0.000000000000e+00
     vertex -9.005291427062e+00 -1.742936150423e+01 0.000000000000e+00
     vertex -1.738422537797e+01 -5.596053669172e+00 0.000000000000e+00
   endloop
 endfacet
 facet normal 0.000000000000e+00 0.000000000000e+00 -1.000000000000e+00
   outer loop
     vertex -1.731624871913e+01 -5.497572477019e+00 0.000000000000e+00
     vertex -8.850000000000e+00 -1.740891700000e+01 0.000000000000e+00
     vertex -9.005291427062e+00 -1.742936150423e+01 0.000000000000e+00
   endloop
 endfacet
 facet normal 0.000000000000e+00 -0.000000000000e+00 -1.000000000000e+00
   outer loop
     vertex -1.731624871913e+01 -5.497572477019e+00 0.000000000000e+00
     vertex -9.005291427062e+00 -1.742936150423e+01 0.000000000000e+00
     vertex -1.734425815772e+01 -5.550940003460e+00 0.000000000000e+00
   endloop
 endfacet
 facet normal -0.000000000000e+00 0.000000000000e+00 -1.000000000000e+00
   outer loop
     vertex -1.708750100000e+01 -4.170279066798e+00 0.000000000000e+00
     vertex -1.755001400000e+01 -5.158905000000e+00 0.000000000000e+00
     vertex -1.718587672106e+01 -4.094792721064e+00 0.000000000000e+00
   endloop
 endfacet
 facet normal 0.000000000000e+00 0.000000000000e+00 -1.000000000000e+00
   outer loop
     vertex -1.708750100000e+01 -4.170279066798e+00 0.000000000000e+00
     vertex -1.749018221214e+01 -5.166169894342e+00 0.000000000000e+00
     vertex -1.755001400000e+01 -5.158905000000e+00 0.000000000000e+00
   endloop
 endfacet
 facet normal 0.000000000000e+00 0.000000000000e+00 -1.000000000000e+00
   outer loop
     vertex -1.708750100000e+01 -4.170279066798e+00 0.000000000000e+00
     vertex -1.743382763031e+01 -5.187542368114e+00 0.000000000000e+00
     vertex -1.749018221214e+01 -5.166169894342e+00 0.000000000000e+00
   endloop
 endfacet
 facet normal 0.000000000000e+00 -0.000000000000e+00 -1.000000000000e+00
   outer loop
     vertex -1.726136306680e+01 -3.996417000000e+00 0.000000000000e+00
     vertex -1.718587672106e+01 -4.094792721064e+00 0.000000000000e+00
     vertex -1.755001400000e+01 -5.158905000000e+00 0.000000000000e+00
   endloop
 endfacet
 facet normal 0.000000000000e+00 0.000000000000e+00 -1.000000000000e+00
   outer loop
     vertex -1.726136306680e+01 -3.996417000000e+00 0.000000000000e+00
     vertex -1.755001400000e+01 -5.158905000000e+00 0.000000000000e+00
     vertex -1.894998600000e+01 -5.158905000000e+00 0.000000000000e+00
   endloop
 endfacet
 facet normal -0.000000000000e+00 0.000000000000e+00 -1.000000000000e+00
   outer loop
     vertex -1.697294004642e+01 -4.217731767487e+00 0.000000000000e+00
     vertex -1.743382763031e+01 -5.187542368114e+00 0.000000000000e+00
     vertex -1.708750100000e+01 -4.170279066798e+00 0.000000000000e+00
   endloop
 endfacet
 facet normal 0.000000000000e+00 0.000000000000e+00 -1.000000000000e+00
   outer loop
     vertex -1.697294004642e+01 -4.217731767487e+00 0.000000000000e+00
     vertex -1.738422537797e+01 -5.221780330828e+00 0.000000000000e+00
     vertex -1.743382763031e+01 -5.187542368114e+00 0.000000000000e+00
   endloop
 endfacet
 facet normal 0.000000000000e+00 -0.000000000000e+00 -1.000000000000e+00
   outer loop
     vertex -1.730881576749e+01 -3.881856046424e+00 0.000000000000e+00
     vertex -1.726136306680e+01 -3.996417000000e+00 0.000000000000e+00
     vertex -1.894998600000e+01 -5.158905000000e+00 0.000000000000e+00
   endloop
 endfacet
 facet normal 0.000000000000e+00 -0.000000000000e+00 -1.000000000000e+00
   outer loop
     vertex -1.732500100000e+01 -3.758917000000e+00 0.000000000000e+00
     vertex -1.730881576749e+01 -3.881856046424e+00 0.000000000000e+00
     vertex -1.894998600000e+01 -5.158905000000e+00 0.000000000000e+00
   endloop
 endfacet
 facet normal -0.000000000000e+00 0.000000000000e+00 -1.000000000000e+00
   outer loop
     vertex -1.685000100000e+01 -4.233917000000e+00 0.000000000000e+00
     vertex -1.738422537797e+01 -5.221780330828e+00 0.000000000000e+00
     vertex -1.697294004642e+01 -4.217731767487e+00 0.000000000000e+00
   endloop
 endfacet
 facet normal 0.000000000000e+00 0.000000000000e+00 -1.000000000000e+00
   outer loop
     vertex -1.685000100000e+01 -4.233917000000e+00 0.000000000000e+00
     vertex -1.734425815772e+01 -5.266893996540e+00 0.000000000000e+00
     vertex -1.738422537797e+01 -5.221780330828e+00 0.000000000000e+00
   endloop
 endfacet
 facet normal 0.000000000000e+00 0.000000000000e+00 -1.000000000000e+00
   outer loop
     vertex -1.730881576749e+01 -3.635977953576e+00 0.000000000000e+00
     vertex -1.732500100000e+01 -3.758917000000e+00 0.000000000000e+00
     vertex -1.894998600000e+01 -5.158905000000e+00 0.000000000000e+00
   endloop
 endfacet
 facet normal 0.000000000000e+00 0.000000000000e+00 -1.000000000000e+00
   outer loop
     vertex -1.730881576749e+01 -3.635977953576e+00 0.000000000000e+00
     vertex -1.894998600000e+01 -5.158905000000e+00 0.000000000000e+00
     vertex -1.900981778786e+01 -5.166169894342e+00 0.000000000000e+00
   endloop
 endfacet
 facet normal 0.000000000000e+00 0.000000000000e+00 -1.000000000000e+00
   outer loop
     vertex -1.672706195358e+01 -4.217731767487e+00 0.000000000000e+00
     vertex -1.731624871913e+01 -5.320261522981e+00 0.000000000000e+00
     vertex -1.734425815772e+01 -5.266893996540e+00 0.000000000000e+00
   endloop
 endfacet
 facet normal 0.000000000000e+00 0.000000000000e+00 -1.000000000000e+00
   outer loop
     vertex -1.672706195358e+01 -4.217731767487e+00 0.000000000000e+00
     vertex -1.730182486897e+01 -5.378781383496e+00 0.000000000000e+00
     vertex -1.731624871913e+01 -5.320261522981e+00 0.000000000000e+00
   endloop
 endfacet
 facet normal 0.000000000000e+00 0.000000000000e+00 -1.000000000000e+00
   outer loop
     vertex -1.672706195358e+01 -4.217731767487e+00 0.000000000000e+00
     vertex -1.734425815772e+01 -5.266893996540e+00 0.000000000000e+00
     vertex -1.685000100000e+01 -4.233917000000e+00 0.000000000000e+00
   endloop
 endfacet
 facet normal 0.000000000000e+00 0.000000000000e+00 -1.000000000000e+00
   outer loop
     vertex -1.661250100000e+01 -4.170279066798e+00 0.000000000000e+00
     vertex -1.730182486897e+01 -5.439052616504e+00 0.000000000000e+00
     vertex -1.730182486897e+01 -5.378781383496e+00 0.000000000000e+00
   endloop
 endfacet
 facet normal 0.000000000000e+00 0.000000000000e+00 -1.000000000000e+00
   outer loop
     vertex -1.661250100000e+01 -4.170279066798e+00 0.000000000000e+00
     vertex -1.730182486897e+01 -5.378781383496e+00 0.000000000000e+00
     vertex -1.672706195358e+01 -4.217731767487e+00 0.000000000000e+00
   endloop
 endfacet
 facet normal -0.000000000000e+00 0.000000000000e+00 -1.000000000000e+00
   outer loop
     vertex -1.726136306680e+01 -3.521417000000e+00 0.000000000000e+00
     vertex -1.900981778786e+01 -5.166169894342e+00 0.000000000000e+00
     vertex -2.225000000000e+01 -1.008917000000e+00 0.000000000000e+00
   endloop
 endfacet
 facet normal 0.000000000000e+00 0.000000000000e+00 -1.000000000000e+00
   outer loop
     vertex -1.726136306680e+01 -3.521417000000e+00 0.000000000000e+00
     vertex -1.730881576749e+01 -3.635977953576e+00 0.000000000000e+00
     vertex -1.900981778786e+01 -5.166169894342e+00 0.000000000000e+00
   endloop
 endfacet
 facet normal 0.000000000000e+00 0.000000000000e+00 -1.000000000000e+00
   outer loop
     vertex -1.651412527894e+01 -4.094792721064e+00 0.000000000000e+00
     vertex -1.731624871913e+01 -5.497572477019e+00 0.000000000000e+00
     vertex -1.730182486897e+01 -5.439052616504e+00 0.000000000000e+00
   endloop
 endfacet
 facet normal 0.000000000000e+00 0.000000000000e+00 -1.000000000000e+00
   outer loop
     vertex -1.651412527894e+01 -4.094792721064e+00 0.000000000000e+00
     vertex -1.730182486897e+01 -5.439052616504e+00 0.000000000000e+00
     vertex -1.661250100000e+01 -4.170279066798e+00 0.000000000000e+00
   endloop
 endfacet
 facet normal -0.000000000000e+00 0.000000000000e+00 -1.000000000000e+00
   outer loop
     vertex -1.718587672106e+01 -3.423041278936e+00 0.000000000000e+00
     vertex -1.726136306680e+01 -3.521417000000e+00 0.000000000000e+00
     vertex -2.225000000000e+01 -1.008917000000e+00 0.000000000000e+00
   endloop
 endfacet
 facet normal -0.000000000000e+00 0.000000000000e+00 -1.000000000000e+00
   outer loop
     vertex -1.708750100000e+01 -3.347554933202e+00 0.000000000000e+00
     vertex -1.718587672106e+01 -3.423041278936e+00 0.000000000000e+00
     vertex -2.225000000000e+01 -1.008917000000e+00 0.000000000000e+00
   endloop
 endfacet
 facet normal 0.000000000000e+00 -0.000000000000e+00 -1.000000000000e+00
   outer loop
     vertex -1.643863893320e+01 -3.996417000000e+00 0.000000000000e+00
     vertex -8.850000000000e+00 -1.740891700000e+01 0.000000000000e+00
     vertex -1.731624871913e+01 -5.497572477019e+00 0.000000000000e+00
   endloop
 endfacet
 facet normal 0.000000000000e+00 0.000000000000e+00 -1.000000000000e+00
   outer loop
     vertex -1.643863893320e+01 -3.996417000000e+00 0.000000000000e+00
     vertex -8.694708572938e+00 -1.742936150423e+01 0.000000000000e+00
     vertex -8.850000000000e+00 -1.740891700000e+01 0.000000000000e+00
   endloop
 endfacet
 facet normal 0.000000000000e+00 0.000000000000e+00 -1.000000000000e+00
   outer loop
     vertex -1.643863893320e+01 -3.996417000000e+00 0.000000000000e+00
     vertex -1.731624871913e+01 -5.497572477019e+00 0.000000000000e+00
     vertex -1.651412527894e+01 -4.094792721064e+00 0.000000000000e+00
   endloop
 endfacet
 facet normal 0.000000000000e+00 0.000000000000e+00 -1.000000000000e+00
   outer loop
     vertex -1.639118623251e+01 -3.881856046424e+00 0.000000000000e+00
     vertex -8.550000000000e+00 -1.748930175773e+01 0.000000000000e+00
     vertex -8.694708572938e+00 -1.742936150423e+01 0.000000000000e+00
   endloop
 endfacet
 facet normal 0.000000000000e+00 -0.000000000000e+00 -1.000000000000e+00
   outer loop
     vertex -1.639118623251e+01 -3.881856046424e+00 0.000000000000e+00
     vertex -8.694708572938e+00 -1.742936150423e+01 0.000000000000e+00
     vertex -1.643863893320e+01 -3.996417000000e+00 0.000000000000e+00
   endloop
 endfacet
 facet normal 0.000000000000e+00 -0.000000000000e+00 -1.000000000000e+00
   outer loop
     vertex -1.637500100000e+01 -3.758917000000e+00 0.000000000000e+00
     vertex -8.550000000000e+00 -1.748930175773e+01 0.000000000000e+00
     vertex -1.639118623251e+01 -3.881856046424e+00 0.000000000000e+00
   endloop
 endfacet
 facet normal 0.000000000000e+00 -0.000000000000e+00 -1.000000000000e+00
   outer loop
     vertex -1.915574184228e+01 4.249059996540e+00 0.000000000000e+00
     vertex -1.911577462203e+01 4.203946330828e+00 0.000000000000e+00
     vertex -2.116065794288e+01 3.763804380368e+00 0.000000000000e+00
   endloop
 endfacet
 facet normal -0.000000000000e+00 0.000000000000e+00 -1.000000000000e+00
   outer loop
     vertex -1.906617236969e+01 4.169708368114e+00 0.000000000000e+00
     vertex -2.116065794288e+01 3.763804380368e+00 0.000000000000e+00
     vertex -1.911577462203e+01 4.203946330828e+00 0.000000000000e+00
   endloop
 endfacet
 facet normal 0.000000000000e+00 -0.000000000000e+00 -1.000000000000e+00
   outer loop
     vertex -1.918375128087e+01 4.302427522981e+00 0.000000000000e+00
     vertex -1.915574184228e+01 4.249059996540e+00 0.000000000000e+00
     vertex -2.116065794288e+01 3.763804380368e+00 0.000000000000e+00
   endloop
 endfacet
 facet normal -0.000000000000e+00 0.000000000000e+00 -1.000000000000e+00
   outer loop
     vertex -1.900981778786e+01 4.148335894342e+00 0.000000000000e+00
     vertex -2.116065794288e+01 3.763804380368e+00 0.000000000000e+00
     vertex -1.906617236969e+01 4.169708368114e+00 0.000000000000e+00
   endloop
 endfacet
 facet normal 0.000000000000e+00 0.000000000000e+00 -1.000000000000e+00
   outer loop
     vertex -1.900981778786e+01 4.148335894342e+00 0.000000000000e+00
     vertex -2.197420728967e+01 1.438813386203e+00 0.000000000000e+00
     vertex -2.116065794288e+01 3.763804380368e+00 0.000000000000e+00
   endloop
 endfacet
 facet normal 0.000000000000e+00 -0.000000000000e+00 -1.000000000000e+00
   outer loop
     vertex -1.919817513103e+01 4.360947383496e+00 0.000000000000e+00
     vertex -1.918375128087e+01 4.302427522981e+00 0.000000000000e+00
     vertex -2.116065794288e+01 3.763804380368e+00 0.000000000000e+00
   endloop
 endfacet
 facet normal 0.000000000000e+00 0.000000000000e+00 -1.000000000000e+00
   outer loop
     vertex -1.718587672106e+01 2.405207278936e+00 0.000000000000e+00
     vertex -2.225000000000e+01 -1.008917000000e+00 0.000000000000e+00
     vertex -2.197420728967e+01 1.438813386203e+00 0.000000000000e+00
   endloop
 endfacet
 facet normal 0.000000000000e+00 -0.000000000000e+00 -1.000000000000e+00
   outer loop
     vertex -1.919817513103e+01 4.421218616504e+00 0.000000000000e+00
     vertex -1.919817513103e+01 4.360947383496e+00 0.000000000000e+00
     vertex -2.116065794288e+01 3.763804380368e+00 0.000000000000e+00
   endloop
 endfacet
 facet normal 0.000000000000e+00 0.000000000000e+00 -1.000000000000e+00
   outer loop
     vertex -1.708750100000e+01 2.329720933202e+00 0.000000000000e+00
     vertex -1.697294004642e+01 -3.300102232513e+00 0.000000000000e+00
     vertex -1.708750100000e+01 -3.347554933202e+00 0.000000000000e+00
   endloop
 endfacet
 facet normal -0.000000000000e+00 0.000000000000e+00 -1.000000000000e+00
   outer loop
     vertex -1.708750100000e+01 2.329720933202e+00 0.000000000000e+00
     vertex -2.225000000000e+01 -1.008917000000e+00 0.000000000000e+00
     vertex -1.718587672106e+01 2.405207278936e+00 0.000000000000e+00
   endloop
 endfacet
 facet normal 0.000000000000e+00 -0.000000000000e+00 -1.000000000000e+00
   outer loop
     vertex -1.708750100000e+01 2.329720933202e+00 0.000000000000e+00
     vertex -1.708750100000e+01 -3.347554933202e+00 0.000000000000e+00
     vertex -2.225000000000e+01 -1.008917000000e+00 0.000000000000e+00
   endloop
 endfacet
 facet normal 0.000000000000e+00 -0.000000000000e+00 -1.000000000000e+00
   outer loop
     vertex -1.726136306680e+01 2.503583000000e+00 0.000000000000e+00
     vertex -1.718587672106e+01 2.405207278936e+00 0.000000000000e+00
     vertex -2.197420728967e+01 1.438813386203e+00 0.000000000000e+00
   endloop
 endfacet
 facet normal -0.000000000000e+00 -0.000000000000e+00 -1.000000000000e+00
   outer loop
     vertex -1.697294004642e+01 2.282268232513e+00 0.000000000000e+00
     vertex -1.697294004642e+01 -3.300102232513e+00 0.000000000000e+00
     vertex -1.708750100000e+01 2.329720933202e+00 0.000000000000e+00
   endloop
 endfacet
 facet normal -0.000000000000e+00 0.000000000000e+00 -1.000000000000e+00
   outer loop
     vertex -1.730881576749e+01 2.618143953576e+00 0.000000000000e+00
     vertex -2.197420728967e+01 1.438813386203e+00 0.000000000000e+00
     vertex -1.900981778786e+01 4.148335894342e+00 0.000000000000e+00
   endloop
 endfacet
 facet normal 0.000000000000e+00 -0.000000000000e+00 -1.000000000000e+00
   outer loop
     vertex -1.730881576749e+01 2.618143953576e+00 0.000000000000e+00
     vertex -1.726136306680e+01 2.503583000000e+00 0.000000000000e+00
     vertex -2.197420728967e+01 1.438813386203e+00 0.000000000000e+00
   endloop
 endfacet
 facet normal 0.000000000000e+00 0.000000000000e+00 -1.000000000000e+00
   outer loop
     vertex -1.730881576749e+01 2.618143953576e+00 0.000000000000e+00
     vertex -1.900981778786e+01 4.148335894342e+00 0.000000000000e+00
     vertex -1.894998600000e+01 4.141071000000e+00 0.000000000000e+00
   endloop
 endfacet
 facet normal -0.000000000000e+00 -0.000000000000e+00 -1.000000000000e+00
   outer loop
     vertex -1.732500100000e+01 2.741083000000e+00 0.000000000000e+00
     vertex -1.730881576749e+01 2.618143953576e+00 0.000000000000e+00
     vertex -1.894998600000e+01 4.141071000000e+00 0.000000000000e+00
   endloop
 endfacet
 facet normal 0.000000000000e+00 -0.000000000000e+00 -1.000000000000e+00
   outer loop
     vertex -1.685000100000e+01 2.266083000000e+00 0.000000000000e+00
     vertex -1.685000100000e+01 -3.283917000000e+00 0.000000000000e+00
     vertex -1.697294004642e+01 -3.300102232513e+00 0.000000000000e+00
   endloop
 endfacet
 facet normal -0.000000000000e+00 0.000000000000e+00 -1.000000000000e+00
   outer loop
     vertex -1.685000100000e+01 2.266083000000e+00 0.000000000000e+00
     vertex -1.697294004642e+01 -3.300102232513e+00 0.000000000000e+00
     vertex -1.697294004642e+01 2.282268232513e+00 0.000000000000e+00
   endloop
 endfacet
 facet normal 0.000000000000e+00 0.000000000000e+00 -1.000000000000e+00
   outer loop
     vertex -1.672706195358e+01 2.282268232513e+00 0.000000000000e+00
     vertex -1.672706195358e+01 -3.300102232513e+00 0.000000000000e+00
     vertex -1.685000100000e+01 -3.283917000000e+00 0.000000000000e+00
   endloop
 endfacet
 facet normal 0.000000000000e+00 -0.000000000000e+00 -1.000000000000e+00
   outer loop
     vertex -1.672706195358e+01 2.282268232513e+00 0.000000000000e+00
     vertex -1.661250100000e+01 -3.347554933202e+00 0.000000000000e+00
     vertex -1.672706195358e+01 -3.300102232513e+00 0.000000000000e+00
   endloop
 endfacet
 facet normal 0.000000000000e+00 0.000000000000e+00 -1.000000000000e+00
   outer loop
     vertex -1.672706195358e+01 2.282268232513e+00 0.000000000000e+00
     vertex -1.685000100000e+01 -3.283917000000e+00 0.000000000000e+00
     vertex -1.685000100000e+01 2.266083000000e+00 0.000000000000e+00
   endloop
 endfacet
 facet normal -0.000000000000e+00 0.000000000000e+00 -1.000000000000e+00
   outer loop
     vertex -1.730881576749e+01 2.864022046424e+00 0.000000000000e+00
     vertex -1.732500100000e+01 2.741083000000e+00 0.000000000000e+00
     vertex -1.894998600000e+01 4.141071000000e+00 0.000000000000e+00
   endloop
 endfacet
 facet normal 0.000000000000e+00 -0.000000000000e+00 -1.000000000000e+00
   outer loop
     vertex -1.661250100000e+01 2.329720933202e+00 0.000000000000e+00
     vertex -1.661250100000e+01 -3.347554933202e+00 0.000000000000e+00
     vertex -1.672706195358e+01 2.282268232513e+00 0.000000000000e+00
   endloop
 endfacet
 facet normal -0.000000000000e+00 0.000000000000e+00 -1.000000000000e+00
   outer loop
     vertex -1.726136306680e+01 2.978583000000e+00 0.000000000000e+00
     vertex -1.730881576749e+01 2.864022046424e+00 0.000000000000e+00
     vertex -1.894998600000e+01 4.141071000000e+00 0.000000000000e+00
   endloop
 endfacet
 facet normal 0.000000000000e+00 -0.000000000000e+00 -1.000000000000e+00
   outer loop
     vertex -1.651412527894e+01 2.405207278936e+00 0.000000000000e+00
     vertex -1.651412527894e+01 -3.423041278936e+00 0.000000000000e+00
     vertex -1.661250100000e+01 -3.347554933202e+00 0.000000000000e+00
   endloop
 endfacet
 facet normal 0.000000000000e+00 0.000000000000e+00 -1.000000000000e+00
   outer loop
     vertex -1.651412527894e+01 2.405207278936e+00 0.000000000000e+00
     vertex -1.661250100000e+01 -3.347554933202e+00 0.000000000000e+00
     vertex -1.661250100000e+01 2.329720933202e+00 0.000000000000e+00
   endloop
 endfacet
 facet normal 0.000000000000e+00 0.000000000000e+00 -1.000000000000e+00
   outer loop
     vertex 1.125000000000e+01 -2.530891700000e+01 0.000000000000e+00
     vertex -8.250000000000e+00 -1.800891700000e+01 0.000000000000e+00
     vertex -8.270444504227e+00 -1.785362557294e+01 0.000000000000e+00
   endloop
 endfacet
 facet normal 0.000000000000e+00 0.000000000000e+00 -1.000000000000e+00
   outer loop
     vertex 1.125000000000e+01 -2.530891700000e+01 0.000000000000e+00
     vertex -8.270444504227e+00 -1.816420842706e+01 0.000000000000e+00
     vertex -8.250000000000e+00 -1.800891700000e+01 0.000000000000e+00
   endloop
 endfacet
 facet normal 0.000000000000e+00 0.000000000000e+00 -1.000000000000e+00
   outer loop
     vertex 1.125000000000e+01 -2.530891700000e+01 0.000000000000e+00
     vertex -8.330384757729e+00 -1.830891700000e+01 0.000000000000e+00
     vertex -8.270444504227e+00 -1.816420842706e+01 0.000000000000e+00
   endloop
 endfacet
 facet normal 0.000000000000e+00 0.000000000000e+00 -1.000000000000e+00
   outer loop
     vertex 1.125000000000e+01 -2.530891700000e+01 0.000000000000e+00
     vertex -8.425735931288e+00 -1.843318106871e+01 0.000000000000e+00
     vertex -8.330384757729e+00 -1.830891700000e+01 0.000000000000e+00
   endloop
 endfacet
 facet normal 0.000000000000e+00 0.000000000000e+00 -1.000000000000e+00
   outer loop
     vertex 1.125000000000e+01 -2.530891700000e+01 0.000000000000e+00
     vertex -1.125000000000e+01 -2.530891700000e+01 0.000000000000e+00
     vertex -8.425735931288e+00 -1.843318106871e+01 0.000000000000e+00
   endloop
 endfacet
 facet normal 0.000000000000e+00 -0.000000000000e+00 -1.000000000000e+00
   outer loop
     vertex -1.985014673403e+01 5.849471188389e+00 0.000000000000e+00
     vertex -1.919817513103e+01 4.421218616504e+00 0.000000000000e+00
     vertex -2.116065794288e+01 3.763804380368e+00 0.000000000000e+00
   endloop
 endfacet
 facet normal 0.000000000000e+00 0.000000000000e+00 -1.000000000000e+00
   outer loop
     vertex -1.985014673403e+01 5.849471188389e+00 0.000000000000e+00
     vertex -1.918375128087e+01 4.479738477019e+00 0.000000000000e+00
     vertex -1.919817513103e+01 4.421218616504e+00 0.000000000000e+00
   endloop
 endfacet
 facet normal 0.000000000000e+00 0.000000000000e+00 -1.000000000000e+00
   outer loop
     vertex -1.985014673403e+01 5.849471188389e+00 0.000000000000e+00
     vertex -1.915574184228e+01 4.533106003460e+00 0.000000000000e+00
     vertex -1.918375128087e+01 4.479738477019e+00 0.000000000000e+00
   endloop
 endfacet
 facet normal 0.000000000000e+00 0.000000000000e+00 -1.000000000000e+00
   outer loop
     vertex -1.985014673403e+01 5.849471188389e+00 0.000000000000e+00
     vertex -1.911577462203e+01 4.578219669172e+00 0.000000000000e+00
     vertex -1.915574184228e+01 4.533106003460e+00 0.000000000000e+00
   endloop
 endfacet
 facet normal 0.000000000000e+00 0.000000000000e+00 -1.000000000000e+00
   outer loop
     vertex -1.985014673403e+01 5.849471188389e+00 0.000000000000e+00
     vertex -1.906617236969e+01 4.612457631886e+00 0.000000000000e+00
     vertex -1.911577462203e+01 4.578219669172e+00 0.000000000000e+00
   endloop
 endfacet
 facet normal 0.000000000000e+00 0.000000000000e+00 -1.000000000000e+00
   outer loop
     vertex -1.985014673403e+01 5.849471188389e+00 0.000000000000e+00
     vertex -1.900981778786e+01 4.633830105658e+00 0.000000000000e+00
     vertex -1.906617236969e+01 4.612457631886e+00 0.000000000000e+00
   endloop
 endfacet
 facet normal 0.000000000000e+00 0.000000000000e+00 -1.000000000000e+00
   outer loop
     vertex -1.985014673403e+01 5.849471188389e+00 0.000000000000e+00
     vertex -1.894998600000e+01 4.641095000000e+00 0.000000000000e+00
     vertex -1.900981778786e+01 4.633830105658e+00 0.000000000000e+00
   endloop
 endfacet
 facet normal 0.000000000000e+00 -0.000000000000e+00 -1.000000000000e+00
   outer loop
     vertex -1.643863893320e+01 2.503583000000e+00 0.000000000000e+00
     vertex -1.643863893320e+01 -3.521417000000e+00 0.000000000000e+00
     vertex -1.651412527894e+01 -3.423041278936e+00 0.000000000000e+00
   endloop
 endfacet
 facet normal 0.000000000000e+00 0.000000000000e+00 -1.000000000000e+00
   outer loop
     vertex -1.643863893320e+01 2.503583000000e+00 0.000000000000e+00
     vertex -1.651412527894e+01 -3.423041278936e+00 0.000000000000e+00
     vertex -1.651412527894e+01 2.405207278936e+00 0.000000000000e+00
   endloop
 endfacet
 facet normal 0.000000000000e+00 0.000000000000e+00 -1.000000000000e+00
   outer loop
     vertex -1.639118623251e+01 2.618143953576e+00 0.000000000000e+00
     vertex -1.639118623251e+01 -3.635977953576e+00 0.000000000000e+00
     vertex -1.643863893320e+01 -3.521417000000e+00 0.000000000000e+00
   endloop
 endfacet
 facet normal 0.000000000000e+00 0.000000000000e+00 -1.000000000000e+00
   outer loop
     vertex -1.639118623251e+01 2.618143953576e+00 0.000000000000e+00
     vertex -1.643863893320e+01 -3.521417000000e+00 0.000000000000e+00
     vertex -1.643863893320e+01 2.503583000000e+00 0.000000000000e+00
   endloop
 endfacet
 facet normal 0.000000000000e+00 0.000000000000e+00 -1.000000000000e+00
   outer loop
     vertex -1.755001400000e+01 4.141071000000e+00 0.000000000000e+00
     vertex -1.718587672106e+01 3.076958721064e+00 0.000000000000e+00
     vertex -1.726136306680e+01 2.978583000000e+00 0.000000000000e+00
   endloop
 endfacet
 facet normal 0.000000000000e+00 0.000000000000e+00 -1.000000000000e+00
   outer loop
     vertex -1.755001400000e+01 4.141071000000e+00 0.000000000000e+00
     vertex -1.708750100000e+01 3.152445066798e+00 0.000000000000e+00
     vertex -1.718587672106e+01 3.076958721064e+00 0.000000000000e+00
   endloop
 endfacet
 facet normal -0.000000000000e+00 -0.000000000000e+00 -1.000000000000e+00
   outer loop
     vertex -1.755001400000e+01 4.141071000000e+00 0.000000000000e+00
     vertex -1.726136306680e+01 2.978583000000e+00 0.000000000000e+00
     vertex -1.894998600000e+01 4.141071000000e+00 0.000000000000e+00
   endloop
 endfacet
 facet normal 0.000000000000e+00 -0.000000000000e+00 -1.000000000000e+00
   outer loop
     vertex -1.749018221214e+01 4.148335894342e+00 0.000000000000e+00
     vertex -1.708750100000e+01 3.152445066798e+00 0.000000000000e+00
     vertex -1.755001400000e+01 4.141071000000e+00 0.000000000000e+00
   endloop
 endfacet
 facet normal 0.000000000000e+00 0.000000000000e+00 -1.000000000000e+00
   outer loop
     vertex -1.743382763031e+01 4.169708368114e+00 0.000000000000e+00
     vertex -1.697294004642e+01 3.199897767487e+00 0.000000000000e+00
     vertex -1.708750100000e+01 3.152445066798e+00 0.000000000000e+00
   endloop
 endfacet
 facet normal 0.000000000000e+00 -0.000000000000e+00 -1.000000000000e+00
   outer loop
     vertex -1.743382763031e+01 4.169708368114e+00 0.000000000000e+00
     vertex -1.708750100000e+01 3.152445066798e+00 0.000000000000e+00
     vertex -1.749018221214e+01 4.148335894342e+00 0.000000000000e+00
   endloop
 endfacet
 facet normal 0.000000000000e+00 0.000000000000e+00 -1.000000000000e+00
   outer loop
     vertex -1.738422537797e+01 4.203946330828e+00 0.000000000000e+00
     vertex -1.685000100000e+01 3.216083000000e+00 0.000000000000e+00
     vertex -1.697294004642e+01 3.199897767487e+00 0.000000000000e+00
   endloop
 endfacet
 facet normal 0.000000000000e+00 -0.000000000000e+00 -1.000000000000e+00
   outer loop
     vertex -1.738422537797e+01 4.203946330828e+00 0.000000000000e+00
     vertex -1.697294004642e+01 3.199897767487e+00 0.000000000000e+00
     vertex -1.743382763031e+01 4.169708368114e+00 0.000000000000e+00
   endloop
 endfacet
 facet normal 0.000000000000e+00 0.000000000000e+00 -1.000000000000e+00
   outer loop
     vertex -1.734425815772e+01 4.249059996540e+00 0.000000000000e+00
     vertex -1.672706195358e+01 3.199897767487e+00 0.000000000000e+00
     vertex -1.685000100000e+01 3.216083000000e+00 0.000000000000e+00
   endloop
 endfacet
 facet normal 0.000000000000e+00 -0.000000000000e+00 -1.000000000000e+00
   outer loop
     vertex -1.734425815772e+01 4.249059996540e+00 0.000000000000e+00
     vertex -1.685000100000e+01 3.216083000000e+00 0.000000000000e+00
     vertex -1.738422537797e+01 4.203946330828e+00 0.000000000000e+00
   endloop
 endfacet
 facet normal 0.000000000000e+00 -0.000000000000e+00 -1.000000000000e+00
   outer loop
     vertex -1.731624871913e+01 4.302427522981e+00 0.000000000000e+00
     vertex -1.672706195358e+01 3.199897767487e+00 0.000000000000e+00
     vertex -1.734425815772e+01 4.249059996540e+00 0.000000000000e+00
   endloop
 endfacet
 facet normal 0.000000000000e+00 0.000000000000e+00 -1.000000000000e+00
   outer loop
     vertex -1.730182486897e+01 4.360947383496e+00 0.000000000000e+00
     vertex -1.661250100000e+01 3.152445066798e+00 0.000000000000e+00
     vertex -1.672706195358e+01 3.199897767487e+00 0.000000000000e+00
   endloop
 endfacet
 facet normal 0.000000000000e+00 -0.000000000000e+00 -1.000000000000e+00
   outer loop
     vertex -1.730182486897e+01 4.360947383496e+00 0.000000000000e+00
     vertex -1.672706195358e+01 3.199897767487e+00 0.000000000000e+00
     vertex -1.731624871913e+01 4.302427522981e+00 0.000000000000e+00
   endloop
 endfacet
 facet normal 0.000000000000e+00 0.000000000000e+00 -1.000000000000e+00
   outer loop
     vertex -1.730182486897e+01 4.421218616504e+00 0.000000000000e+00
     vertex -1.661250100000e+01 3.152445066798e+00 0.000000000000e+00
     vertex -1.730182486897e+01 4.360947383496e+00 0.000000000000e+00
   endloop
 endfacet
 facet normal 0.000000000000e+00 0.000000000000e+00 -1.000000000000e+00
   outer loop
     vertex -1.730182486897e+01 4.421218616504e+00 0.000000000000e+00
     vertex -1.651412527894e+01 3.076958721064e+00 0.000000000000e+00
     vertex -1.661250100000e+01 3.152445066798e+00 0.000000000000e+00
   endloop
 endfacet
 facet normal 0.000000000000e+00 0.000000000000e+00 -1.000000000000e+00
   outer loop
     vertex -1.731624871913e+01 4.479738477019e+00 0.000000000000e+00
     vertex -1.651412527894e+01 3.076958721064e+00 0.000000000000e+00
     vertex -1.730182486897e+01 4.421218616504e+00 0.000000000000e+00
   endloop
 endfacet
 facet normal 0.000000000000e+00 0.000000000000e+00 -1.000000000000e+00
   outer loop
     vertex -1.810838818839e+01 7.591229734028e+00 0.000000000000e+00
     vertex -1.749018221214e+01 4.633830105658e+00 0.000000000000e+00
     vertex -1.755001400000e+01 4.641095000000e+00 0.000000000000e+00
   endloop
 endfacet
 facet normal 0.000000000000e+00 0.000000000000e+00 -1.000000000000e+00
   outer loop
     vertex -1.810838818839e+01 7.591229734028e+00 0.000000000000e+00
     vertex -1.743382763031e+01 4.612457631886e+00 0.000000000000e+00
     vertex -1.749018221214e+01 4.633830105658e+00 0.000000000000e+00
   endloop
 endfacet
 facet normal 0.000000000000e+00 0.000000000000e+00 -1.000000000000e+00
   outer loop
     vertex -1.810838818839e+01 7.591229734028e+00 0.000000000000e+00
     vertex -1.738422537797e+01 4.578219669172e+00 0.000000000000e+00
     vertex -1.743382763031e+01 4.612457631886e+00 0.000000000000e+00
   endloop
 endfacet
 facet normal 0.000000000000e+00 0.000000000000e+00 -1.000000000000e+00
   outer loop
     vertex -1.810838818839e+01 7.591229734028e+00 0.000000000000e+00
     vertex -1.894998600000e+01 4.641095000000e+00 0.000000000000e+00
     vertex -1.985014673403e+01 5.849471188389e+00 0.000000000000e+00
   endloop
 endfacet
 facet normal 0.000000000000e+00 -0.000000000000e+00 -1.000000000000e+00
   outer loop
     vertex -1.810838818839e+01 7.591229734028e+00 0.000000000000e+00
     vertex -1.755001400000e+01 4.641095000000e+00 0.000000000000e+00
     vertex -1.894998600000e+01 4.641095000000e+00 0.000000000000e+00
   endloop
 endfacet
 facet normal 0.000000000000e+00 0.000000000000e+00 -1.000000000000e+00
   outer loop
     vertex -1.602272138037e+01 8.901740942882e+00 0.000000000000e+00
     vertex -1.734425815772e+01 4.533106003460e+00 0.000000000000e+00
     vertex -1.738422537797e+01 4.578219669172e+00 0.000000000000e+00
   endloop
 endfacet
 facet normal 0.000000000000e+00 0.000000000000e+00 -1.000000000000e+00
   outer loop
     vertex -1.602272138037e+01 8.901740942882e+00 0.000000000000e+00
     vertex -1.731624871913e+01 4.479738477019e+00 0.000000000000e+00
     vertex -1.734425815772e+01 4.533106003460e+00 0.000000000000e+00
   endloop
 endfacet
 facet normal 0.000000000000e+00 0.000000000000e+00 -1.000000000000e+00
   outer loop
     vertex -1.602272138037e+01 8.901740942882e+00 0.000000000000e+00
     vertex -1.738422537797e+01 4.578219669172e+00 0.000000000000e+00
     vertex -1.810838818839e+01 7.591229734028e+00 0.000000000000e+00
   endloop
 endfacet
 facet normal 0.000000000000e+00 0.000000000000e+00 -1.000000000000e+00
   outer loop
     vertex 1.810838818839e+01 -2.290906373403e+01 0.000000000000e+00
     vertex 1.602272138037e+01 -2.421957494288e+01 0.000000000000e+00
     vertex 1.369773038620e+01 -2.503312428967e+01 0.000000000000e+00
   endloop
 endfacet
 facet normal 0.000000000000e+00 0.000000000000e+00 -1.000000000000e+00
   outer loop
     vertex 1.810838818839e+01 -2.290906373403e+01 0.000000000000e+00
     vertex 1.369773038620e+01 -2.503312428967e+01 0.000000000000e+00
     vertex 1.125000000000e+01 -2.530891700000e+01 0.000000000000e+00
   endloop
 endfacet
 facet normal 0.000000000000e+00 0.000000000000e+00 -1.000000000000e+00
   outer loop
     vertex -1.369773038620e+01 9.715290289673e+00 0.000000000000e+00
     vertex -1.651412527894e+01 3.076958721064e+00 0.000000000000e+00
     vertex -1.731624871913e+01 4.479738477019e+00 0.000000000000e+00
   endloop
 endfacet
 facet normal 0.000000000000e+00 0.000000000000e+00 -1.000000000000e+00
   outer loop
     vertex -1.369773038620e+01 9.715290289673e+00 0.000000000000e+00
     vertex -1.643863893320e+01 2.978583000000e+00 0.000000000000e+00
     vertex -1.651412527894e+01 3.076958721064e+00 0.000000000000e+00
   endloop
 endfacet
 facet normal 0.000000000000e+00 0.000000000000e+00 -1.000000000000e+00
   outer loop
     vertex -1.369773038620e+01 9.715290289673e+00 0.000000000000e+00
     vertex -1.731624871913e+01 4.479738477019e+00 0.000000000000e+00
     vertex -1.602272138037e+01 8.901740942882e+00 0.000000000000e+00
   endloop
 endfacet
 facet normal 0.000000000000e+00 0.000000000000e+00 -1.000000000000e+00
   outer loop
     vertex -1.125000000000e+01 9.991083000000e+00 0.000000000000e+00
     vertex -1.639118623251e+01 2.864022046424e+00 0.000000000000e+00
     vertex -1.643863893320e+01 2.978583000000e+00 0.000000000000e+00
   endloop
 endfacet
 facet normal 0.000000000000e+00 0.000000000000e+00 -1.000000000000e+00
   outer loop
     vertex -1.125000000000e+01 9.991083000000e+00 0.000000000000e+00
     vertex -1.637500100000e+01 2.741083000000e+00 0.000000000000e+00
     vertex -1.639118623251e+01 2.864022046424e+00 0.000000000000e+00
   endloop
 endfacet
 facet normal 0.000000000000e+00 0.000000000000e+00 -1.000000000000e+00
   outer loop
     vertex -1.125000000000e+01 9.991083000000e+00 0.000000000000e+00
     vertex -1.643863893320e+01 2.978583000000e+00 0.000000000000e+00
     vertex -1.369773038620e+01 9.715290289673e+00 0.000000000000e+00
   endloop
 endfacet
 facet normal 0.000000000000e+00 0.000000000000e+00 -1.000000000000e+00
   outer loop
     vertex 2.116065794288e+01 -1.908163838037e+01 0.000000000000e+00
     vertex 1.810838818839e+01 -2.290906373403e+01 0.000000000000e+00
     vertex 1.125000000000e+01 -2.530891700000e+01 0.000000000000e+00
   endloop
 endfacet
 facet normal 0.000000000000e+00 0.000000000000e+00 -1.000000000000e+00
   outer loop
     vertex 2.116065794288e+01 -1.908163838037e+01 0.000000000000e+00
     vertex 1.985014673403e+01 -2.116730518839e+01 0.000000000000e+00
     vertex 1.810838818839e+01 -2.290906373403e+01 0.000000000000e+00
   endloop
 endfacet
 facet normal -0.000000000000e+00 0.000000000000e+00 -1.000000000000e+00
   outer loop
     vertex -4.650000000000e+00 9.991083000000e+00 0.000000000000e+00
     vertex -1.637500100000e+01 2.741083000000e+00 0.000000000000e+00
     vertex -1.125000000000e+01 9.991083000000e+00 0.000000000000e+00
   endloop
 endfacet
 facet normal 0.000000000000e+00 0.000000000000e+00 -1.000000000000e+00
   outer loop
     vertex -4.650000000000e+00 9.991083000000e+00 0.000000000000e+00
     vertex -1.639118623251e+01 2.618143953576e+00 0.000000000000e+00
     vertex -1.637500100000e+01 2.741083000000e+00 0.000000000000e+00
   endloop
 endfacet
 facet normal 0.000000000000e+00 0.000000000000e+00 -1.000000000000e+00
   outer loop
     vertex -4.650000000000e+00 9.991083000000e+00 0.000000000000e+00
     vertex -1.639118623251e+01 -3.635977953576e+00 0.000000000000e+00
     vertex -1.639118623251e+01 2.618143953576e+00 0.000000000000e+00
   endloop
 endfacet
 facet normal 0.000000000000e+00 0.000000000000e+00 -1.000000000000e+00
   outer loop
     vertex -4.628097000000e+00 9.991118000000e+00 0.000000000000e+00
     vertex -1.637500100000e+01 -3.758917000000e+00 0.000000000000e+00
     vertex -1.639118623251e+01 -3.635977953576e+00 0.000000000000e+00
   endloop
 endfacet
 facet normal 0.000000000000e+00 0.000000000000e+00 -1.000000000000e+00
   outer loop
     vertex -4.628097000000e+00 9.991118000000e+00 0.000000000000e+00
     vertex -1.639118623251e+01 -3.635977953576e+00 0.000000000000e+00
     vertex -4.650000000000e+00 9.991083000000e+00 0.000000000000e+00
   endloop
 endfacet
 facet normal 0.000000000000e+00 0.000000000000e+00 -1.000000000000e+00
   outer loop
     vertex -4.283395000000e+00 1.000161400000e+01 0.000000000000e+00
     vertex -1.637500100000e+01 -3.758917000000e+00 0.000000000000e+00
     vertex -4.628097000000e+00 9.991118000000e+00 0.000000000000e+00
   endloop
 endfacet
 facet normal 0.000000000000e+00 0.000000000000e+00 -1.000000000000e+00
   outer loop
     vertex -3.969001000000e+00 1.002992100000e+01 0.000000000000e+00
     vertex -1.637500100000e+01 -3.758917000000e+00 0.000000000000e+00
     vertex -4.283395000000e+00 1.000161400000e+01 0.000000000000e+00
   endloop
 endfacet
 facet normal 0.000000000000e+00 0.000000000000e+00 -1.000000000000e+00
   outer loop
     vertex 2.225000000000e+01 -1.430891700000e+01 0.000000000000e+00
     vertex 2.116065794288e+01 -1.908163838037e+01 0.000000000000e+00
     vertex 1.125000000000e+01 -2.530891700000e+01 0.000000000000e+00
   endloop
 endfacet
 facet normal 0.000000000000e+00 0.000000000000e+00 -1.000000000000e+00
   outer loop
     vertex 2.225000000000e+01 -1.430891700000e+01 0.000000000000e+00
     vertex 2.197420728967e+01 -1.675664738620e+01 0.000000000000e+00
     vertex 2.116065794288e+01 -1.908163838037e+01 0.000000000000e+00
   endloop
 endfacet
 facet normal 0.000000000000e+00 0.000000000000e+00 -1.000000000000e+00
   outer loop
     vertex 1.441715728753e+01 -1.431759712475e+00 0.000000000000e+00
     vertex -8.270444504227e+00 -1.785362557294e+01 0.000000000000e+00
     vertex -8.330384757729e+00 -1.770891700000e+01 0.000000000000e+00
   endloop
 endfacet
 facet normal 0.000000000000e+00 0.000000000000e+00 -1.000000000000e+00
   outer loop
     vertex 1.441715728753e+01 -1.431759712475e+00 0.000000000000e+00
     vertex 1.125000000000e+01 -2.530891700000e+01 0.000000000000e+00
     vertex -8.270444504227e+00 -1.785362557294e+01 0.000000000000e+00
   endloop
 endfacet
 facet normal -0.000000000000e+00 0.000000000000e+00 -1.000000000000e+00
   outer loop
     vertex 1.450000000000e+01 -1.495327161514e+00 0.000000000000e+00
     vertex 1.125000000000e+01 -2.530891700000e+01 0.000000000000e+00
     vertex 1.441715728753e+01 -1.431759712475e+00 0.000000000000e+00
   endloop
 endfacet
 facet normal 0.000000000000e+00 -0.000000000000e+00 -1.000000000000e+00
   outer loop
     vertex 1.435358983849e+01 -1.348917000000e+00 0.000000000000e+00
     vertex 1.441715728753e+01 -1.431759712475e+00 0.000000000000e+00
     vertex -8.330384757729e+00 -1.770891700000e+01 0.000000000000e+00
   endloop
 endfacet
 facet normal 0.000000000000e+00 0.000000000000e+00 -1.000000000000e+00
   outer loop
     vertex 1.435358983849e+01 -1.348917000000e+00 0.000000000000e+00
     vertex -8.330384757729e+00 -1.770891700000e+01 0.000000000000e+00
     vertex -8.425735931288e+00 -1.758465293129e+01 0.000000000000e+00
   endloop
 endfacet
 facet normal 0.000000000000e+00 -0.000000000000e+00 -1.000000000000e+00
   outer loop
     vertex 1.431362966948e+01 -1.252444618041e+00 0.000000000000e+00
     vertex 1.435358983849e+01 -1.348917000000e+00 0.000000000000e+00
     vertex -8.425735931288e+00 -1.758465293129e+01 0.000000000000e+00
   endloop
 endfacet
 facet normal -0.000000000000e+00 0.000000000000e+00 -1.000000000000e+00
   outer loop
     vertex 1.459647238196e+01 -1.535287330516e+00 0.000000000000e+00
     vertex 1.125000000000e+01 -2.530891700000e+01 0.000000000000e+00
     vertex 1.450000000000e+01 -1.495327161514e+00 0.000000000000e+00
   endloop
 endfacet
 facet normal 0.000000000000e+00 -0.000000000000e+00 -1.000000000000e+00
   outer loop
     vertex 1.459647238196e+01 -1.535287330516e+00 0.000000000000e+00
     vertex 2.225000000000e+01 -1.430891700000e+01 0.000000000000e+00
     vertex 1.125000000000e+01 -2.530891700000e+01 0.000000000000e+00
   endloop
 endfacet
 facet normal 0.000000000000e+00 0.000000000000e+00 -1.000000000000e+00
   outer loop
     vertex 6.137267105405e+00 7.341686819290e+00 0.000000000000e+00
     vertex -3.217968000000e+00 1.020206000000e+01 0.000000000000e+00
     vertex -3.022457000000e+00 1.028392100000e+01 0.000000000000e+00
   endloop
 endfacet
 facet normal 0.000000000000e+00 0.000000000000e+00 -1.000000000000e+00
   outer loop
     vertex 6.137267105405e+00 7.341686819290e+00 0.000000000000e+00
     vertex -3.438423000000e+00 1.013193400000e+01 0.000000000000e+00
     vertex -3.217968000000e+00 1.020206000000e+01 0.000000000000e+00
   endloop
 endfacet
 facet normal -0.000000000000e+00 0.000000000000e+00 -1.000000000000e+00
   outer loop
     vertex 6.200603819290e+00 7.278350105405e+00 0.000000000000e+00
     vertex -1.637500100000e+01 -3.758917000000e+00 0.000000000000e+00
     vertex -3.969001000000e+00 1.002992100000e+01 0.000000000000e+00
   endloop
 endfacet
 facet normal 0.000000000000e+00 0.000000000000e+00 -1.000000000000e+00
   outer loop
     vertex 6.200603819290e+00 7.278350105405e+00 0.000000000000e+00
     vertex -3.438423000000e+00 1.013193400000e+01 0.000000000000e+00
     vertex 6.137267105405e+00 7.341686819290e+00 0.000000000000e+00
   endloop
 endfacet
 facet normal 0.000000000000e+00 0.000000000000e+00 -1.000000000000e+00
   outer loop
     vertex 6.200603819290e+00 7.278350105405e+00 0.000000000000e+00
     vertex -3.969001000000e+00 1.002992100000e+01 0.000000000000e+00
     vertex -3.438423000000e+00 1.013193400000e+01 0.000000000000e+00
   endloop
 endfacet
 facet normal 0.000000000000e+00 0.000000000000e+00 -1.000000000000e+00
   outer loop
     vertex 6.200603819290e+00 7.278350105405e+00 0.000000000000e+00
     vertex -8.550000000000e+00 -1.748930175773e+01 0.000000000000e+00
     vertex -1.637500100000e+01 -3.758917000000e+00 0.000000000000e+00
   endloop
 endfacet
 facet normal 0.000000000000e+00 0.000000000000e+00 -1.000000000000e+00
   outer loop
     vertex 6.089612173081e+00 7.417529327665e+00 0.000000000000e+00
     vertex -3.022457000000e+00 1.028392100000e+01 0.000000000000e+00
     vertex -2.853563000000e+00 1.037493400000e+01 0.000000000000e+00
   endloop
 endfacet
 facet normal -0.000000000000e+00 -0.000000000000e+00 -1.000000000000e+00
   outer loop
     vertex 6.089612173081e+00 7.417529327665e+00 0.000000000000e+00
     vertex 6.137267105405e+00 7.341686819290e+00 0.000000000000e+00
     vertex -3.022457000000e+00 1.028392100000e+01 0.000000000000e+00
   endloop
 endfacet
 facet normal 0.000000000000e+00 -0.000000000000e+00 -1.000000000000e+00
   outer loop
     vertex 6.276446327665e+00 7.230695173081e+00 0.000000000000e+00
     vertex 1.431362966948e+01 -1.252444618041e+00 0.000000000000e+00
     vertex -8.425735931288e+00 -1.758465293129e+01 0.000000000000e+00
   endloop
 endfacet
 facet normal 0.000000000000e+00 0.000000000000e+00 -1.000000000000e+00
   outer loop
     vertex 6.276446327665e+00 7.230695173081e+00 0.000000000000e+00
     vertex -8.425735931288e+00 -1.758465293129e+01 0.000000000000e+00
     vertex -8.550000000000e+00 -1.748930175773e+01 0.000000000000e+00
   endloop
 endfacet
 facet normal -0.000000000000e+00 0.000000000000e+00 -1.000000000000e+00
   outer loop
     vertex 6.276446327665e+00 7.230695173081e+00 0.000000000000e+00
     vertex -8.550000000000e+00 -1.748930175773e+01 0.000000000000e+00
     vertex 6.200603819290e+00 7.278350105405e+00 0.000000000000e+00
   endloop
 endfacet
 facet normal -0.000000000000e+00 -0.000000000000e+00 -1.000000000000e+00
   outer loop
     vertex 6.360991546802e+00 7.201111654484e+00 0.000000000000e+00
     vertex 1.431362966948e+01 -1.252444618041e+00 0.000000000000e+00
     vertex 6.276446327665e+00 7.230695173081e+00 0.000000000000e+00
   endloop
 endfacet
 facet normal 0.000000000000e+00 0.000000000000e+00 -1.000000000000e+00
   outer loop
     vertex 6.360991546802e+00 7.201111654484e+00 0.000000000000e+00
     vertex 1.430000000000e+01 -1.148917000000e+00 0.000000000000e+00
     vertex 1.431362966948e+01 -1.252444618041e+00 0.000000000000e+00
   endloop
 endfacet
 facet normal -0.000000000000e+00 -0.000000000000e+00 -1.000000000000e+00
   outer loop
     vertex 6.060028654484e+00 7.502074546802e+00 0.000000000000e+00
     vertex 6.089612173081e+00 7.417529327665e+00 0.000000000000e+00
     vertex -2.853563000000e+00 1.037493400000e+01 0.000000000000e+00
   endloop
 endfacet
 facet normal 0.000000000000e+00 0.000000000000e+00 -1.000000000000e+00
   outer loop
     vertex 6.060028654484e+00 7.502074546802e+00 0.000000000000e+00
     vertex -2.853563000000e+00 1.037493400000e+01 0.000000000000e+00
     vertex -2.707512000000e+00 1.047515600000e+01 0.000000000000e+00
   endloop
 endfacet
 facet normal -0.000000000000e+00 -0.000000000000e+00 -1.000000000000e+00
   outer loop
     vertex 6.450000000000e+00 7.191083000000e+00 0.000000000000e+00
     vertex 1.430000000000e+01 -1.148917000000e+00 0.000000000000e+00
     vertex 6.360991546802e+00 7.201111654484e+00 0.000000000000e+00
   endloop
 endfacet
 facet normal 0.000000000000e+00 0.000000000000e+00 -1.000000000000e+00
   outer loop
     vertex 6.450000000000e+00 7.191083000000e+00 0.000000000000e+00
     vertex 1.431362966948e+01 -1.045389381959e+00 0.000000000000e+00
     vertex 1.430000000000e+01 -1.148917000000e+00 0.000000000000e+00
   endloop
 endfacet
 facet normal 0.000000000000e+00 0.000000000000e+00 -1.000000000000e+00
   outer loop
     vertex 6.450000000000e+00 7.191083000000e+00 0.000000000000e+00
     vertex 1.435358983849e+01 -9.489170000000e-01 0.000000000000e+00
     vertex 1.431362966948e+01 -1.045389381959e+00 0.000000000000e+00
   endloop
 endfacet
 facet normal 0.000000000000e+00 0.000000000000e+00 -1.000000000000e+00
   outer loop
     vertex 6.450000000000e+00 7.191083000000e+00 0.000000000000e+00
     vertex 1.441715728753e+01 -8.660742875254e-01 0.000000000000e+00
     vertex 1.435358983849e+01 -9.489170000000e-01 0.000000000000e+00
   endloop
 endfacet
 facet normal 0.000000000000e+00 0.000000000000e+00 -1.000000000000e+00
   outer loop
     vertex 4.336112000000e+00 1.027459800000e+01 0.000000000000e+00
     vertex -2.707512000000e+00 1.047515600000e+01 0.000000000000e+00
     vertex -2.583930000000e+00 1.058320500000e+01 0.000000000000e+00
   endloop
 endfacet
 facet normal -0.000000000000e+00 -0.000000000000e+00 -1.000000000000e+00
   outer loop
     vertex 4.336112000000e+00 1.027459800000e+01 0.000000000000e+00
     vertex 6.060028654484e+00 7.502074546802e+00 0.000000000000e+00
     vertex -2.707512000000e+00 1.047515600000e+01 0.000000000000e+00
   endloop
 endfacet
 facet normal -0.000000000000e+00 -0.000000000000e+00 -1.000000000000e+00
   outer loop
     vertex 1.813789245777e+01 -3.521015458336e+00 0.000000000000e+00
     vertex 2.225000000000e+01 -1.430891700000e+01 0.000000000000e+00
     vertex 1.459647238196e+01 -1.535287330516e+00 0.000000000000e+00
   endloop
 endfacet
 facet normal 0.000000000000e+00 0.000000000000e+00 -1.000000000000e+00
   outer loop
     vertex 1.813789245777e+01 -3.521015458336e+00 0.000000000000e+00
     vertex 1.459647238196e+01 -1.535287330516e+00 0.000000000000e+00
     vertex 1.470000000000e+01 -1.548917000000e+00 0.000000000000e+00
   endloop
 endfacet
 facet normal 0.000000000000e+00 0.000000000000e+00 -1.000000000000e+00
   outer loop
     vertex 4.236269000000e+00 1.038854600000e+01 0.000000000000e+00
     vertex -2.583930000000e+00 1.058320500000e+01 0.000000000000e+00
     vertex -2.481727000000e+00 1.069826500000e+01 0.000000000000e+00
   endloop
 endfacet
 facet normal -0.000000000000e+00 -0.000000000000e+00 -1.000000000000e+00
   outer loop
     vertex 4.236269000000e+00 1.038854600000e+01 0.000000000000e+00
     vertex 4.336112000000e+00 1.027459800000e+01 0.000000000000e+00
     vertex -2.583930000000e+00 1.058320500000e+01 0.000000000000e+00
   endloop
 endfacet
 facet normal -0.000000000000e+00 -0.000000000000e+00 -1.000000000000e+00
   outer loop
     vertex 4.444197000000e+00 1.018260400000e+01 0.000000000000e+00
     vertex 6.060028654484e+00 7.502074546802e+00 0.000000000000e+00
     vertex 4.336112000000e+00 1.027459800000e+01 0.000000000000e+00
   endloop
 endfacet
 facet normal 0.000000000000e+00 0.000000000000e+00 -1.000000000000e+00
   outer loop
     vertex 4.444197000000e+00 1.018260400000e+01 0.000000000000e+00
     vertex 6.050000000000e+00 7.591083000000e+00 0.000000000000e+00
     vertex 6.060028654484e+00 7.502074546802e+00 0.000000000000e+00
   endloop
 endfacet
 facet normal -0.000000000000e+00 -0.000000000000e+00 -1.000000000000e+00
   outer loop
     vertex 1.809021211454e+01 -3.458893802772e+00 0.000000000000e+00
     vertex 1.813789245777e+01 -3.521015458336e+00 0.000000000000e+00
     vertex 1.470000000000e+01 -1.548917000000e+00 0.000000000000e+00
   endloop
 endfacet
 facet normal -0.000000000000e+00 -0.000000000000e+00 -1.000000000000e+00
   outer loop
     vertex 1.820001903970e+01 -3.568689382427e+00 0.000000000000e+00
     vertex 2.225000000000e+01 -1.430891700000e+01 0.000000000000e+00
     vertex 1.813789245777e+01 -3.521015458336e+00 0.000000000000e+00
   endloop
 endfacet
 facet normal 0.000000000000e+00 0.000000000000e+00 -1.000000000000e+00
   outer loop
     vertex 4.153012000000e+00 1.051607500000e+01 0.000000000000e+00
     vertex -2.481727000000e+00 1.069826500000e+01 0.000000000000e+00
     vertex -2.399067000000e+00 1.082128600000e+01 0.000000000000e+00
   endloop
 endfacet
 facet normal -0.000000000000e+00 -0.000000000000e+00 -1.000000000000e+00
   outer loop
     vertex 4.153012000000e+00 1.051607500000e+01 0.000000000000e+00
     vertex 4.236269000000e+00 1.038854600000e+01 0.000000000000e+00
     vertex -2.481727000000e+00 1.069826500000e+01 0.000000000000e+00
   endloop
 endfacet
 facet normal -0.000000000000e+00 -0.000000000000e+00 -1.000000000000e+00
   outer loop
     vertex 4.566622000000e+00 1.010644100000e+01 0.000000000000e+00
     vertex 6.050000000000e+00 7.591083000000e+00 0.000000000000e+00
     vertex 4.444197000000e+00 1.018260400000e+01 0.000000000000e+00
   endloop
 endfacet
 facet normal -0.000000000000e+00 -0.000000000000e+00 -1.000000000000e+00
   outer loop
     vertex 1.827236300068e+01 -3.598670485303e+00 0.000000000000e+00
     vertex 2.225000000000e+01 -1.430891700000e+01 0.000000000000e+00
     vertex 1.820001903970e+01 -3.568689382427e+00 0.000000000000e+00
   endloop
 endfacet
 facet normal -0.000000000000e+00 -0.000000000000e+00 -1.000000000000e+00
   outer loop
     vertex 4.695559000000e+00 1.005072100000e+01 0.000000000000e+00
     vertex 6.050000000000e+00 7.591083000000e+00 0.000000000000e+00
     vertex 4.566622000000e+00 1.010644100000e+01 0.000000000000e+00
   endloop
 endfacet
 facet normal 0.000000000000e+00 0.000000000000e+00 -1.000000000000e+00
   outer loop
     vertex 4.082917000000e+00 1.066348200000e+01 0.000000000000e+00
     vertex -2.399067000000e+00 1.082128600000e+01 0.000000000000e+00
     vertex -2.337093000000e+00 1.094931400000e+01 0.000000000000e+00
   endloop
 endfacet
 facet normal -0.000000000000e+00 -0.000000000000e+00 -1.000000000000e+00
   outer loop
     vertex 4.082917000000e+00 1.066348200000e+01 0.000000000000e+00
     vertex 4.153012000000e+00 1.051607500000e+01 0.000000000000e+00
     vertex -2.399067000000e+00 1.082128600000e+01 0.000000000000e+00
   endloop
 endfacet
 facet normal 0.000000000000e+00 0.000000000000e+00 -1.000000000000e+00
   outer loop
     vertex 1.615358983849e+01 -1.348917000000e+00 0.000000000000e+00
     vertex 1.504641016151e+01 -1.348917000000e+00 0.000000000000e+00
     vertex 1.508637033052e+01 -1.252444618041e+00 0.000000000000e+00
   endloop
 endfacet
 facet normal -0.000000000000e+00 0.000000000000e+00 -1.000000000000e+00
   outer loop
     vertex 1.615358983849e+01 -1.348917000000e+00 0.000000000000e+00
     vertex 1.498284271247e+01 -1.431759712475e+00 0.000000000000e+00
     vertex 1.504641016151e+01 -1.348917000000e+00 0.000000000000e+00
   endloop
 endfacet
 facet normal 0.000000000000e+00 -0.000000000000e+00 -1.000000000000e+00
   outer loop
     vertex 1.615358983849e+01 -1.348917000000e+00 0.000000000000e+00
     vertex 1.621715728753e+01 -1.431759712475e+00 0.000000000000e+00
     vertex 1.498284271247e+01 -1.431759712475e+00 0.000000000000e+00
   endloop
 endfacet
 facet normal 0.000000000000e+00 0.000000000000e+00 -1.000000000000e+00
   outer loop
     vertex 1.630000000000e+01 -1.495327161514e+00 0.000000000000e+00
     vertex 1.490000000000e+01 -1.495327161514e+00 0.000000000000e+00
     vertex 1.498284271247e+01 -1.431759712475e+00 0.000000000000e+00
   endloop
 endfacet
 facet normal 0.000000000000e+00 0.000000000000e+00 -1.000000000000e+00
   outer loop
     vertex 1.630000000000e+01 -1.495327161514e+00 0.000000000000e+00
     vertex 1.498284271247e+01 -1.431759712475e+00 0.000000000000e+00
     vertex 1.621715728753e+01 -1.431759712475e+00 0.000000000000e+00
   endloop
 endfacet
 facet normal -0.000000000000e+00 -0.000000000000e+00 -1.000000000000e+00
   outer loop
     vertex 4.837236000000e+00 1.001252500000e+01 0.000000000000e+00
     vertex 6.050000000000e+00 7.591083000000e+00 0.000000000000e+00
     vertex 4.695559000000e+00 1.005072100000e+01 0.000000000000e+00
   endloop
 endfacet
 facet normal 0.000000000000e+00 0.000000000000e+00 -1.000000000000e+00
   outer loop
     vertex 4.031612000000e+00 1.082064900000e+01 0.000000000000e+00
     vertex -2.337093000000e+00 1.094931400000e+01 0.000000000000e+00
     vertex -2.293913000000e+00 1.108620800000e+01 0.000000000000e+00
   endloop
 endfacet
 facet normal -0.000000000000e+00 -0.000000000000e+00 -1.000000000000e+00
   outer loop
     vertex 4.031612000000e+00 1.082064900000e+01 0.000000000000e+00
     vertex 4.082917000000e+00 1.066348200000e+01 0.000000000000e+00
     vertex -2.337093000000e+00 1.094931400000e+01 0.000000000000e+00
   endloop
 endfacet
 facet normal -0.000000000000e+00 -0.000000000000e+00 -1.000000000000e+00
   outer loop
     vertex 1.611362966948e+01 -1.252444618041e+00 0.000000000000e+00
     vertex 1.615358983849e+01 -1.348917000000e+00 0.000000000000e+00
     vertex 1.508637033052e+01 -1.252444618041e+00 0.000000000000e+00
   endloop
 endfacet
 facet normal 0.000000000000e+00 0.000000000000e+00 -1.000000000000e+00
   outer loop
     vertex 1.733787595890e+01 -2.421030958907e+00 0.000000000000e+00
     vertex 1.806022353669e+01 -3.386552940052e+00 0.000000000000e+00
     vertex 1.809021211454e+01 -3.458893802772e+00 0.000000000000e+00
   endloop
 endfacet
 facet normal -0.000000000000e+00 -0.000000000000e+00 -1.000000000000e+00
   outer loop
     vertex 1.733787595890e+01 -2.421030958907e+00 0.000000000000e+00
     vertex 1.809021211454e+01 -3.458893802772e+00 0.000000000000e+00
     vertex 1.470000000000e+01 -1.548917000000e+00 0.000000000000e+00
   endloop
 endfacet
 facet normal 0.000000000000e+00 0.000000000000e+00 -1.000000000000e+00
   outer loop
     vertex 1.733787595890e+01 -2.421030958907e+00 0.000000000000e+00
     vertex 1.470000000000e+01 -1.548917000000e+00 0.000000000000e+00
     vertex 1.480352761804e+01 -1.535287330516e+00 0.000000000000e+00
   endloop
 endfacet
 facet normal 0.000000000000e+00 0.000000000000e+00 -1.000000000000e+00
   outer loop
     vertex 1.729019517988e+01 -2.358904709698e+00 0.000000000000e+00
     vertex 1.630000000000e+01 -1.495327161514e+00 0.000000000000e+00
     vertex 1.639647238196e+01 -1.535287330516e+00 0.000000000000e+00
   endloop
 endfacet
 facet normal -0.000000000000e+00 -0.000000000000e+00 -1.000000000000e+00
   outer loop
     vertex 1.729019517988e+01 -2.358904709698e+00 0.000000000000e+00
     vertex 1.733787595890e+01 -2.421030958907e+00 0.000000000000e+00
     vertex 1.480352761804e+01 -1.535287330516e+00 0.000000000000e+00
   endloop
 endfacet
 facet normal 0.000000000000e+00 0.000000000000e+00 -1.000000000000e+00
   outer loop
     vertex 1.729019517988e+01 -2.358904709698e+00 0.000000000000e+00
     vertex 1.480352761804e+01 -1.535287330516e+00 0.000000000000e+00
     vertex 1.490000000000e+01 -1.495327161514e+00 0.000000000000e+00
   endloop
 endfacet
 facet normal 0.000000000000e+00 0.000000000000e+00 -1.000000000000e+00
   outer loop
     vertex 1.729019517988e+01 -2.358904709698e+00 0.000000000000e+00
     vertex 1.490000000000e+01 -1.495327161514e+00 0.000000000000e+00
     vertex 1.630000000000e+01 -1.495327161514e+00 0.000000000000e+00
   endloop
 endfacet
 facet normal -0.000000000000e+00 -0.000000000000e+00 -1.000000000000e+00
   outer loop
     vertex 1.740000713452e+01 -2.468705318320e+00 0.000000000000e+00
     vertex 1.806022353669e+01 -3.386552940052e+00 0.000000000000e+00
     vertex 1.733787595890e+01 -2.421030958907e+00 0.000000000000e+00
   endloop
 endfacet
 facet normal 0.000000000000e+00 0.000000000000e+00 -1.000000000000e+00
   outer loop
     vertex 1.740000713452e+01 -2.468705318320e+00 0.000000000000e+00
     vertex 1.804996800000e+01 -3.308917000000e+00 0.000000000000e+00
     vertex 1.806022353669e+01 -3.386552940052e+00 0.000000000000e+00
   endloop
 endfacet
 facet normal 0.000000000000e+00 -0.000000000000e+00 -1.000000000000e+00
   outer loop
     vertex 1.610000000000e+01 -1.148917000000e+00 0.000000000000e+00
     vertex 1.611362966948e+01 -1.252444618041e+00 0.000000000000e+00
     vertex 1.508637033052e+01 -1.252444618041e+00 0.000000000000e+00
   endloop
 endfacet
 facet normal 0.000000000000e+00 0.000000000000e+00 -1.000000000000e+00
   outer loop
     vertex 1.610000000000e+01 -1.148917000000e+00 0.000000000000e+00
     vertex 1.510000000000e+01 -1.148917000000e+00 0.000000000000e+00
     vertex 1.508637033052e+01 -1.045389381959e+00 0.000000000000e+00
   endloop
 endfacet
 facet normal -0.000000000000e+00 0.000000000000e+00 -1.000000000000e+00
   outer loop
     vertex 1.610000000000e+01 -1.148917000000e+00 0.000000000000e+00
     vertex 1.508637033052e+01 -1.252444618041e+00 0.000000000000e+00
     vertex 1.510000000000e+01 -1.148917000000e+00 0.000000000000e+00
   endloop
 endfacet
 facet normal -0.000000000000e+00 -0.000000000000e+00 -1.000000000000e+00
   outer loop
     vertex 4.963874000000e+00 9.995349000000e+00 0.000000000000e+00
     vertex 6.050000000000e+00 7.591083000000e+00 0.000000000000e+00
     vertex 4.837236000000e+00 1.001252500000e+01 0.000000000000e+00
   endloop
 endfacet
 facet normal 0.000000000000e+00 0.000000000000e+00 -1.000000000000e+00
   outer loop
     vertex 1.726021189811e+01 -2.286557419880e+00 0.000000000000e+00
     vertex 1.639647238196e+01 -1.535287330516e+00 0.000000000000e+00
     vertex 1.650000000000e+01 -1.548917000000e+00 0.000000000000e+00
   endloop
 endfacet
 facet normal -0.000000000000e+00 -0.000000000000e+00 -1.000000000000e+00
   outer loop
     vertex 1.726021189811e+01 -2.286557419880e+00 0.000000000000e+00
     vertex 1.729019517988e+01 -2.358904709698e+00 0.000000000000e+00
     vertex 1.639647238196e+01 -1.535287330516e+00 0.000000000000e+00
   endloop
 endfacet
 facet normal -0.000000000000e+00 -0.000000000000e+00 -1.000000000000e+00
   outer loop
     vertex 1.747235752206e+01 -2.498681124452e+00 0.000000000000e+00
     vertex 1.804996800000e+01 -3.308917000000e+00 0.000000000000e+00
     vertex 1.740000713452e+01 -2.468705318320e+00 0.000000000000e+00
   endloop
 endfacet
 facet normal -0.000000000000e+00 -0.000000000000e+00 -1.000000000000e+00
   outer loop
     vertex 3.998600000000e+00 1.098892500000e+01 0.000000000000e+00
     vertex 4.031612000000e+00 1.082064900000e+01 0.000000000000e+00
     vertex -2.293913000000e+00 1.108620800000e+01 0.000000000000e+00
   endloop
 endfacet
 facet normal 0.000000000000e+00 0.000000000000e+00 -1.000000000000e+00
   outer loop
     vertex 3.998600000000e+00 1.098892500000e+01 0.000000000000e+00
     vertex -2.293913000000e+00 1.108620800000e+01 0.000000000000e+00
     vertex -2.271449000000e+00 1.122602200000e+01 0.000000000000e+00
   endloop
 endfacet
 facet normal -0.000000000000e+00 -0.000000000000e+00 -1.000000000000e+00
   outer loop
     vertex 1.724996800000e+01 -2.208916000000e+00 0.000000000000e+00
     vertex 1.726021189811e+01 -2.286557419880e+00 0.000000000000e+00
     vertex 1.650000000000e+01 -1.548917000000e+00 0.000000000000e+00
   endloop
 endfacet
 facet normal -0.000000000000e+00 -0.000000000000e+00 -1.000000000000e+00
   outer loop
     vertex 1.755000000000e+01 -2.508917000000e+00 0.000000000000e+00
     vertex 1.804996800000e+01 -3.308917000000e+00 0.000000000000e+00
     vertex 1.747235752206e+01 -2.498681124452e+00 0.000000000000e+00
   endloop
 endfacet
 facet normal -0.000000000000e+00 0.000000000000e+00 -1.000000000000e+00
   outer loop
     vertex 1.611362966948e+01 -1.045389381959e+00 0.000000000000e+00
     vertex 1.610000000000e+01 -1.148917000000e+00 0.000000000000e+00
     vertex 1.508637033052e+01 -1.045389381959e+00 0.000000000000e+00
   endloop
 endfacet
 facet normal 0.000000000000e+00 -0.000000000000e+00 -1.000000000000e+00
   outer loop
     vertex 1.660352761804e+01 -1.535287330516e+00 0.000000000000e+00
     vertex 1.724996800000e+01 -2.208916000000e+00 0.000000000000e+00
     vertex 1.650000000000e+01 -1.548917000000e+00 0.000000000000e+00
   endloop
 endfacet
 facet normal -0.000000000000e+00 -0.000000000000e+00 -1.000000000000e+00
   outer loop
     vertex 3.985491000000e+00 1.116142600000e+01 0.000000000000e+00
     vertex 3.998600000000e+00 1.098892500000e+01 0.000000000000e+00
     vertex -2.271449000000e+00 1.122602200000e+01 0.000000000000e+00
   endloop
 endfacet
 facet normal 0.000000000000e+00 0.000000000000e+00 -1.000000000000e+00
   outer loop
     vertex 3.985491000000e+00 1.116142600000e+01 0.000000000000e+00
     vertex -2.271449000000e+00 1.122602200000e+01 0.000000000000e+00
     vertex -2.269301000000e+00 1.137465100000e+01 0.000000000000e+00
   endloop
 endfacet
 facet normal 0.000000000000e+00 0.000000000000e+00 -1.000000000000e+00
   outer loop
     vertex 1.615358983849e+01 -9.489170000000e-01 0.000000000000e+00
     vertex 1.504641016151e+01 -9.489170000000e-01 0.000000000000e+00
     vertex 1.498284271247e+01 -8.660742875254e-01 0.000000000000e+00
   endloop
 endfacet
 facet normal -0.000000000000e+00 0.000000000000e+00 -1.000000000000e+00
   outer loop
     vertex 1.615358983849e+01 -9.489170000000e-01 0.000000000000e+00
     vertex 1.508637033052e+01 -1.045389381959e+00 0.000000000000e+00
     vertex 1.504641016151e+01 -9.489170000000e-01 0.000000000000e+00
   endloop
 endfacet
 facet normal 0.000000000000e+00 0.000000000000e+00 -1.000000000000e+00
   outer loop
     vertex 1.615358983849e+01 -9.489170000000e-01 0.000000000000e+00
     vertex 1.611362966948e+01 -1.045389381959e+00 0.000000000000e+00
     vertex 1.508637033052e+01 -1.045389381959e+00 0.000000000000e+00
   endloop
 endfacet
 facet normal 0.000000000000e+00 -0.000000000000e+00 -1.000000000000e+00
   outer loop
     vertex 1.670000000000e+01 -1.495327161514e+00 0.000000000000e+00
     vertex 1.724996800000e+01 -2.208916000000e+00 0.000000000000e+00
     vertex 1.660352761804e+01 -1.535287330516e+00 0.000000000000e+00
   endloop
 endfacet
 facet normal -0.000000000000e+00 0.000000000000e+00 -1.000000000000e+00
   outer loop
     vertex 1.805003200000e+01 -2.808917000000e+00 0.000000000000e+00
     vertex 1.804996800000e+01 -3.308917000000e+00 0.000000000000e+00
     vertex 1.755000000000e+01 -2.508917000000e+00 0.000000000000e+00
   endloop
 endfacet
 facet normal 0.000000000000e+00 0.000000000000e+00 -1.000000000000e+00
   outer loop
     vertex 1.805003200000e+01 -2.808917000000e+00 0.000000000000e+00
     vertex 1.755000000000e+01 -2.508917000000e+00 0.000000000000e+00
     vertex 1.775000000000e+01 -2.508917000000e+00 0.000000000000e+00
   endloop
 endfacet
 facet normal 0.000000000000e+00 0.000000000000e+00 -1.000000000000e+00
   outer loop
     vertex 1.803977624765e+01 -2.731281255091e+00 0.000000000000e+00
     vertex 1.775000000000e+01 -2.508917000000e+00 0.000000000000e+00
     vertex 1.782763683836e+01 -2.519164471590e+00 0.000000000000e+00
   endloop
 endfacet
 facet normal -0.000000000000e+00 -0.000000000000e+00 -1.000000000000e+00
   outer loop
     vertex 1.803977624765e+01 -2.731281255091e+00 0.000000000000e+00
     vertex 1.805003200000e+01 -2.808917000000e+00 0.000000000000e+00
     vertex 1.775000000000e+01 -2.508917000000e+00 0.000000000000e+00
   endloop
 endfacet
 facet normal -0.000000000000e+00 0.000000000000e+00 -1.000000000000e+00
   outer loop
     vertex 1.621715728753e+01 -8.660742875254e-01 0.000000000000e+00
     vertex 1.615358983849e+01 -9.489170000000e-01 0.000000000000e+00
     vertex 1.498284271247e+01 -8.660742875254e-01 0.000000000000e+00
   endloop
 endfacet
 facet normal 0.000000000000e+00 -0.000000000000e+00 -1.000000000000e+00
   outer loop
     vertex 1.678284271247e+01 -1.431759712475e+00 0.000000000000e+00
     vertex 1.724996800000e+01 -2.208916000000e+00 0.000000000000e+00
     vertex 1.670000000000e+01 -1.495327161514e+00 0.000000000000e+00
   endloop
 endfacet
 facet normal 0.000000000000e+00 0.000000000000e+00 -1.000000000000e+00
   outer loop
     vertex 1.796210718873e+01 -2.596819188205e+00 0.000000000000e+00
     vertex 1.782763683836e+01 -2.519164471590e+00 0.000000000000e+00
     vertex 1.789998067168e+01 -2.549145450970e+00 0.000000000000e+00
   endloop
 endfacet
 facet normal 0.000000000000e+00 0.000000000000e+00 -1.000000000000e+00
   outer loop
     vertex 1.796210718873e+01 -2.596819188205e+00 0.000000000000e+00
     vertex 1.800978755217e+01 -2.658940619984e+00 0.000000000000e+00
     vertex 1.803977624765e+01 -2.731281255091e+00 0.000000000000e+00
   endloop
 endfacet
 facet normal -0.000000000000e+00 -0.000000000000e+00 -1.000000000000e+00
   outer loop
     vertex 1.796210718873e+01 -2.596819188205e+00 0.000000000000e+00
     vertex 1.803977624765e+01 -2.731281255091e+00 0.000000000000e+00
     vertex 1.782763683836e+01 -2.519164471590e+00 0.000000000000e+00
   endloop
 endfacet
 facet normal 0.000000000000e+00 -0.000000000000e+00 -1.000000000000e+00
   outer loop
     vertex 1.684641016151e+01 -1.348917000000e+00 0.000000000000e+00
     vertex 1.724996800000e+01 -2.208916000000e+00 0.000000000000e+00
     vertex 1.678284271247e+01 -1.431759712475e+00 0.000000000000e+00
   endloop
 endfacet
 facet normal -0.000000000000e+00 0.000000000000e+00 -1.000000000000e+00
   outer loop
     vertex 1.630000000000e+01 -8.025068384862e-01 0.000000000000e+00
     vertex 1.498284271247e+01 -8.660742875254e-01 0.000000000000e+00
     vertex 1.490000000000e+01 -8.025068384862e-01 0.000000000000e+00
   endloop
 endfacet
 facet normal 0.000000000000e+00 0.000000000000e+00 -1.000000000000e+00
   outer loop
     vertex 1.630000000000e+01 -8.025068384862e-01 0.000000000000e+00
     vertex 1.621715728753e+01 -8.660742875254e-01 0.000000000000e+00
     vertex 1.498284271247e+01 -8.660742875254e-01 0.000000000000e+00
   endloop
 endfacet
 facet normal 0.000000000000e+00 0.000000000000e+00 -1.000000000000e+00
   outer loop
     vertex 4.018043000000e+00 1.150106800000e+01 0.000000000000e+00
     vertex 3.985491000000e+00 1.116142600000e+01 0.000000000000e+00
     vertex -2.269301000000e+00 1.137465100000e+01 0.000000000000e+00
   endloop
 endfacet
 facet normal 0.000000000000e+00 0.000000000000e+00 -1.000000000000e+00
   outer loop
     vertex 4.018043000000e+00 1.150106800000e+01 0.000000000000e+00
     vertex -2.288234000000e+00 1.152365700000e+01 0.000000000000e+00
     vertex -2.329667000000e+00 1.167852300000e+01 0.000000000000e+00
   endloop
 endfacet
 facet normal -0.000000000000e+00 0.000000000000e+00 -1.000000000000e+00
   outer loop
     vertex 4.018043000000e+00 1.150106800000e+01 0.000000000000e+00
     vertex -2.269301000000e+00 1.137465100000e+01 0.000000000000e+00
     vertex -2.288234000000e+00 1.152365700000e+01 0.000000000000e+00
   endloop
 endfacet
 facet normal -0.000000000000e+00 -0.000000000000e+00 -1.000000000000e+00
   outer loop
     vertex 2.123786800000e+01 -5.621049000000e+00 0.000000000000e+00
     vertex 2.225000000000e+01 -1.430891700000e+01 0.000000000000e+00
     vertex 1.827236300068e+01 -3.598670485303e+00 0.000000000000e+00
   endloop
 endfacet
 facet normal 0.000000000000e+00 0.000000000000e+00 -1.000000000000e+00
   outer loop
     vertex 2.119019241413e+01 -5.558916975212e+00 0.000000000000e+00
     vertex 1.827236300068e+01 -3.598670485303e+00 0.000000000000e+00
     vertex 1.835000000000e+01 -3.608918000000e+00 0.000000000000e+00
   endloop
 endfacet
 facet normal -0.000000000000e+00 -0.000000000000e+00 -1.000000000000e+00
   outer loop
     vertex 2.119019241413e+01 -5.558916975212e+00 0.000000000000e+00
     vertex 2.123786800000e+01 -5.621049000000e+00 0.000000000000e+00
     vertex 1.827236300068e+01 -3.598670485303e+00 0.000000000000e+00
   endloop
 endfacet
 facet normal -0.000000000000e+00 -0.000000000000e+00 -1.000000000000e+00
   outer loop
     vertex 2.130000002479e+01 -5.668724585871e+00 0.000000000000e+00
     vertex 2.225000000000e+01 -1.430891700000e+01 0.000000000000e+00
     vertex 2.123786800000e+01 -5.621049000000e+00 0.000000000000e+00
   endloop
 endfacet
 facet normal 0.000000000000e+00 -0.000000000000e+00 -1.000000000000e+00
   outer loop
     vertex 1.688637033052e+01 -1.252444618041e+00 0.000000000000e+00
     vertex 1.724996800000e+01 -2.208916000000e+00 0.000000000000e+00
     vertex 1.684641016151e+01 -1.348917000000e+00 0.000000000000e+00
   endloop
 endfacet
 facet normal -0.000000000000e+00 -0.000000000000e+00 -1.000000000000e+00
   outer loop
     vertex 6.050000000000e+00 9.591083000000e+00 0.000000000000e+00
     vertex 6.050000000000e+00 7.591083000000e+00 0.000000000000e+00
     vertex 4.963874000000e+00 9.995349000000e+00 0.000000000000e+00
   endloop
 endfacet
 facet normal -0.000000000000e+00 -0.000000000000e+00 -1.000000000000e+00
   outer loop
     vertex 5.650000000000e+00 9.991083000000e+00 0.000000000000e+00
     vertex 6.050000000000e+00 9.591083000000e+00 0.000000000000e+00
     vertex 4.963874000000e+00 9.995349000000e+00 0.000000000000e+00
   endloop
 endfacet
 facet normal -0.000000000000e+00 -0.000000000000e+00 -1.000000000000e+00
   outer loop
     vertex 2.116022227635e+01 -5.486562702126e+00 0.000000000000e+00
     vertex 2.119019241413e+01 -5.558916975212e+00 0.000000000000e+00
     vertex 1.835000000000e+01 -3.608918000000e+00 0.000000000000e+00
   endloop
 endfacet
 facet normal -0.000000000000e+00 -0.000000000000e+00 -1.000000000000e+00
   outer loop
     vertex 2.137235429787e+01 -5.698694723650e+00 0.000000000000e+00
     vertex 2.225000000000e+01 -1.430891700000e+01 0.000000000000e+00
     vertex 2.130000002479e+01 -5.668724585871e+00 0.000000000000e+00
   endloop
 endfacet
 facet normal -0.000000000000e+00 -0.000000000000e+00 -1.000000000000e+00
   outer loop
     vertex 2.115000000000e+01 -5.408917000000e+00 0.000000000000e+00
     vertex 2.116022227635e+01 -5.486562702126e+00 0.000000000000e+00
     vertex 1.835000000000e+01 -3.608918000000e+00 0.000000000000e+00
   endloop
 endfacet
 facet normal 0.000000000000e+00 -0.000000000000e+00 -1.000000000000e+00
   outer loop
     vertex 1.690000000000e+01 -1.148917000000e+00 0.000000000000e+00
     vertex 1.724996800000e+01 -2.208916000000e+00 0.000000000000e+00
     vertex 1.688637033052e+01 -1.252444618041e+00 0.000000000000e+00
   endloop
 endfacet
 facet normal 0.000000000000e+00 0.000000000000e+00 -1.000000000000e+00
   outer loop
     vertex 6.010387826919e+00 9.764636672335e+00 0.000000000000e+00
     vertex 6.039971345516e+00 9.680091453198e+00 0.000000000000e+00
     vertex 6.050000000000e+00 9.591083000000e+00 0.000000000000e+00
   endloop
 endfacet
 facet normal -0.000000000000e+00 -0.000000000000e+00 -1.000000000000e+00
   outer loop
     vertex 5.962732894595e+00 9.840479180710e+00 0.000000000000e+00
     vertex 6.050000000000e+00 9.591083000000e+00 0.000000000000e+00
     vertex 5.650000000000e+00 9.991083000000e+00 0.000000000000e+00
   endloop
 endfacet
 facet normal 0.000000000000e+00 0.000000000000e+00 -1.000000000000e+00
   outer loop
     vertex 5.962732894595e+00 9.840479180710e+00 0.000000000000e+00
     vertex 6.010387826919e+00 9.764636672335e+00 0.000000000000e+00
     vertex 6.050000000000e+00 9.591083000000e+00 0.000000000000e+00
   endloop
 endfacet
 facet normal 0.000000000000e+00 0.000000000000e+00 -1.000000000000e+00
   outer loop
     vertex 5.962732894595e+00 9.840479180710e+00 0.000000000000e+00
     vertex 5.650000000000e+00 9.991083000000e+00 0.000000000000e+00
     vertex 5.739008453198e+00 9.981054345516e+00 0.000000000000e+00
   endloop
 endfacet
 facet normal 0.000000000000e+00 0.000000000000e+00 -1.000000000000e+00
   outer loop
     vertex 5.962732894595e+00 9.840479180710e+00 0.000000000000e+00
     vertex 5.739008453198e+00 9.981054345516e+00 0.000000000000e+00
     vertex 5.823553672335e+00 9.951470826919e+00 0.000000000000e+00
   endloop
 endfacet
 facet normal 0.000000000000e+00 0.000000000000e+00 -1.000000000000e+00
   outer loop
     vertex 5.962732894595e+00 9.840479180710e+00 0.000000000000e+00
     vertex 5.823553672335e+00 9.951470826919e+00 0.000000000000e+00
     vertex 5.899396180710e+00 9.903815894595e+00 0.000000000000e+00
   endloop
 endfacet
 facet normal 0.000000000000e+00 0.000000000000e+00 -1.000000000000e+00
   outer loop
     vertex 4.121310000000e+00 1.180737000000e+01 0.000000000000e+00
     vertex -2.392176000000e+00 1.183053300000e+01 0.000000000000e+00
     vertex -2.477374000000e+00 1.198217100000e+01 0.000000000000e+00
   endloop
 endfacet
 facet normal -0.000000000000e+00 0.000000000000e+00 -1.000000000000e+00
   outer loop
     vertex 4.121310000000e+00 1.180737000000e+01 0.000000000000e+00
     vertex -2.329667000000e+00 1.167852300000e+01 0.000000000000e+00
     vertex -2.392176000000e+00 1.183053300000e+01 0.000000000000e+00
   endloop
 endfacet
 facet normal 0.000000000000e+00 0.000000000000e+00 -1.000000000000e+00
   outer loop
     vertex 4.121310000000e+00 1.180737000000e+01 0.000000000000e+00
     vertex 4.018043000000e+00 1.150106800000e+01 0.000000000000e+00
     vertex -2.329667000000e+00 1.167852300000e+01 0.000000000000e+00
   endloop
 endfacet
 facet normal 0.000000000000e+00 0.000000000000e+00 -1.000000000000e+00
   outer loop
     vertex 2.225000000000e+01 -6.008917000000e+00 0.000000000000e+00
     vertex 2.137235429787e+01 -5.698694723650e+00 0.000000000000e+00
     vertex 2.145000000000e+01 -5.708917000000e+00 0.000000000000e+00
   endloop
 endfacet
 facet normal -0.000000000000e+00 -0.000000000000e+00 -1.000000000000e+00
   outer loop
     vertex 2.225000000000e+01 -6.008917000000e+00 0.000000000000e+00
     vertex 2.225000000000e+01 -1.430891700000e+01 0.000000000000e+00
     vertex 2.137235429787e+01 -5.698694723650e+00 0.000000000000e+00
   endloop
 endfacet
 facet normal -0.000000000000e+00 -0.000000000000e+00 -1.000000000000e+00
   outer loop
     vertex 2.195000000000e+01 -5.708917000000e+00 0.000000000000e+00
     vertex 2.225000000000e+01 -6.008917000000e+00 0.000000000000e+00
     vertex 2.145000000000e+01 -5.708917000000e+00 0.000000000000e+00
   endloop
 endfacet
 facet normal -0.000000000000e+00 -0.000000000000e+00 -1.000000000000e+00
   outer loop
     vertex 2.202764570213e+01 -5.719139276350e+00 0.000000000000e+00
     vertex 2.225000000000e+01 -6.008917000000e+00 0.000000000000e+00
     vertex 2.195000000000e+01 -5.708917000000e+00 0.000000000000e+00
   endloop
 endfacet
 facet normal -0.000000000000e+00 -0.000000000000e+00 -1.000000000000e+00
   outer loop
     vertex 2.223977772365e+01 -5.931271297874e+00 0.000000000000e+00
     vertex 2.225000000000e+01 -6.008917000000e+00 0.000000000000e+00
     vertex 2.202764570213e+01 -5.719139276350e+00 0.000000000000e+00
   endloop
 endfacet
 facet normal 0.000000000000e+00 0.000000000000e+00 -1.000000000000e+00
   outer loop
     vertex 4.283059000000e+00 1.206190900000e+01 0.000000000000e+00
     vertex 4.121310000000e+00 1.180737000000e+01 0.000000000000e+00
     vertex -2.477374000000e+00 1.198217100000e+01 0.000000000000e+00
   endloop
 endfacet
 facet normal 0.000000000000e+00 0.000000000000e+00 -1.000000000000e+00
   outer loop
     vertex 4.283059000000e+00 1.206190900000e+01 0.000000000000e+00
     vertex -2.582632000000e+00 1.212719300000e+01 0.000000000000e+00
     vertex -2.707354000000e+00 1.226431400000e+01 0.000000000000e+00
   endloop
 endfacet
 facet normal -0.000000000000e+00 0.000000000000e+00 -1.000000000000e+00
   outer loop
     vertex 4.283059000000e+00 1.206190900000e+01 0.000000000000e+00
     vertex -2.477374000000e+00 1.198217100000e+01 0.000000000000e+00
     vertex -2.582632000000e+00 1.212719300000e+01 0.000000000000e+00
   endloop
 endfacet
 facet normal -0.000000000000e+00 -0.000000000000e+00 -1.000000000000e+00
   outer loop
     vertex 2.216213200000e+01 -5.796785000000e+00 0.000000000000e+00
     vertex 2.223977772365e+01 -5.931271297874e+00 0.000000000000e+00
     vertex 2.202764570213e+01 -5.719139276350e+00 0.000000000000e+00
   endloop
 endfacet
 facet normal 0.000000000000e+00 0.000000000000e+00 -1.000000000000e+00
   outer loop
     vertex 2.216213200000e+01 -5.796785000000e+00 0.000000000000e+00
     vertex 2.202764570213e+01 -5.719139276350e+00 0.000000000000e+00
     vertex 2.209999997521e+01 -5.749109414129e+00 0.000000000000e+00
   endloop
 endfacet
 facet normal 0.000000000000e+00 0.000000000000e+00 -1.000000000000e+00
   outer loop
     vertex 2.216213200000e+01 -5.796785000000e+00 0.000000000000e+00
     vertex 2.220980758587e+01 -5.858917024788e+00 0.000000000000e+00
     vertex 2.223977772365e+01 -5.931271297874e+00 0.000000000000e+00
   endloop
 endfacet
 facet normal 0.000000000000e+00 0.000000000000e+00 -1.000000000000e+00
   outer loop
     vertex 4.493851000000e+00 1.225746800000e+01 0.000000000000e+00
     vertex -2.850000000000e+00 1.239108300000e+01 0.000000000000e+00
     vertex -4.224574580634e+00 1.355043124194e+01 0.000000000000e+00
   endloop
 endfacet
 facet normal 0.000000000000e+00 0.000000000000e+00 -1.000000000000e+00
   outer loop
     vertex 4.493851000000e+00 1.225746800000e+01 0.000000000000e+00
     vertex -4.224574580634e+00 1.355043124194e+01 0.000000000000e+00
     vertex -5.259408802918e+00 1.502103035665e+01 0.000000000000e+00
   endloop
 endfacet
 facet normal 0.000000000000e+00 0.000000000000e+00 -1.000000000000e+00
   outer loop
     vertex 4.493851000000e+00 1.225746800000e+01 0.000000000000e+00
     vertex -5.259408802918e+00 1.502103035665e+01 0.000000000000e+00
     vertex -5.886559886627e+00 1.670632710857e+01 0.000000000000e+00
   endloop
 endfacet
 facet normal 0.000000000000e+00 0.000000000000e+00 -1.000000000000e+00
   outer loop
     vertex 4.493851000000e+00 1.225746800000e+01 0.000000000000e+00
     vertex -5.886559886627e+00 1.670632710857e+01 0.000000000000e+00
     vertex -6.064851779280e+00 1.849567213534e+01 0.000000000000e+00
   endloop
 endfacet
 facet normal 0.000000000000e+00 0.000000000000e+00 -1.000000000000e+00
   outer loop
     vertex 4.493851000000e+00 1.225746800000e+01 0.000000000000e+00
     vertex -6.064851779280e+00 1.849567213534e+01 0.000000000000e+00
     vertex -5.782578599279e+00 2.027158471079e+01 0.000000000000e+00
   endloop
 endfacet
 facet normal 0.000000000000e+00 0.000000000000e+00 -1.000000000000e+00
   outer loop
     vertex 4.493851000000e+00 1.225746800000e+01 0.000000000000e+00
     vertex -2.707354000000e+00 1.226431400000e+01 0.000000000000e+00
     vertex -2.850000000000e+00 1.239108300000e+01 0.000000000000e+00
   endloop
 endfacet
 facet normal -0.000000000000e+00 0.000000000000e+00 -1.000000000000e+00
   outer loop
     vertex 4.493851000000e+00 1.225746800000e+01 0.000000000000e+00
     vertex 4.283059000000e+00 1.206190900000e+01 0.000000000000e+00
     vertex -2.707354000000e+00 1.226431400000e+01 0.000000000000e+00
   endloop
 endfacet
 facet normal 0.000000000000e+00 -0.000000000000e+00 -1.000000000000e+00
   outer loop
     vertex -5.058273193934e+00 2.191746602596e+01 0.000000000000e+00
     vertex 4.493851000000e+00 1.225746800000e+01 0.000000000000e+00
     vertex -5.782578599279e+00 2.027158471079e+01 0.000000000000e+00
   endloop
 endfacet
 facet normal 0.000000000000e+00 0.000000000000e+00 -1.000000000000e+00
   outer loop
     vertex 2.085000000000e+01 -3.608917000000e+00 0.000000000000e+00
     vertex 2.115000000000e+01 -3.908917000000e+00 0.000000000000e+00
     vertex 2.115000000000e+01 -5.408917000000e+00 0.000000000000e+00
   endloop
 endfacet
 facet normal 0.000000000000e+00 -0.000000000000e+00 -1.000000000000e+00
   outer loop
     vertex 2.085000000000e+01 -3.608917000000e+00 0.000000000000e+00
     vertex 2.115000000000e+01 -5.408917000000e+00 0.000000000000e+00
     vertex 1.835000000000e+01 -3.608918000000e+00 0.000000000000e+00
   endloop
 endfacet
 facet normal 0.000000000000e+00 0.000000000000e+00 -1.000000000000e+00
   outer loop
     vertex 1.724996700000e+01 9.105200000000e-02 0.000000000000e+00
     vertex 1.650000000000e+01 -7.489170000000e-01 0.000000000000e+00
     vertex 1.639647238196e+01 -7.625466694844e-01 0.000000000000e+00
   endloop
 endfacet
 facet normal 0.000000000000e+00 0.000000000000e+00 -1.000000000000e+00
   outer loop
     vertex 1.724996700000e+01 9.105200000000e-02 0.000000000000e+00
     vertex 1.660352761804e+01 -7.625466694844e-01 0.000000000000e+00
     vertex 1.650000000000e+01 -7.489170000000e-01 0.000000000000e+00
   endloop
 endfacet
 facet normal 0.000000000000e+00 0.000000000000e+00 -1.000000000000e+00
   outer loop
     vertex 1.724996700000e+01 9.105200000000e-02 0.000000000000e+00
     vertex 1.670000000000e+01 -8.025068384862e-01 0.000000000000e+00
     vertex 1.660352761804e+01 -7.625466694844e-01 0.000000000000e+00
   endloop
 endfacet
 facet normal 0.000000000000e+00 0.000000000000e+00 -1.000000000000e+00
   outer loop
     vertex 1.724996700000e+01 9.105200000000e-02 0.000000000000e+00
     vertex 1.678284271247e+01 -8.660742875254e-01 0.000000000000e+00
     vertex 1.670000000000e+01 -8.025068384862e-01 0.000000000000e+00
   endloop
 endfacet
 facet normal 0.000000000000e+00 0.000000000000e+00 -1.000000000000e+00
   outer loop
     vertex 1.724996700000e+01 9.105200000000e-02 0.000000000000e+00
     vertex 1.684641016151e+01 -9.489170000000e-01 0.000000000000e+00
     vertex 1.678284271247e+01 -8.660742875254e-01 0.000000000000e+00
   endloop
 endfacet
 facet normal 0.000000000000e+00 0.000000000000e+00 -1.000000000000e+00
   outer loop
     vertex 1.724996700000e+01 9.105200000000e-02 0.000000000000e+00
     vertex 1.688637033052e+01 -1.045389381959e+00 0.000000000000e+00
     vertex 1.684641016151e+01 -9.489170000000e-01 0.000000000000e+00
   endloop
 endfacet
 facet normal 0.000000000000e+00 0.000000000000e+00 -1.000000000000e+00
   outer loop
     vertex 2.106213200000e+01 -3.696785000000e+00 0.000000000000e+00
     vertex 2.085000000000e+01 -3.608917000000e+00 0.000000000000e+00
     vertex 2.092764570213e+01 -3.619139276350e+00 0.000000000000e+00
   endloop
 endfacet
 facet normal 0.000000000000e+00 0.000000000000e+00 -1.000000000000e+00
   outer loop
     vertex 2.106213200000e+01 -3.696785000000e+00 0.000000000000e+00
     vertex 2.092764570213e+01 -3.619139276350e+00 0.000000000000e+00
     vertex 2.099999997521e+01 -3.649109414129e+00 0.000000000000e+00
   endloop
 endfacet
 facet normal 0.000000000000e+00 0.000000000000e+00 -1.000000000000e+00
   outer loop
     vertex 2.106213200000e+01 -3.696785000000e+00 0.000000000000e+00
     vertex 2.110980758587e+01 -3.758917024788e+00 0.000000000000e+00
     vertex 2.113977772365e+01 -3.831271297874e+00 0.000000000000e+00
   endloop
 endfacet
 facet normal 0.000000000000e+00 0.000000000000e+00 -1.000000000000e+00
   outer loop
     vertex 2.106213200000e+01 -3.696785000000e+00 0.000000000000e+00
     vertex 2.113977772365e+01 -3.831271297874e+00 0.000000000000e+00
     vertex 2.115000000000e+01 -3.908917000000e+00 0.000000000000e+00
   endloop
 endfacet
 facet normal -0.000000000000e+00 -0.000000000000e+00 -1.000000000000e+00
   outer loop
     vertex 2.106213200000e+01 -3.696785000000e+00 0.000000000000e+00
     vertex 2.115000000000e+01 -3.908917000000e+00 0.000000000000e+00
     vertex 2.085000000000e+01 -3.608917000000e+00 0.000000000000e+00
   endloop
 endfacet
 facet normal 0.000000000000e+00 0.000000000000e+00 -1.000000000000e+00
   outer loop
     vertex 1.725748985551e+01 1.578125634600e-01 0.000000000000e+00
     vertex 1.724996700000e+01 9.105200000000e-02 0.000000000000e+00
     vertex 1.639647238196e+01 -7.625466694844e-01 0.000000000000e+00
   endloop
 endfacet
 facet normal 0.000000000000e+00 0.000000000000e+00 -1.000000000000e+00
   outer loop
     vertex 1.727968064935e+01 2.212249822529e-01 0.000000000000e+00
     vertex 1.639647238196e+01 -7.625466694844e-01 0.000000000000e+00
     vertex 1.630000000000e+01 -8.025068384862e-01 0.000000000000e+00
   endloop
 endfacet
 facet normal 0.000000000000e+00 0.000000000000e+00 -1.000000000000e+00
   outer loop
     vertex 1.727968064935e+01 2.212249822529e-01 0.000000000000e+00
     vertex 1.725748985551e+01 1.578125634600e-01 0.000000000000e+00
     vertex 1.639647238196e+01 -7.625466694844e-01 0.000000000000e+00
   endloop
 endfacet
 facet normal 0.000000000000e+00 0.000000000000e+00 -1.000000000000e+00
   outer loop
     vertex 1.727968064935e+01 2.212249822529e-01 0.000000000000e+00
     vertex 1.630000000000e+01 -8.025068384862e-01 0.000000000000e+00
     vertex 1.490000000000e+01 -8.025068384862e-01 0.000000000000e+00
   endloop
 endfacet
 facet normal 0.000000000000e+00 0.000000000000e+00 -1.000000000000e+00
   outer loop
     vertex 1.727968064935e+01 2.212249822529e-01 0.000000000000e+00
     vertex 1.490000000000e+01 -8.025068384862e-01 0.000000000000e+00
     vertex 1.480352761804e+01 -7.625466694844e-01 0.000000000000e+00
   endloop
 endfacet
 facet normal 0.000000000000e+00 0.000000000000e+00 -1.000000000000e+00
   outer loop
     vertex 1.731542649776e+01 2.781090794142e-01 0.000000000000e+00
     vertex 1.727968064935e+01 2.212249822529e-01 0.000000000000e+00
     vertex 1.480352761804e+01 -7.625466694844e-01 0.000000000000e+00
   endloop
 endfacet
 facet normal 0.000000000000e+00 0.000000000000e+00 -1.000000000000e+00
   outer loop
     vertex 1.731542649776e+01 2.781090794142e-01 0.000000000000e+00
     vertex 1.480352761804e+01 -7.625466694844e-01 0.000000000000e+00
     vertex 1.470000000000e+01 -7.489170000000e-01 0.000000000000e+00
   endloop
 endfacet
 facet normal 0.000000000000e+00 0.000000000000e+00 -1.000000000000e+00
   outer loop
     vertex 1.796209745834e+01 4.789754577691e-01 0.000000000000e+00
     vertex 1.789997580277e+01 4.312951145388e-01 0.000000000000e+00
     vertex 1.782763494005e+01 4.013065366907e-01 0.000000000000e+00
   endloop
 endfacet
 facet normal 0.000000000000e+00 0.000000000000e+00 -1.000000000000e+00
   outer loop
     vertex 1.796209745834e+01 4.789754577691e-01 0.000000000000e+00
     vertex 1.782763494005e+01 4.013065366907e-01 0.000000000000e+00
     vertex 1.774999900000e+01 3.910510000000e-01 0.000000000000e+00
   endloop
 endfacet
 facet normal 0.000000000000e+00 0.000000000000e+00 -1.000000000000e+00
   outer loop
     vertex 1.805000000000e+01 6.910830000000e-01 0.000000000000e+00
     vertex 1.774999900000e+01 3.910510000000e-01 0.000000000000e+00
     vertex 1.754999900000e+01 3.910510000000e-01 0.000000000000e+00
   endloop
 endfacet
 facet normal 0.000000000000e+00 0.000000000000e+00 -1.000000000000e+00
   outer loop
     vertex 1.805000000000e+01 6.910830000000e-01 0.000000000000e+00
     vertex 1.803975248530e+01 6.134460006824e-01 0.000000000000e+00
     vertex 1.800977138243e+01 5.411020396987e-01 0.000000000000e+00
   endloop
 endfacet
 facet normal 0.000000000000e+00 0.000000000000e+00 -1.000000000000e+00
   outer loop
     vertex 1.805000000000e+01 6.910830000000e-01 0.000000000000e+00
     vertex 1.800977138243e+01 5.411020396987e-01 0.000000000000e+00
     vertex 1.796209745834e+01 4.789754577691e-01 0.000000000000e+00
   endloop
 endfacet
 facet normal 0.000000000000e+00 0.000000000000e+00 -1.000000000000e+00
   outer loop
     vertex 1.805000000000e+01 6.910830000000e-01 0.000000000000e+00
     vertex 1.796209745834e+01 4.789754577691e-01 0.000000000000e+00
     vertex 1.774999900000e+01 3.910510000000e-01 0.000000000000e+00
   endloop
 endfacet
 facet normal 0.000000000000e+00 0.000000000000e+00 -1.000000000000e+00
   outer loop
     vertex 1.805000000000e+01 1.291083000000e+00 0.000000000000e+00
     vertex 1.754999900000e+01 3.910510000000e-01 0.000000000000e+00
     vertex 1.748323760947e+01 3.835354878230e-01 0.000000000000e+00
   endloop
 endfacet
 facet normal 0.000000000000e+00 0.000000000000e+00 -1.000000000000e+00
   outer loop
     vertex 1.805000000000e+01 1.291083000000e+00 0.000000000000e+00
     vertex 1.748323760947e+01 3.835354878230e-01 0.000000000000e+00
     vertex 1.741982275020e+01 3.613516691224e-01 0.000000000000e+00
   endloop
 endfacet
 facet normal 0.000000000000e+00 -0.000000000000e+00 -1.000000000000e+00
   outer loop
     vertex 1.805000000000e+01 1.291083000000e+00 0.000000000000e+00
     vertex 1.805000000000e+01 6.910830000000e-01 0.000000000000e+00
     vertex 1.754999900000e+01 3.910510000000e-01 0.000000000000e+00
   endloop
 endfacet
 facet normal 0.000000000000e+00 -0.000000000000e+00 -1.000000000000e+00
   outer loop
     vertex -3.939490352128e+00 2.332525456714e+01 0.000000000000e+00
     vertex 4.493851000000e+00 1.225746800000e+01 0.000000000000e+00
     vertex -5.058273193934e+00 2.191746602596e+01 0.000000000000e+00
   endloop
 endfacet
 facet normal 0.000000000000e+00 0.000000000000e+00 -1.000000000000e+00
   outer loop
     vertex 1.806022227635e+01 1.368728702126e+00 0.000000000000e+00
     vertex 1.741982275020e+01 3.613516691224e-01 0.000000000000e+00
     vertex 1.736293472154e+01 3.256120778554e-01 0.000000000000e+00
   endloop
 endfacet
 facet normal 0.000000000000e+00 0.000000000000e+00 -1.000000000000e+00
   outer loop
     vertex 1.806022227635e+01 1.368728702126e+00 0.000000000000e+00
     vertex 1.736293472154e+01 3.256120778554e-01 0.000000000000e+00
     vertex 1.731542649776e+01 2.781090794142e-01 0.000000000000e+00
   endloop
 endfacet
 facet normal 0.000000000000e+00 0.000000000000e+00 -1.000000000000e+00
   outer loop
     vertex 1.806022227635e+01 1.368728702126e+00 0.000000000000e+00
     vertex 1.805000000000e+01 1.291083000000e+00 0.000000000000e+00
     vertex 1.741982275020e+01 3.613516691224e-01 0.000000000000e+00
   endloop
 endfacet
 facet normal 0.000000000000e+00 0.000000000000e+00 -1.000000000000e+00
   outer loop
     vertex 1.809019241413e+01 1.441082975212e+00 0.000000000000e+00
     vertex 1.731542649776e+01 2.781090794142e-01 0.000000000000e+00
     vertex 1.470000000000e+01 -7.489170000000e-01 0.000000000000e+00
   endloop
 endfacet
 facet normal 0.000000000000e+00 0.000000000000e+00 -1.000000000000e+00
   outer loop
     vertex 1.809019241413e+01 1.441082975212e+00 0.000000000000e+00
     vertex 1.806022227635e+01 1.368728702126e+00 0.000000000000e+00
     vertex 1.731542649776e+01 2.781090794142e-01 0.000000000000e+00
   endloop
 endfacet
 facet normal 0.000000000000e+00 0.000000000000e+00 -1.000000000000e+00
   outer loop
     vertex 6.124573580634e+00 1.355043124194e+01 0.000000000000e+00
     vertex 4.749999000000e+00 1.239108300000e+01 0.000000000000e+00
     vertex 4.493851000000e+00 1.225746800000e+01 0.000000000000e+00
   endloop
 endfacet
 facet normal 0.000000000000e+00 -0.000000000000e+00 -1.000000000000e+00
   outer loop
     vertex -2.499684560679e+00 2.440252097185e+01 0.000000000000e+00
     vertex 4.493851000000e+00 1.225746800000e+01 0.000000000000e+00
     vertex -3.939490352128e+00 2.332525456714e+01 0.000000000000e+00
   endloop
 endfacet
 facet normal 0.000000000000e+00 0.000000000000e+00 -1.000000000000e+00
   outer loop
     vertex 1.582083930113e+01 6.301863171475e+00 0.000000000000e+00
     vertex 1.459647238196e+01 -7.625466694844e-01 0.000000000000e+00
     vertex 1.450000000000e+01 -8.025068384862e-01 0.000000000000e+00
   endloop
 endfacet
 facet normal 0.000000000000e+00 -0.000000000000e+00 -1.000000000000e+00
   outer loop
     vertex 1.564591779945e+01 6.483265430091e+00 0.000000000000e+00
     vertex 1.582083930113e+01 6.301863171475e+00 0.000000000000e+00
     vertex 1.450000000000e+01 -8.025068384862e-01 0.000000000000e+00
   endloop
 endfacet
 facet normal -0.000000000000e+00 0.000000000000e+00 -1.000000000000e+00
   outer loop
     vertex 1.564591779945e+01 6.483265430091e+00 0.000000000000e+00
     vertex 1.441715728753e+01 -8.660742875254e-01 0.000000000000e+00
     vertex 6.450000000000e+00 7.191083000000e+00 0.000000000000e+00
   endloop
 endfacet
 facet normal 0.000000000000e+00 0.000000000000e+00 -1.000000000000e+00
   outer loop
     vertex 1.564591779945e+01 6.483265430091e+00 0.000000000000e+00
     vertex 1.450000000000e+01 -8.025068384862e-01 0.000000000000e+00
     vertex 1.441715728753e+01 -8.660742875254e-01 0.000000000000e+00
   endloop
 endfacet
 facet normal 0.000000000000e+00 0.000000000000e+00 -1.000000000000e+00
   outer loop
     vertex 7.159407802918e+00 1.502103035665e+01 0.000000000000e+00
     vertex 6.124573580634e+00 1.355043124194e+01 0.000000000000e+00
     vertex 4.493851000000e+00 1.225746800000e+01 0.000000000000e+00
   endloop
 endfacet
 facet normal 0.000000000000e+00 -0.000000000000e+00 -1.000000000000e+00
   outer loop
     vertex 1.603245478512e+01 6.165030433729e+00 0.000000000000e+00
     vertex 1.809019241413e+01 1.441082975212e+00 0.000000000000e+00
     vertex 1.470000000000e+01 -7.489170000000e-01 0.000000000000e+00
   endloop
 endfacet
 facet normal 0.000000000000e+00 0.000000000000e+00 -1.000000000000e+00
   outer loop
     vertex 1.603245478512e+01 6.165030433729e+00 0.000000000000e+00
     vertex 1.470000000000e+01 -7.489170000000e-01 0.000000000000e+00
     vertex 1.459647238196e+01 -7.625466694844e-01 0.000000000000e+00
   endloop
 endfacet
 facet normal -0.000000000000e+00 0.000000000000e+00 -1.000000000000e+00
   outer loop
     vertex 1.603245478512e+01 6.165030433729e+00 0.000000000000e+00
     vertex 1.459647238196e+01 -7.625466694844e-01 0.000000000000e+00
     vertex 1.582083930113e+01 6.301863171475e+00 0.000000000000e+00
   endloop
 endfacet
 facet normal -0.000000000000e+00 -0.000000000000e+00 -1.000000000000e+00
   outer loop
     vertex 1.551687066806e+01 6.699716692652e+00 0.000000000000e+00
     vertex 1.564591779945e+01 6.483265430091e+00 0.000000000000e+00
     vertex 6.450000000000e+00 7.191083000000e+00 0.000000000000e+00
   endloop
 endfacet
 facet normal 0.000000000000e+00 0.000000000000e+00 -1.000000000000e+00
   outer loop
     vertex 1.626965805675e+01 6.079948595992e+00 0.000000000000e+00
     vertex 1.813786800000e+01 1.503215000000e+00 0.000000000000e+00
     vertex 1.809019241413e+01 1.441082975212e+00 0.000000000000e+00
   endloop
 endfacet
 facet normal -0.000000000000e+00 -0.000000000000e+00 -1.000000000000e+00
   outer loop
     vertex 1.626965805675e+01 6.079948595992e+00 0.000000000000e+00
     vertex 1.809019241413e+01 1.441082975212e+00 0.000000000000e+00
     vertex 1.603245478512e+01 6.165030433729e+00 0.000000000000e+00
   endloop
 endfacet
 facet normal -0.000000000000e+00 -0.000000000000e+00 -1.000000000000e+00
   outer loop
     vertex 1.544047067490e+01 6.939856968799e+00 0.000000000000e+00
     vertex 1.551687066806e+01 6.699716692652e+00 0.000000000000e+00
     vertex 6.450000000000e+00 7.191083000000e+00 0.000000000000e+00
   endloop
 endfacet
 facet normal 0.000000000000e+00 0.000000000000e+00 -1.000000000000e+00
   outer loop
     vertex 1.652000000000e+01 6.051083000000e+00 0.000000000000e+00
     vertex 1.820000002479e+01 1.550890585871e+00 0.000000000000e+00
     vertex 1.813786800000e+01 1.503215000000e+00 0.000000000000e+00
   endloop
 endfacet
 facet normal -0.000000000000e+00 -0.000000000000e+00 -1.000000000000e+00
   outer loop
     vertex 1.652000000000e+01 6.051083000000e+00 0.000000000000e+00
     vertex 1.813786800000e+01 1.503215000000e+00 0.000000000000e+00
     vertex 1.626965805675e+01 6.079948595992e+00 0.000000000000e+00
   endloop
 endfacet
 facet normal -0.000000000000e+00 -0.000000000000e+00 -1.000000000000e+00
   outer loop
     vertex 1.542072751331e+01 7.191083000000e+00 0.000000000000e+00
     vertex 1.544047067490e+01 6.939856968799e+00 0.000000000000e+00
     vertex 6.450000000000e+00 7.191083000000e+00 0.000000000000e+00
   endloop
 endfacet
 facet normal 0.000000000000e+00 0.000000000000e+00 -1.000000000000e+00
   outer loop
     vertex 2.106213200000e+01 1.678951000000e+00 0.000000000000e+00
     vertex 2.099999997521e+01 1.631275414129e+00 0.000000000000e+00
     vertex 2.092764570213e+01 1.601305276350e+00 0.000000000000e+00
   endloop
 endfacet
 facet normal 0.000000000000e+00 0.000000000000e+00 -1.000000000000e+00
   outer loop
     vertex 2.106213200000e+01 1.678951000000e+00 0.000000000000e+00
     vertex 2.092764570213e+01 1.601305276350e+00 0.000000000000e+00
     vertex 2.085000000000e+01 1.591083000000e+00 0.000000000000e+00
   endloop
 endfacet
 facet normal 0.000000000000e+00 -0.000000000000e+00 -1.000000000000e+00
   outer loop
     vertex 1.677034194325e+01 6.079948595992e+00 0.000000000000e+00
     vertex 1.820000002479e+01 1.550890585871e+00 0.000000000000e+00
     vertex 1.652000000000e+01 6.051083000000e+00 0.000000000000e+00
   endloop
 endfacet
 facet normal 0.000000000000e+00 0.000000000000e+00 -1.000000000000e+00
   outer loop
     vertex 1.677034194325e+01 6.079948595992e+00 0.000000000000e+00
     vertex 1.827235429787e+01 1.580860723650e+00 0.000000000000e+00
     vertex 1.820000002479e+01 1.550890585871e+00 0.000000000000e+00
   endloop
 endfacet
 facet normal 0.000000000000e+00 0.000000000000e+00 -1.000000000000e+00
   outer loop
     vertex 2.110980758587e+01 1.741083024788e+00 0.000000000000e+00
     vertex 2.106213200000e+01 1.678951000000e+00 0.000000000000e+00
     vertex 2.085000000000e+01 1.591083000000e+00 0.000000000000e+00
   endloop
 endfacet
 facet normal 0.000000000000e+00 0.000000000000e+00 -1.000000000000e+00
   outer loop
     vertex 2.115000000000e+01 1.891083000000e+00 0.000000000000e+00
     vertex 2.110980758587e+01 1.741083024788e+00 0.000000000000e+00
     vertex 2.085000000000e+01 1.591083000000e+00 0.000000000000e+00
   endloop
 endfacet
 facet normal 0.000000000000e+00 0.000000000000e+00 -1.000000000000e+00
   outer loop
     vertex 2.115000000000e+01 1.891083000000e+00 0.000000000000e+00
     vertex 2.113977772365e+01 1.813437297874e+00 0.000000000000e+00
     vertex 2.110980758587e+01 1.741083024788e+00 0.000000000000e+00
   endloop
 endfacet
 facet normal 0.000000000000e+00 -0.000000000000e+00 -1.000000000000e+00
   outer loop
     vertex 1.700754521488e+01 6.165030433729e+00 0.000000000000e+00
     vertex 1.827235429787e+01 1.580860723650e+00 0.000000000000e+00
     vertex 1.677034194325e+01 6.079948595992e+00 0.000000000000e+00
   endloop
 endfacet
 facet normal 0.000000000000e+00 0.000000000000e+00 -1.000000000000e+00
   outer loop
     vertex 1.700754521488e+01 6.165030433729e+00 0.000000000000e+00
     vertex 1.835000000000e+01 1.591083000000e+00 0.000000000000e+00
     vertex 1.827235429787e+01 1.580860723650e+00 0.000000000000e+00
   endloop
 endfacet
 facet normal 0.000000000000e+00 -0.000000000000e+00 -1.000000000000e+00
   outer loop
     vertex -8.333872975250e-01 2.507853654461e+01 0.000000000000e+00
     vertex 4.493851000000e+00 1.225746800000e+01 0.000000000000e+00
     vertex -2.499684560679e+00 2.440252097185e+01 0.000000000000e+00
   endloop
 endfacet
 facet normal 0.000000000000e+00 0.000000000000e+00 -1.000000000000e+00
   outer loop
     vertex 2.115000000000e+01 3.191083000000e+00 0.000000000000e+00
     vertex 2.085000000000e+01 1.591083000000e+00 0.000000000000e+00
     vertex 1.835000000000e+01 1.591083000000e+00 0.000000000000e+00
   endloop
 endfacet
 facet normal 0.000000000000e+00 -0.000000000000e+00 -1.000000000000e+00
   outer loop
     vertex 2.115000000000e+01 3.191083000000e+00 0.000000000000e+00
     vertex 2.115000000000e+01 1.891083000000e+00 0.000000000000e+00
     vertex 2.085000000000e+01 1.591083000000e+00 0.000000000000e+00
   endloop
 endfacet
 facet normal 0.000000000000e+00 0.000000000000e+00 -1.000000000000e+00
   outer loop
     vertex 7.786558886627e+00 1.670632710857e+01 0.000000000000e+00
     vertex 7.159407802918e+00 1.502103035665e+01 0.000000000000e+00
     vertex 4.493851000000e+00 1.225746800000e+01 0.000000000000e+00
   endloop
 endfacet
 facet normal 0.000000000000e+00 -0.000000000000e+00 -1.000000000000e+00
   outer loop
     vertex 2.111018000000e+01 3.513411000000e+00 0.000000000000e+00
     vertex 2.115000000000e+01 3.191083000000e+00 0.000000000000e+00
     vertex 1.835000000000e+01 1.591083000000e+00 0.000000000000e+00
   endloop
 endfacet
 facet normal 0.000000000000e+00 -0.000000000000e+00 -1.000000000000e+00
   outer loop
     vertex 2.097293000000e+01 3.939173000000e+00 0.000000000000e+00
     vertex 2.111018000000e+01 3.513411000000e+00 0.000000000000e+00
     vertex 1.835000000000e+01 1.591083000000e+00 0.000000000000e+00
   endloop
 endfacet
 facet normal 0.000000000000e+00 -0.000000000000e+00 -1.000000000000e+00
   outer loop
     vertex 2.070968200000e+01 4.481691000000e+00 0.000000000000e+00
     vertex 2.097293000000e+01 3.939173000000e+00 0.000000000000e+00
     vertex 1.835000000000e+01 1.591083000000e+00 0.000000000000e+00
   endloop
 endfacet
 facet normal -0.000000000000e+00 0.000000000000e+00 -1.000000000000e+00
   outer loop
     vertex 2.029524200000e+01 5.143061000000e+00 0.000000000000e+00
     vertex 1.835000000000e+01 1.591083000000e+00 0.000000000000e+00
     vertex 1.700754521488e+01 6.165030433729e+00 0.000000000000e+00
   endloop
 endfacet
 facet normal 0.000000000000e+00 -0.000000000000e+00 -1.000000000000e+00
   outer loop
     vertex 2.029524200000e+01 5.143061000000e+00 0.000000000000e+00
     vertex 2.070968200000e+01 4.481691000000e+00 0.000000000000e+00
     vertex 1.835000000000e+01 1.591083000000e+00 0.000000000000e+00
   endloop
 endfacet
 facet normal -0.000000000000e+00 -0.000000000000e+00 -1.000000000000e+00
   outer loop
     vertex 1.971421600000e+01 5.911723000000e+00 0.000000000000e+00
     vertex 2.029524200000e+01 5.143061000000e+00 0.000000000000e+00
     vertex 1.700754521488e+01 6.165030433729e+00 0.000000000000e+00
   endloop
 endfacet
 facet normal 0.000000000000e+00 0.000000000000e+00 -1.000000000000e+00
   outer loop
     vertex 1.971421600000e+01 5.911723000000e+00 0.000000000000e+00
     vertex 1.700754521488e+01 6.165030433729e+00 0.000000000000e+00
     vertex 1.721916069887e+01 6.301863171475e+00 0.000000000000e+00
   endloop
 endfacet
 facet normal 0.000000000000e+00 -0.000000000000e+00 -1.000000000000e+00
   outer loop
     vertex 1.935824400000e+01 6.331272000000e+00 0.000000000000e+00
     vertex 1.971421600000e+01 5.911723000000e+00 0.000000000000e+00
     vertex 1.721916069887e+01 6.301863171475e+00 0.000000000000e+00
   endloop
 endfacet
 facet normal -0.000000000000e+00 0.000000000000e+00 -1.000000000000e+00
   outer loop
     vertex 1.935824400000e+01 6.331272000000e+00 0.000000000000e+00
     vertex 1.721916069887e+01 6.301863171475e+00 0.000000000000e+00
     vertex 1.739408220055e+01 6.483265430091e+00 0.000000000000e+00
   endloop
 endfacet
 facet normal 0.000000000000e+00 -0.000000000000e+00 -1.000000000000e+00
   outer loop
     vertex 1.896431900000e+01 6.764118000000e+00 0.000000000000e+00
     vertex 1.935824400000e+01 6.331272000000e+00 0.000000000000e+00
     vertex 1.739408220055e+01 6.483265430091e+00 0.000000000000e+00
   endloop
 endfacet
 facet normal 0.000000000000e+00 0.000000000000e+00 -1.000000000000e+00
   outer loop
     vertex 1.896431900000e+01 6.764118000000e+00 0.000000000000e+00
     vertex 1.739408220055e+01 6.483265430091e+00 0.000000000000e+00
     vertex 1.752312933194e+01 6.699716692652e+00 0.000000000000e+00
   endloop
 endfacet
 facet normal 0.000000000000e+00 -0.000000000000e+00 -1.000000000000e+00
   outer loop
     vertex 1.855000000000e+01 7.191083000000e+00 0.000000000000e+00
     vertex 1.896431900000e+01 6.764118000000e+00 0.000000000000e+00
     vertex 1.752312933194e+01 6.699716692652e+00 0.000000000000e+00
   endloop
 endfacet
 facet normal -0.000000000000e+00 0.000000000000e+00 -1.000000000000e+00
   outer loop
     vertex 1.855000000000e+01 7.191083000000e+00 0.000000000000e+00
     vertex 1.759952932510e+01 6.939856968799e+00 0.000000000000e+00
     vertex 1.761927248669e+01 7.191083000000e+00 0.000000000000e+00
   endloop
 endfacet
 facet normal 0.000000000000e+00 0.000000000000e+00 -1.000000000000e+00
   outer loop
     vertex 1.855000000000e+01 7.191083000000e+00 0.000000000000e+00
     vertex 1.752312933194e+01 6.699716692652e+00 0.000000000000e+00
     vertex 1.759952932510e+01 6.939856968799e+00 0.000000000000e+00
   endloop
 endfacet
 facet normal 0.000000000000e+00 -0.000000000000e+00 -1.000000000000e+00
   outer loop
     vertex 9.499995000000e-01 2.530891700000e+01 0.000000000000e+00
     vertex 4.493851000000e+00 1.225746800000e+01 0.000000000000e+00
     vertex -8.333872975250e-01 2.507853654461e+01 0.000000000000e+00
   endloop
 endfacet
 facet normal 0.000000000000e+00 0.000000000000e+00 -1.000000000000e+00
   outer loop
     vertex 7.964850779280e+00 1.849567213534e+01 0.000000000000e+00
     vertex 7.786558886627e+00 1.670632710857e+01 0.000000000000e+00
     vertex 4.493851000000e+00 1.225746800000e+01 0.000000000000e+00
   endloop
 endfacet
 facet normal -0.000000000000e+00 -0.000000000000e+00 -1.000000000000e+00
   outer loop
     vertex 2.733386297525e+00 2.507853654461e+01 0.000000000000e+00
     vertex 4.493851000000e+00 1.225746800000e+01 0.000000000000e+00
     vertex 9.499995000000e-01 2.530891700000e+01 0.000000000000e+00
   endloop
 endfacet
 facet normal 0.000000000000e+00 -0.000000000000e+00 -1.000000000000e+00
   outer loop
     vertex 7.682577599279e+00 2.027158471079e+01 0.000000000000e+00
     vertex 7.964850779280e+00 1.849567213534e+01 0.000000000000e+00
     vertex 4.493851000000e+00 1.225746800000e+01 0.000000000000e+00
   endloop
 endfacet
 facet normal -0.000000000000e+00 -0.000000000000e+00 -1.000000000000e+00
   outer loop
     vertex 4.399683560679e+00 2.440252097185e+01 0.000000000000e+00
     vertex 4.493851000000e+00 1.225746800000e+01 0.000000000000e+00
     vertex 2.733386297525e+00 2.507853654461e+01 0.000000000000e+00
   endloop
 endfacet
 facet normal 0.000000000000e+00 -0.000000000000e+00 -1.000000000000e+00
   outer loop
     vertex 6.958272193934e+00 2.191746602596e+01 0.000000000000e+00
     vertex 7.682577599279e+00 2.027158471079e+01 0.000000000000e+00
     vertex 4.493851000000e+00 1.225746800000e+01 0.000000000000e+00
   endloop
 endfacet
 facet normal -0.000000000000e+00 0.000000000000e+00 -1.000000000000e+00
   outer loop
     vertex 5.839489352128e+00 2.332525456714e+01 0.000000000000e+00
     vertex 4.493851000000e+00 1.225746800000e+01 0.000000000000e+00
     vertex 4.399683560679e+00 2.440252097185e+01 0.000000000000e+00
   endloop
 endfacet
 facet normal 0.000000000000e+00 -0.000000000000e+00 -1.000000000000e+00
   outer loop
     vertex 5.839489352128e+00 2.332525456714e+01 0.000000000000e+00
     vertex 6.958272193934e+00 2.191746602596e+01 0.000000000000e+00
     vertex 4.493851000000e+00 1.225746800000e+01 0.000000000000e+00
   endloop
 endfacet
 facet normal 0.000000000000e+00 0.000000000000e+00 -1.000000000000e+00
   outer loop
     vertex 1.724996800000e+01 -2.208916000000e+00 0.000000000000e+00
     vertex 1.690000000000e+01 -1.148917000000e+00 0.000000000000e+00
     vertex 1.724996700000e+01 9.105200000000e-02 0.000000000000e+00
   endloop
 endfacet
 facet normal 0.000000000000e+00 0.000000000000e+00 -1.000000000000e+00
   outer loop
     vertex 1.690000000000e+01 -1.148917000000e+00 0.000000000000e+00
     vertex 1.688637033052e+01 -1.045389381959e+00 0.000000000000e+00
     vertex 1.724996700000e+01 9.105200000000e-02 0.000000000000e+00
   endloop
 endfacet
 facet normal 0.000000000000e+00 0.000000000000e+00 1.000000000000e+00
   outer loop
     vertex -1.715000000000e+01 -1.852853224227e+01 9.100000000000e-01
     vertex -1.727426406871e+01 -1.843318106871e+01 9.100000000000e-01
     vertex -1.985014673403e+01 -2.116730518839e+01 9.100000000000e-01
   endloop
 endfacet
 facet normal 0.000000000000e+00 0.000000000000e+00 1.000000000000e+00
   outer loop
     vertex -1.736961524227e+01 -1.830891700000e+01 9.100000000000e-01
     vertex -1.985014673403e+01 -2.116730518839e+01 9.100000000000e-01
     vertex -1.727426406871e+01 -1.843318106871e+01 9.100000000000e-01
   endloop
 endfacet
 facet normal 0.000000000000e+00 0.000000000000e+00 1.000000000000e+00
   outer loop
     vertex -1.736961524227e+01 -1.830891700000e+01 9.100000000000e-01
     vertex -2.116065794288e+01 -1.908163838037e+01 9.100000000000e-01
     vertex -1.985014673403e+01 -2.116730518839e+01 9.100000000000e-01
   endloop
 endfacet
 facet normal 0.000000000000e+00 0.000000000000e+00 1.000000000000e+00
   outer loop
     vertex -1.742955549577e+01 -1.816420842706e+01 9.100000000000e-01
     vertex -2.116065794288e+01 -1.908163838037e+01 9.100000000000e-01
     vertex -1.736961524227e+01 -1.830891700000e+01 9.100000000000e-01
   endloop
 endfacet
 facet normal 0.000000000000e+00 0.000000000000e+00 1.000000000000e+00
   outer loop
     vertex -1.700529142706e+01 -1.858847249577e+01 9.100000000000e-01
     vertex -1.985014673403e+01 -2.116730518839e+01 9.100000000000e-01
     vertex -1.810838818839e+01 -2.290906373403e+01 9.100000000000e-01
   endloop
 endfacet
 facet normal 0.000000000000e+00 0.000000000000e+00 1.000000000000e+00
   outer loop
     vertex -1.700529142706e+01 -1.858847249577e+01 9.100000000000e-01
     vertex -1.715000000000e+01 -1.852853224227e+01 9.100000000000e-01
     vertex -1.985014673403e+01 -2.116730518839e+01 9.100000000000e-01
   endloop
 endfacet
 facet normal 0.000000000000e+00 0.000000000000e+00 1.000000000000e+00
   outer loop
     vertex -1.745000000000e+01 -1.800891700000e+01 9.100000000000e-01
     vertex -2.116065794288e+01 -1.908163838037e+01 9.100000000000e-01
     vertex -1.742955549577e+01 -1.816420842706e+01 9.100000000000e-01
   endloop
 endfacet
 facet normal 0.000000000000e+00 0.000000000000e+00 1.000000000000e+00
   outer loop
     vertex -1.685000000000e+01 -1.860891700000e+01 9.100000000000e-01
     vertex -1.700529142706e+01 -1.858847249577e+01 9.100000000000e-01
     vertex -1.810838818839e+01 -2.290906373403e+01 9.100000000000e-01
   endloop
 endfacet
 facet normal 0.000000000000e+00 0.000000000000e+00 1.000000000000e+00
   outer loop
     vertex -1.742955549577e+01 -1.785362557294e+01 9.100000000000e-01
     vertex -2.116065794288e+01 -1.908163838037e+01 9.100000000000e-01
     vertex -1.745000000000e+01 -1.800891700000e+01 9.100000000000e-01
   endloop
 endfacet
 facet normal 0.000000000000e+00 0.000000000000e+00 1.000000000000e+00
   outer loop
     vertex -1.742955549577e+01 -1.785362557294e+01 9.100000000000e-01
     vertex -2.197420728967e+01 -1.675664738620e+01 9.100000000000e-01
     vertex -2.116065794288e+01 -1.908163838037e+01 9.100000000000e-01
   endloop
 endfacet
 facet normal 0.000000000000e+00 0.000000000000e+00 1.000000000000e+00
   outer loop
     vertex -1.669470857294e+01 -1.858847249577e+01 9.100000000000e-01
     vertex -1.685000000000e+01 -1.860891700000e+01 9.100000000000e-01
     vertex -1.810838818839e+01 -2.290906373403e+01 9.100000000000e-01
   endloop
 endfacet
 facet normal 0.000000000000e+00 0.000000000000e+00 1.000000000000e+00
   outer loop
     vertex -1.669470857294e+01 -1.858847249577e+01 9.100000000000e-01
     vertex -1.810838818839e+01 -2.290906373403e+01 9.100000000000e-01
     vertex -1.602272138037e+01 -2.421957494288e+01 9.100000000000e-01
   endloop
 endfacet
 facet normal 0.000000000000e+00 0.000000000000e+00 1.000000000000e+00
   outer loop
     vertex -1.655000000000e+01 -1.852853224227e+01 9.100000000000e-01
     vertex -1.669470857294e+01 -1.858847249577e+01 9.100000000000e-01
     vertex -1.602272138037e+01 -2.421957494288e+01 9.100000000000e-01
   endloop
 endfacet
 facet normal 0.000000000000e+00 0.000000000000e+00 1.000000000000e+00
   outer loop
     vertex -1.736961524227e+01 -1.770891700000e+01 9.100000000000e-01
     vertex -2.197420728967e+01 -1.675664738620e+01 9.100000000000e-01
     vertex -1.742955549577e+01 -1.785362557294e+01 9.100000000000e-01
   endloop
 endfacet
 facet normal 0.000000000000e+00 0.000000000000e+00 1.000000000000e+00
   outer loop
     vertex -1.642573593129e+01 -1.843318106871e+01 9.100000000000e-01
     vertex -1.655000000000e+01 -1.852853224227e+01 9.100000000000e-01
     vertex -1.602272138037e+01 -2.421957494288e+01 9.100000000000e-01
   endloop
 endfacet
 facet normal 0.000000000000e+00 0.000000000000e+00 1.000000000000e+00
   outer loop
     vertex -1.642573593129e+01 -1.843318106871e+01 9.100000000000e-01
     vertex -1.602272138037e+01 -2.421957494288e+01 9.100000000000e-01
     vertex -1.369773038620e+01 -2.503312428967e+01 9.100000000000e-01
   endloop
 endfacet
 facet normal 0.000000000000e+00 0.000000000000e+00 1.000000000000e+00
   outer loop
     vertex -1.727426406871e+01 -1.758465293129e+01 9.100000000000e-01
     vertex -2.197420728967e+01 -1.675664738620e+01 9.100000000000e-01
     vertex -1.736961524227e+01 -1.770891700000e+01 9.100000000000e-01
   endloop
 endfacet
 facet normal 0.000000000000e+00 0.000000000000e+00 1.000000000000e+00
   outer loop
     vertex -1.727426406871e+01 -1.758465293129e+01 9.100000000000e-01
     vertex -2.225000000000e+01 -1.430891700000e+01 9.100000000000e-01
     vertex -2.197420728967e+01 -1.675664738620e+01 9.100000000000e-01
   endloop
 endfacet
 facet normal 0.000000000000e+00 0.000000000000e+00 1.000000000000e+00
   outer loop
     vertex -1.633038475773e+01 -1.830891700000e+01 9.100000000000e-01
     vertex -1.642573593129e+01 -1.843318106871e+01 9.100000000000e-01
     vertex -1.369773038620e+01 -2.503312428967e+01 9.100000000000e-01
   endloop
 endfacet
 facet normal 0.000000000000e+00 0.000000000000e+00 1.000000000000e+00
   outer loop
     vertex -1.715000000000e+01 -1.748930175773e+01 9.100000000000e-01
     vertex -2.225000000000e+01 -1.430891700000e+01 9.100000000000e-01
     vertex -1.727426406871e+01 -1.758465293129e+01 9.100000000000e-01
   endloop
 endfacet
 facet normal 0.000000000000e+00 0.000000000000e+00 1.000000000000e+00
   outer loop
     vertex -1.700529142706e+01 -1.742936150423e+01 9.100000000000e-01
     vertex -2.225000000000e+01 -1.430891700000e+01 9.100000000000e-01
     vertex -1.715000000000e+01 -1.748930175773e+01 9.100000000000e-01
   endloop
 endfacet
 facet normal 0.000000000000e+00 0.000000000000e+00 1.000000000000e+00
   outer loop
     vertex -1.685000000000e+01 -1.740891700000e+01 9.100000000000e-01
     vertex -2.225000000000e+01 -1.430891700000e+01 9.100000000000e-01
     vertex -1.700529142706e+01 -1.742936150423e+01 9.100000000000e-01
   endloop
 endfacet
 facet normal 0.000000000000e+00 0.000000000000e+00 1.000000000000e+00
   outer loop
     vertex -9.274264068712e+00 -1.843318106871e+01 9.100000000000e-01
     vertex -1.369773038620e+01 -2.503312428967e+01 9.100000000000e-01
     vertex -1.125000000000e+01 -2.530891700000e+01 9.100000000000e-01
   endloop
 endfacet
 facet normal 0.000000000000e+00 0.000000000000e+00 1.000000000000e+00
   outer loop
     vertex -9.369615242271e+00 -1.830891700000e+01 9.100000000000e-01
     vertex -1.633038475773e+01 -1.830891700000e+01 9.100000000000e-01
     vertex -1.369773038620e+01 -2.503312428967e+01 9.100000000000e-01
   endloop
 endfacet
 facet normal 0.000000000000e+00 0.000000000000e+00 1.000000000000e+00
   outer loop
     vertex -9.369615242271e+00 -1.830891700000e+01 9.100000000000e-01
     vertex -1.369773038620e+01 -2.503312428967e+01 9.100000000000e-01
     vertex -9.274264068712e+00 -1.843318106871e+01 9.100000000000e-01
   endloop
 endfacet
 facet normal 0.000000000000e+00 0.000000000000e+00 1.000000000000e+00
   outer loop
     vertex -9.150000000000e+00 -1.852853224227e+01 9.100000000000e-01
     vertex -9.274264068712e+00 -1.843318106871e+01 9.100000000000e-01
     vertex -1.125000000000e+01 -2.530891700000e+01 9.100000000000e-01
   endloop
 endfacet
 facet normal 0.000000000000e+00 0.000000000000e+00 1.000000000000e+00
   outer loop
     vertex -9.005291427062e+00 -1.858847249577e+01 9.100000000000e-01
     vertex -9.150000000000e+00 -1.852853224227e+01 9.100000000000e-01
     vertex -1.125000000000e+01 -2.530891700000e+01 9.100000000000e-01
   endloop
 endfacet
 facet normal 0.000000000000e+00 0.000000000000e+00 1.000000000000e+00
   outer loop
     vertex -9.429555495773e+00 -1.816420842706e+01 9.100000000000e-01
     vertex -1.627044450423e+01 -1.816420842706e+01 9.100000000000e-01
     vertex -1.633038475773e+01 -1.830891700000e+01 9.100000000000e-01
   endloop
 endfacet
 facet normal 0.000000000000e+00 0.000000000000e+00 1.000000000000e+00
   outer loop
     vertex -9.429555495773e+00 -1.816420842706e+01 9.100000000000e-01
     vertex -1.633038475773e+01 -1.830891700000e+01 9.100000000000e-01
     vertex -9.369615242271e+00 -1.830891700000e+01 9.100000000000e-01
   endloop
 endfacet
 facet normal 0.000000000000e+00 0.000000000000e+00 1.000000000000e+00
   outer loop
     vertex -8.850000000000e+00 -1.860891700000e+01 9.100000000000e-01
     vertex -9.005291427062e+00 -1.858847249577e+01 9.100000000000e-01
     vertex -1.125000000000e+01 -2.530891700000e+01 9.100000000000e-01
   endloop
 endfacet
 facet normal 0.000000000000e+00 0.000000000000e+00 1.000000000000e+00
   outer loop
     vertex -9.450000000000e+00 -1.800891700000e+01 9.100000000000e-01
     vertex -1.625000000000e+01 -1.800891700000e+01 9.100000000000e-01
     vertex -1.627044450423e+01 -1.816420842706e+01 9.100000000000e-01
   endloop
 endfacet
 facet normal 0.000000000000e+00 0.000000000000e+00 1.000000000000e+00
   outer loop
     vertex -9.450000000000e+00 -1.800891700000e+01 9.100000000000e-01
     vertex -1.627044450423e+01 -1.816420842706e+01 9.100000000000e-01
     vertex -9.429555495773e+00 -1.816420842706e+01 9.100000000000e-01
   endloop
 endfacet
 facet normal 0.000000000000e+00 0.000000000000e+00 1.000000000000e+00
   outer loop
     vertex -8.694708572938e+00 -1.858847249577e+01 9.100000000000e-01
     vertex -8.850000000000e+00 -1.860891700000e+01 9.100000000000e-01
     vertex -1.125000000000e+01 -2.530891700000e+01 9.100000000000e-01
   endloop
 endfacet
 facet normal 0.000000000000e+00 0.000000000000e+00 1.000000000000e+00
   outer loop
     vertex -9.429555495773e+00 -1.785362557294e+01 9.100000000000e-01
     vertex -1.625000000000e+01 -1.800891700000e+01 9.100000000000e-01
     vertex -9.450000000000e+00 -1.800891700000e+01 9.100000000000e-01
   endloop
 endfacet
 facet normal 0.000000000000e+00 0.000000000000e+00 1.000000000000e+00
   outer loop
     vertex -9.429555495773e+00 -1.785362557294e+01 9.100000000000e-01
     vertex -1.627044450423e+01 -1.785362557294e+01 9.100000000000e-01
     vertex -1.625000000000e+01 -1.800891700000e+01 9.100000000000e-01
   endloop
 endfacet
 facet normal 0.000000000000e+00 0.000000000000e+00 1.000000000000e+00
   outer loop
     vertex -8.550000000000e+00 -1.852853224227e+01 9.100000000000e-01
     vertex -8.694708572938e+00 -1.858847249577e+01 9.100000000000e-01
     vertex -1.125000000000e+01 -2.530891700000e+01 9.100000000000e-01
   endloop
 endfacet
 facet normal 0.000000000000e+00 0.000000000000e+00 1.000000000000e+00
   outer loop
     vertex -9.369615242271e+00 -1.770891700000e+01 9.100000000000e-01
     vertex -1.633038475773e+01 -1.770891700000e+01 9.100000000000e-01
     vertex -1.627044450423e+01 -1.785362557294e+01 9.100000000000e-01
   endloop
 endfacet
 facet normal 0.000000000000e+00 0.000000000000e+00 1.000000000000e+00
   outer loop
     vertex -9.369615242271e+00 -1.770891700000e+01 9.100000000000e-01
     vertex -1.627044450423e+01 -1.785362557294e+01 9.100000000000e-01
     vertex -9.429555495773e+00 -1.785362557294e+01 9.100000000000e-01
   endloop
 endfacet
 facet normal 0.000000000000e+00 0.000000000000e+00 1.000000000000e+00
   outer loop
     vertex -9.274264068712e+00 -1.758465293129e+01 9.100000000000e-01
     vertex -1.642573593129e+01 -1.758465293129e+01 9.100000000000e-01
     vertex -1.633038475773e+01 -1.770891700000e+01 9.100000000000e-01
   endloop
 endfacet
 facet normal 0.000000000000e+00 0.000000000000e+00 1.000000000000e+00
   outer loop
     vertex -9.274264068712e+00 -1.758465293129e+01 9.100000000000e-01
     vertex -1.633038475773e+01 -1.770891700000e+01 9.100000000000e-01
     vertex -9.369615242271e+00 -1.770891700000e+01 9.100000000000e-01
   endloop
 endfacet
 facet normal 0.000000000000e+00 0.000000000000e+00 1.000000000000e+00
   outer loop
     vertex -8.425735931288e+00 -1.843318106871e+01 9.100000000000e-01
     vertex -8.550000000000e+00 -1.852853224227e+01 9.100000000000e-01
     vertex -1.125000000000e+01 -2.530891700000e+01 9.100000000000e-01
   endloop
 endfacet
 facet normal 0.000000000000e+00 0.000000000000e+00 1.000000000000e+00
   outer loop
     vertex -9.150000000000e+00 -1.748930175773e+01 9.100000000000e-01
     vertex -1.655000000000e+01 -1.748930175773e+01 9.100000000000e-01
     vertex -1.642573593129e+01 -1.758465293129e+01 9.100000000000e-01
   endloop
 endfacet
 facet normal 0.000000000000e+00 0.000000000000e+00 1.000000000000e+00
   outer loop
     vertex -9.150000000000e+00 -1.748930175773e+01 9.100000000000e-01
     vertex -1.642573593129e+01 -1.758465293129e+01 9.100000000000e-01
     vertex -9.274264068712e+00 -1.758465293129e+01 9.100000000000e-01
   endloop
 endfacet
 facet normal 0.000000000000e+00 0.000000000000e+00 1.000000000000e+00
   outer loop
     vertex -1.915574184228e+01 -5.550940003460e+00 9.100000000000e-01
     vertex -2.225000000000e+01 -1.430891700000e+01 9.100000000000e-01
     vertex -1.911577462203e+01 -5.596053669172e+00 9.100000000000e-01
   endloop
 endfacet
 facet normal 0.000000000000e+00 0.000000000000e+00 1.000000000000e+00
   outer loop
     vertex -1.906617236969e+01 -5.630291631886e+00 9.100000000000e-01
     vertex -1.911577462203e+01 -5.596053669172e+00 9.100000000000e-01
     vertex -2.225000000000e+01 -1.430891700000e+01 9.100000000000e-01
   endloop
 endfacet
 facet normal 0.000000000000e+00 0.000000000000e+00 1.000000000000e+00
   outer loop
     vertex -1.918375128087e+01 -5.497572477019e+00 9.100000000000e-01
     vertex -2.225000000000e+01 -1.430891700000e+01 9.100000000000e-01
     vertex -1.915574184228e+01 -5.550940003460e+00 9.100000000000e-01
   endloop
 endfacet
 facet normal 0.000000000000e+00 0.000000000000e+00 1.000000000000e+00
   outer loop
     vertex -1.900981778786e+01 -5.651664105658e+00 9.100000000000e-01
     vertex -1.906617236969e+01 -5.630291631886e+00 9.100000000000e-01
     vertex -2.225000000000e+01 -1.430891700000e+01 9.100000000000e-01
   endloop
 endfacet
 facet normal 0.000000000000e+00 0.000000000000e+00 1.000000000000e+00
   outer loop
     vertex -1.894998600000e+01 -5.658929000000e+00 9.100000000000e-01
     vertex -1.900981778786e+01 -5.651664105658e+00 9.100000000000e-01
     vertex -2.225000000000e+01 -1.430891700000e+01 9.100000000000e-01
   endloop
 endfacet
 facet normal 0.000000000000e+00 0.000000000000e+00 1.000000000000e+00
   outer loop
     vertex -2.225000000000e+01 -1.008917000000e+00 9.100000000000e-01
     vertex -1.918375128087e+01 -5.497572477019e+00 9.100000000000e-01
     vertex -1.919817513103e+01 -5.439052616504e+00 9.100000000000e-01
   endloop
 endfacet
 facet normal 0.000000000000e+00 0.000000000000e+00 1.000000000000e+00
   outer loop
     vertex -2.225000000000e+01 -1.008917000000e+00 9.100000000000e-01
     vertex -1.919817513103e+01 -5.439052616504e+00 9.100000000000e-01
     vertex -1.919817513103e+01 -5.378781383496e+00 9.100000000000e-01
   endloop
 endfacet
 facet normal 0.000000000000e+00 0.000000000000e+00 1.000000000000e+00
   outer loop
     vertex -2.225000000000e+01 -1.008917000000e+00 9.100000000000e-01
     vertex -1.919817513103e+01 -5.378781383496e+00 9.100000000000e-01
     vertex -1.918375128087e+01 -5.320261522981e+00 9.100000000000e-01
   endloop
 endfacet
 facet normal 0.000000000000e+00 0.000000000000e+00 1.000000000000e+00
   outer loop
     vertex -2.225000000000e+01 -1.008917000000e+00 9.100000000000e-01
     vertex -1.918375128087e+01 -5.320261522981e+00 9.100000000000e-01
     vertex -1.915574184228e+01 -5.266893996540e+00 9.100000000000e-01
   endloop
 endfacet
 facet normal 0.000000000000e+00 0.000000000000e+00 1.000000000000e+00
   outer loop
     vertex -2.225000000000e+01 -1.008917000000e+00 9.100000000000e-01
     vertex -1.915574184228e+01 -5.266893996540e+00 9.100000000000e-01
     vertex -1.911577462203e+01 -5.221780330828e+00 9.100000000000e-01
   endloop
 endfacet
 facet normal 0.000000000000e+00 0.000000000000e+00 1.000000000000e+00
   outer loop
     vertex -2.225000000000e+01 -1.008917000000e+00 9.100000000000e-01
     vertex -1.911577462203e+01 -5.221780330828e+00 9.100000000000e-01
     vertex -1.906617236969e+01 -5.187542368114e+00 9.100000000000e-01
   endloop
 endfacet
 facet normal 0.000000000000e+00 0.000000000000e+00 1.000000000000e+00
   outer loop
     vertex -2.225000000000e+01 -1.008917000000e+00 9.100000000000e-01
     vertex -1.906617236969e+01 -5.187542368114e+00 9.100000000000e-01
     vertex -1.900981778786e+01 -5.166169894342e+00 9.100000000000e-01
   endloop
 endfacet
 facet normal 0.000000000000e+00 0.000000000000e+00 1.000000000000e+00
   outer loop
     vertex -2.225000000000e+01 -1.008917000000e+00 9.100000000000e-01
     vertex -2.225000000000e+01 -1.430891700000e+01 9.100000000000e-01
     vertex -1.918375128087e+01 -5.497572477019e+00 9.100000000000e-01
   endloop
 endfacet
 facet normal 0.000000000000e+00 0.000000000000e+00 1.000000000000e+00
   outer loop
     vertex -1.755001400000e+01 -5.658929000000e+00 9.100000000000e-01
     vertex -1.894998600000e+01 -5.658929000000e+00 9.100000000000e-01
     vertex -2.225000000000e+01 -1.430891700000e+01 9.100000000000e-01
   endloop
 endfacet
 facet normal 0.000000000000e+00 0.000000000000e+00 1.000000000000e+00
   outer loop
     vertex -1.755001400000e+01 -5.658929000000e+00 9.100000000000e-01
     vertex -2.225000000000e+01 -1.430891700000e+01 9.100000000000e-01
     vertex -1.685000000000e+01 -1.740891700000e+01 9.100000000000e-01
   endloop
 endfacet
 facet normal 0.000000000000e+00 0.000000000000e+00 1.000000000000e+00
   outer loop
     vertex -1.749018221214e+01 -5.651664105658e+00 9.100000000000e-01
     vertex -1.685000000000e+01 -1.740891700000e+01 9.100000000000e-01
     vertex -1.669470857294e+01 -1.742936150423e+01 9.100000000000e-01
   endloop
 endfacet
 facet normal 0.000000000000e+00 0.000000000000e+00 1.000000000000e+00
   outer loop
     vertex -1.749018221214e+01 -5.651664105658e+00 9.100000000000e-01
     vertex -1.755001400000e+01 -5.658929000000e+00 9.100000000000e-01
     vertex -1.685000000000e+01 -1.740891700000e+01 9.100000000000e-01
   endloop
 endfacet
 facet normal 0.000000000000e+00 0.000000000000e+00 1.000000000000e+00
   outer loop
     vertex -1.743382763031e+01 -5.630291631886e+00 9.100000000000e-01
     vertex -1.749018221214e+01 -5.651664105658e+00 9.100000000000e-01
     vertex -1.669470857294e+01 -1.742936150423e+01 9.100000000000e-01
   endloop
 endfacet
 facet normal 0.000000000000e+00 0.000000000000e+00 1.000000000000e+00
   outer loop
     vertex -1.743382763031e+01 -5.630291631886e+00 9.100000000000e-01
     vertex -1.669470857294e+01 -1.742936150423e+01 9.100000000000e-01
     vertex -1.655000000000e+01 -1.748930175773e+01 9.100000000000e-01
   endloop
 endfacet
 facet normal 0.000000000000e+00 0.000000000000e+00 1.000000000000e+00
   outer loop
     vertex -1.738422537797e+01 -5.596053669172e+00 9.100000000000e-01
     vertex -9.150000000000e+00 -1.748930175773e+01 9.100000000000e-01
     vertex -9.005291427062e+00 -1.742936150423e+01 9.100000000000e-01
   endloop
 endfacet
 facet normal 0.000000000000e+00 0.000000000000e+00 1.000000000000e+00
   outer loop
     vertex -1.738422537797e+01 -5.596053669172e+00 9.100000000000e-01
     vertex -1.655000000000e+01 -1.748930175773e+01 9.100000000000e-01
     vertex -9.150000000000e+00 -1.748930175773e+01 9.100000000000e-01
   endloop
 endfacet
 facet normal 0.000000000000e+00 0.000000000000e+00 1.000000000000e+00
   outer loop
     vertex -1.738422537797e+01 -5.596053669172e+00 9.100000000000e-01
     vertex -1.743382763031e+01 -5.630291631886e+00 9.100000000000e-01
     vertex -1.655000000000e+01 -1.748930175773e+01 9.100000000000e-01
   endloop
 endfacet
 facet normal 0.000000000000e+00 0.000000000000e+00 1.000000000000e+00
   outer loop
     vertex -1.734425815772e+01 -5.550940003460e+00 9.100000000000e-01
     vertex -1.738422537797e+01 -5.596053669172e+00 9.100000000000e-01
     vertex -9.005291427062e+00 -1.742936150423e+01 9.100000000000e-01
   endloop
 endfacet
 facet normal 0.000000000000e+00 0.000000000000e+00 1.000000000000e+00
   outer loop
     vertex -1.731624871913e+01 -5.497572477019e+00 9.100000000000e-01
     vertex -9.005291427062e+00 -1.742936150423e+01 9.100000000000e-01
     vertex -8.850000000000e+00 -1.740891700000e+01 9.100000000000e-01
   endloop
 endfacet
 facet normal 0.000000000000e+00 0.000000000000e+00 1.000000000000e+00
   outer loop
     vertex -1.731624871913e+01 -5.497572477019e+00 9.100000000000e-01
     vertex -1.734425815772e+01 -5.550940003460e+00 9.100000000000e-01
     vertex -9.005291427062e+00 -1.742936150423e+01 9.100000000000e-01
   endloop
 endfacet
 facet normal 0.000000000000e+00 0.000000000000e+00 1.000000000000e+00
   outer loop
     vertex -1.708750100000e+01 -4.170279066798e+00 9.100000000000e-01
     vertex -1.718587672106e+01 -4.094792721064e+00 9.100000000000e-01
     vertex -1.755001400000e+01 -5.158905000000e+00 9.100000000000e-01
   endloop
 endfacet
 facet normal 0.000000000000e+00 0.000000000000e+00 1.000000000000e+00
   outer loop
     vertex -1.708750100000e+01 -4.170279066798e+00 9.100000000000e-01
     vertex -1.755001400000e+01 -5.158905000000e+00 9.100000000000e-01
     vertex -1.749018221214e+01 -5.166169894342e+00 9.100000000000e-01
   endloop
 endfacet
 facet normal 0.000000000000e+00 0.000000000000e+00 1.000000000000e+00
   outer loop
     vertex -1.708750100000e+01 -4.170279066798e+00 9.100000000000e-01
     vertex -1.749018221214e+01 -5.166169894342e+00 9.100000000000e-01
     vertex -1.743382763031e+01 -5.187542368114e+00 9.100000000000e-01
   endloop
 endfacet
 facet normal 0.000000000000e+00 0.000000000000e+00 1.000000000000e+00
   outer loop
     vertex -1.726136306680e+01 -3.996417000000e+00 9.100000000000e-01
     vertex -1.755001400000e+01 -5.158905000000e+00 9.100000000000e-01
     vertex -1.718587672106e+01 -4.094792721064e+00 9.100000000000e-01
   endloop
 endfacet
 facet normal 0.000000000000e+00 0.000000000000e+00 1.000000000000e+00
   outer loop
     vertex -1.726136306680e+01 -3.996417000000e+00 9.100000000000e-01
     vertex -1.894998600000e+01 -5.158905000000e+00 9.100000000000e-01
     vertex -1.755001400000e+01 -5.158905000000e+00 9.100000000000e-01
   endloop
 endfacet
 facet normal 0.000000000000e+00 0.000000000000e+00 1.000000000000e+00
   outer loop
     vertex -1.697294004642e+01 -4.217731767487e+00 9.100000000000e-01
     vertex -1.708750100000e+01 -4.170279066798e+00 9.100000000000e-01
     vertex -1.743382763031e+01 -5.187542368114e+00 9.100000000000e-01
   endloop
 endfacet
 facet normal 0.000000000000e+00 0.000000000000e+00 1.000000000000e+00
   outer loop
     vertex -1.697294004642e+01 -4.217731767487e+00 9.100000000000e-01
     vertex -1.743382763031e+01 -5.187542368114e+00 9.100000000000e-01
     vertex -1.738422537797e+01 -5.221780330828e+00 9.100000000000e-01
   endloop
 endfacet
 facet normal 0.000000000000e+00 0.000000000000e+00 1.000000000000e+00
   outer loop
     vertex -1.730881576749e+01 -3.881856046424e+00 9.100000000000e-01
     vertex -1.894998600000e+01 -5.158905000000e+00 9.100000000000e-01
     vertex -1.726136306680e+01 -3.996417000000e+00 9.100000000000e-01
   endloop
 endfacet
 facet normal 0.000000000000e+00 0.000000000000e+00 1.000000000000e+00
   outer loop
     vertex -1.732500100000e+01 -3.758917000000e+00 9.100000000000e-01
     vertex -1.894998600000e+01 -5.158905000000e+00 9.100000000000e-01
     vertex -1.730881576749e+01 -3.881856046424e+00 9.100000000000e-01
   endloop
 endfacet
 facet normal 0.000000000000e+00 0.000000000000e+00 1.000000000000e+00
   outer loop
     vertex -1.685000100000e+01 -4.233917000000e+00 9.100000000000e-01
     vertex -1.697294004642e+01 -4.217731767487e+00 9.100000000000e-01
     vertex -1.738422537797e+01 -5.221780330828e+00 9.100000000000e-01
   endloop
 endfacet
 facet normal 0.000000000000e+00 0.000000000000e+00 1.000000000000e+00
   outer loop
     vertex -1.685000100000e+01 -4.233917000000e+00 9.100000000000e-01
     vertex -1.738422537797e+01 -5.221780330828e+00 9.100000000000e-01
     vertex -1.734425815772e+01 -5.266893996540e+00 9.100000000000e-01
   endloop
 endfacet
 facet normal 0.000000000000e+00 0.000000000000e+00 1.000000000000e+00
   outer loop
     vertex -1.730881576749e+01 -3.635977953576e+00 9.100000000000e-01
     vertex -1.894998600000e+01 -5.158905000000e+00 9.100000000000e-01
     vertex -1.732500100000e+01 -3.758917000000e+00 9.100000000000e-01
   endloop
 endfacet
 facet normal 0.000000000000e+00 0.000000000000e+00 1.000000000000e+00
   outer loop
     vertex -1.730881576749e+01 -3.635977953576e+00 9.100000000000e-01
     vertex -1.900981778786e+01 -5.166169894342e+00 9.100000000000e-01
     vertex -1.894998600000e+01 -5.158905000000e+00 9.100000000000e-01
   endloop
 endfacet
 facet normal 0.000000000000e+00 0.000000000000e+00 1.000000000000e+00
   outer loop
     vertex -1.672706195358e+01 -4.217731767487e+00 9.100000000000e-01
     vertex -1.734425815772e+01 -5.266893996540e+00 9.100000000000e-01
     vertex -1.731624871913e+01 -5.320261522981e+00 9.100000000000e-01
   endloop
 endfacet
 facet normal 0.000000000000e+00 0.000000000000e+00 1.000000000000e+00
   outer loop
     vertex -1.672706195358e+01 -4.217731767487e+00 9.100000000000e-01
     vertex -1.731624871913e+01 -5.320261522981e+00 9.100000000000e-01
     vertex -1.730182486897e+01 -5.378781383496e+00 9.100000000000e-01
   endloop
 endfacet
 facet normal 0.000000000000e+00 0.000000000000e+00 1.000000000000e+00
   outer loop
     vertex -1.672706195358e+01 -4.217731767487e+00 9.100000000000e-01
     vertex -1.685000100000e+01 -4.233917000000e+00 9.100000000000e-01
     vertex -1.734425815772e+01 -5.266893996540e+00 9.100000000000e-01
   endloop
 endfacet
 facet normal 0.000000000000e+00 0.000000000000e+00 1.000000000000e+00
   outer loop
     vertex -1.661250100000e+01 -4.170279066798e+00 9.100000000000e-01
     vertex -1.730182486897e+01 -5.378781383496e+00 9.100000000000e-01
     vertex -1.730182486897e+01 -5.439052616504e+00 9.100000000000e-01
   endloop
 endfacet
 facet normal 0.000000000000e+00 0.000000000000e+00 1.000000000000e+00
   outer loop
     vertex -1.661250100000e+01 -4.170279066798e+00 9.100000000000e-01
     vertex -1.672706195358e+01 -4.217731767487e+00 9.100000000000e-01
     vertex -1.730182486897e+01 -5.378781383496e+00 9.100000000000e-01
   endloop
 endfacet
 facet normal 0.000000000000e+00 0.000000000000e+00 1.000000000000e+00
   outer loop
     vertex -1.726136306680e+01 -3.521417000000e+00 9.100000000000e-01
     vertex -2.225000000000e+01 -1.008917000000e+00 9.100000000000e-01
     vertex -1.900981778786e+01 -5.166169894342e+00 9.100000000000e-01
   endloop
 endfacet
 facet normal 0.000000000000e+00 0.000000000000e+00 1.000000000000e+00
   outer loop
     vertex -1.726136306680e+01 -3.521417000000e+00 9.100000000000e-01
     vertex -1.900981778786e+01 -5.166169894342e+00 9.100000000000e-01
     vertex -1.730881576749e+01 -3.635977953576e+00 9.100000000000e-01
   endloop
 endfacet
 facet normal 0.000000000000e+00 0.000000000000e+00 1.000000000000e+00
   outer loop
     vertex -1.651412527894e+01 -4.094792721064e+00 9.100000000000e-01
     vertex -1.730182486897e+01 -5.439052616504e+00 9.100000000000e-01
     vertex -1.731624871913e+01 -5.497572477019e+00 9.100000000000e-01
   endloop
 endfacet
 facet normal 0.000000000000e+00 0.000000000000e+00 1.000000000000e+00
   outer loop
     vertex -1.651412527894e+01 -4.094792721064e+00 9.100000000000e-01
     vertex -1.661250100000e+01 -4.170279066798e+00 9.100000000000e-01
     vertex -1.730182486897e+01 -5.439052616504e+00 9.100000000000e-01
   endloop
 endfacet
 facet normal 0.000000000000e+00 0.000000000000e+00 1.000000000000e+00
   outer loop
     vertex -1.718587672106e+01 -3.423041278936e+00 9.100000000000e-01
     vertex -2.225000000000e+01 -1.008917000000e+00 9.100000000000e-01
     vertex -1.726136306680e+01 -3.521417000000e+00 9.100000000000e-01
   endloop
 endfacet
 facet normal 0.000000000000e+00 0.000000000000e+00 1.000000000000e+00
   outer loop
     vertex -1.708750100000e+01 -3.347554933202e+00 9.100000000000e-01
     vertex -2.225000000000e+01 -1.008917000000e+00 9.100000000000e-01
     vertex -1.718587672106e+01 -3.423041278936e+00 9.100000000000e-01
   endloop
 endfacet
 facet normal 0.000000000000e+00 0.000000000000e+00 1.000000000000e+00
   outer loop
     vertex -1.643863893320e+01 -3.996417000000e+00 9.100000000000e-01
     vertex -1.731624871913e+01 -5.497572477019e+00 9.100000000000e-01
     vertex -8.850000000000e+00 -1.740891700000e+01 9.100000000000e-01
   endloop
 endfacet
 facet normal 0.000000000000e+00 0.000000000000e+00 1.000000000000e+00
   outer loop
     vertex -1.643863893320e+01 -3.996417000000e+00 9.100000000000e-01
     vertex -8.850000000000e+00 -1.740891700000e+01 9.100000000000e-01
     vertex -8.694708572938e+00 -1.742936150423e+01 9.100000000000e-01
   endloop
 endfacet
 facet normal 0.000000000000e+00 0.000000000000e+00 1.000000000000e+00
   outer loop
     vertex -1.643863893320e+01 -3.996417000000e+00 9.100000000000e-01
     vertex -1.651412527894e+01 -4.094792721064e+00 9.100000000000e-01
     vertex -1.731624871913e+01 -5.497572477019e+00 9.100000000000e-01
   endloop
 endfacet
 facet normal 0.000000000000e+00 0.000000000000e+00 1.000000000000e+00
   outer loop
     vertex -1.639118623251e+01 -3.881856046424e+00 9.100000000000e-01
     vertex -8.694708572938e+00 -1.742936150423e+01 9.100000000000e-01
     vertex -8.550000000000e+00 -1.748930175773e+01 9.100000000000e-01
   endloop
 endfacet
 facet normal 0.000000000000e+00 0.000000000000e+00 1.000000000000e+00
   outer loop
     vertex -1.639118623251e+01 -3.881856046424e+00 9.100000000000e-01
     vertex -1.643863893320e+01 -3.996417000000e+00 9.100000000000e-01
     vertex -8.694708572938e+00 -1.742936150423e+01 9.100000000000e-01
   endloop
 endfacet
 facet normal 0.000000000000e+00 0.000000000000e+00 1.000000000000e+00
   outer loop
     vertex -1.637500100000e+01 -3.758917000000e+00 9.100000000000e-01
     vertex -1.639118623251e+01 -3.881856046424e+00 9.100000000000e-01
     vertex -8.550000000000e+00 -1.748930175773e+01 9.100000000000e-01
   endloop
 endfacet
 facet normal 0.000000000000e+00 0.000000000000e+00 1.000000000000e+00
   outer loop
     vertex -1.915574184228e+01 4.249059996540e+00 9.100000000000e-01
     vertex -2.116065794288e+01 3.763804380368e+00 9.100000000000e-01
     vertex -1.911577462203e+01 4.203946330828e+00 9.100000000000e-01
   endloop
 endfacet
 facet normal 0.000000000000e+00 0.000000000000e+00 1.000000000000e+00
   outer loop
     vertex -1.906617236969e+01 4.169708368114e+00 9.100000000000e-01
     vertex -1.911577462203e+01 4.203946330828e+00 9.100000000000e-01
     vertex -2.116065794288e+01 3.763804380368e+00 9.100000000000e-01
   endloop
 endfacet
 facet normal 0.000000000000e+00 0.000000000000e+00 1.000000000000e+00
   outer loop
     vertex -1.918375128087e+01 4.302427522981e+00 9.100000000000e-01
     vertex -2.116065794288e+01 3.763804380368e+00 9.100000000000e-01
     vertex -1.915574184228e+01 4.249059996540e+00 9.100000000000e-01
   endloop
 endfacet
 facet normal 0.000000000000e+00 0.000000000000e+00 1.000000000000e+00
   outer loop
     vertex -1.900981778786e+01 4.148335894342e+00 9.100000000000e-01
     vertex -1.906617236969e+01 4.169708368114e+00 9.100000000000e-01
     vertex -2.116065794288e+01 3.763804380368e+00 9.100000000000e-01
   endloop
 endfacet
 facet normal 0.000000000000e+00 0.000000000000e+00 1.000000000000e+00
   outer loop
     vertex -1.900981778786e+01 4.148335894342e+00 9.100000000000e-01
     vertex -2.116065794288e+01 3.763804380368e+00 9.100000000000e-01
     vertex -2.197420728967e+01 1.438813386203e+00 9.100000000000e-01
   endloop
 endfacet
 facet normal 0.000000000000e+00 0.000000000000e+00 1.000000000000e+00
   outer loop
     vertex -1.919817513103e+01 4.360947383496e+00 9.100000000000e-01
     vertex -2.116065794288e+01 3.763804380368e+00 9.100000000000e-01
     vertex -1.918375128087e+01 4.302427522981e+00 9.100000000000e-01
   endloop
 endfacet
 facet normal 0.000000000000e+00 0.000000000000e+00 1.000000000000e+00
   outer loop
     vertex -1.718587672106e+01 2.405207278936e+00 9.100000000000e-01
     vertex -2.197420728967e+01 1.438813386203e+00 9.100000000000e-01
     vertex -2.225000000000e+01 -1.008917000000e+00 9.100000000000e-01
   endloop
 endfacet
 facet normal 0.000000000000e+00 0.000000000000e+00 1.000000000000e+00
   outer loop
     vertex -1.919817513103e+01 4.421218616504e+00 9.100000000000e-01
     vertex -2.116065794288e+01 3.763804380368e+00 9.100000000000e-01
     vertex -1.919817513103e+01 4.360947383496e+00 9.100000000000e-01
   endloop
 endfacet
 facet normal 0.000000000000e+00 0.000000000000e+00 1.000000000000e+00
   outer loop
     vertex -1.708750100000e+01 2.329720933202e+00 9.100000000000e-01
     vertex -1.708750100000e+01 -3.347554933202e+00 9.100000000000e-01
     vertex -1.697294004642e+01 -3.300102232513e+00 9.100000000000e-01
   endloop
 endfacet
 facet normal 0.000000000000e+00 0.000000000000e+00 1.000000000000e+00
   outer loop
     vertex -1.708750100000e+01 2.329720933202e+00 9.100000000000e-01
     vertex -1.718587672106e+01 2.405207278936e+00 9.100000000000e-01
     vertex -2.225000000000e+01 -1.008917000000e+00 9.100000000000e-01
   endloop
 endfacet
 facet normal 0.000000000000e+00 0.000000000000e+00 1.000000000000e+00
   outer loop
     vertex -1.708750100000e+01 2.329720933202e+00 9.100000000000e-01
     vertex -2.225000000000e+01 -1.008917000000e+00 9.100000000000e-01
     vertex -1.708750100000e+01 -3.347554933202e+00 9.100000000000e-01
   endloop
 endfacet
 facet normal 0.000000000000e+00 0.000000000000e+00 1.000000000000e+00
   outer loop
     vertex -1.726136306680e+01 2.503583000000e+00 9.100000000000e-01
     vertex -2.197420728967e+01 1.438813386203e+00 9.100000000000e-01
     vertex -1.718587672106e+01 2.405207278936e+00 9.100000000000e-01
   endloop
 endfacet
 facet normal 0.000000000000e+00 0.000000000000e+00 1.000000000000e+00
   outer loop
     vertex -1.697294004642e+01 2.282268232513e+00 9.100000000000e-01
     vertex -1.708750100000e+01 2.329720933202e+00 9.100000000000e-01
     vertex -1.697294004642e+01 -3.300102232513e+00 9.100000000000e-01
   endloop
 endfacet
 facet normal 0.000000000000e+00 0.000000000000e+00 1.000000000000e+00
   outer loop
     vertex -1.730881576749e+01 2.618143953576e+00 9.100000000000e-01
     vertex -1.900981778786e+01 4.148335894342e+00 9.100000000000e-01
     vertex -2.197420728967e+01 1.438813386203e+00 9.100000000000e-01
   endloop
 endfacet
 facet normal 0.000000000000e+00 0.000000000000e+00 1.000000000000e+00
   outer loop
     vertex -1.730881576749e+01 2.618143953576e+00 9.100000000000e-01
     vertex -2.197420728967e+01 1.438813386203e+00 9.100000000000e-01
     vertex -1.726136306680e+01 2.503583000000e+00 9.100000000000e-01
   endloop
 endfacet
 facet normal 0.000000000000e+00 0.000000000000e+00 1.000000000000e+00
   outer loop
     vertex -1.730881576749e+01 2.618143953576e+00 9.100000000000e-01
     vertex -1.894998600000e+01 4.141071000000e+00 9.100000000000e-01
     vertex -1.900981778786e+01 4.148335894342e+00 9.100000000000e-01
   endloop
 endfacet
 facet normal 0.000000000000e+00 0.000000000000e+00 1.000000000000e+00
   outer loop
     vertex -1.732500100000e+01 2.741083000000e+00 9.100000000000e-01
     vertex -1.894998600000e+01 4.141071000000e+00 9.100000000000e-01
     vertex -1.730881576749e+01 2.618143953576e+00 9.100000000000e-01
   endloop
 endfacet
 facet normal 0.000000000000e+00 0.000000000000e+00 1.000000000000e+00
   outer loop
     vertex -1.685000100000e+01 2.266083000000e+00 9.100000000000e-01
     vertex -1.697294004642e+01 -3.300102232513e+00 9.100000000000e-01
     vertex -1.685000100000e+01 -3.283917000000e+00 9.100000000000e-01
   endloop
 endfacet
 facet normal 0.000000000000e+00 0.000000000000e+00 1.000000000000e+00
   outer loop
     vertex -1.685000100000e+01 2.266083000000e+00 9.100000000000e-01
     vertex -1.697294004642e+01 2.282268232513e+00 9.100000000000e-01
     vertex -1.697294004642e+01 -3.300102232513e+00 9.100000000000e-01
   endloop
 endfacet
 facet normal 0.000000000000e+00 0.000000000000e+00 1.000000000000e+00
   outer loop
     vertex -1.672706195358e+01 2.282268232513e+00 9.100000000000e-01
     vertex -1.685000100000e+01 -3.283917000000e+00 9.100000000000e-01
     vertex -1.672706195358e+01 -3.300102232513e+00 9.100000000000e-01
   endloop
 endfacet
 facet normal 0.000000000000e+00 0.000000000000e+00 1.000000000000e+00
   outer loop
     vertex -1.672706195358e+01 2.282268232513e+00 9.100000000000e-01
     vertex -1.672706195358e+01 -3.300102232513e+00 9.100000000000e-01
     vertex -1.661250100000e+01 -3.347554933202e+00 9.100000000000e-01
   endloop
 endfacet
 facet normal 0.000000000000e+00 0.000000000000e+00 1.000000000000e+00
   outer loop
     vertex -1.672706195358e+01 2.282268232513e+00 9.100000000000e-01
     vertex -1.685000100000e+01 2.266083000000e+00 9.100000000000e-01
     vertex -1.685000100000e+01 -3.283917000000e+00 9.100000000000e-01
   endloop
 endfacet
 facet normal 0.000000000000e+00 0.000000000000e+00 1.000000000000e+00
   outer loop
     vertex -1.730881576749e+01 2.864022046424e+00 9.100000000000e-01
     vertex -1.894998600000e+01 4.141071000000e+00 9.100000000000e-01
     vertex -1.732500100000e+01 2.741083000000e+00 9.100000000000e-01
   endloop
 endfacet
 facet normal 0.000000000000e+00 0.000000000000e+00 1.000000000000e+00
   outer loop
     vertex -1.661250100000e+01 2.329720933202e+00 9.100000000000e-01
     vertex -1.672706195358e+01 2.282268232513e+00 9.100000000000e-01
     vertex -1.661250100000e+01 -3.347554933202e+00 9.100000000000e-01
   endloop
 endfacet
 facet normal 0.000000000000e+00 0.000000000000e+00 1.000000000000e+00
   outer loop
     vertex -1.726136306680e+01 2.978583000000e+00 9.100000000000e-01
     vertex -1.894998600000e+01 4.141071000000e+00 9.100000000000e-01
     vertex -1.730881576749e+01 2.864022046424e+00 9.100000000000e-01
   endloop
 endfacet
 facet normal 0.000000000000e+00 0.000000000000e+00 1.000000000000e+00
   outer loop
     vertex -1.651412527894e+01 2.405207278936e+00 9.100000000000e-01
     vertex -1.661250100000e+01 -3.347554933202e+00 9.100000000000e-01
     vertex -1.651412527894e+01 -3.423041278936e+00 9.100000000000e-01
   endloop
 endfacet
 facet normal 0.000000000000e+00 0.000000000000e+00 1.000000000000e+00
   outer loop
     vertex -1.651412527894e+01 2.405207278936e+00 9.100000000000e-01
     vertex -1.661250100000e+01 2.329720933202e+00 9.100000000000e-01
     vertex -1.661250100000e+01 -3.347554933202e+00 9.100000000000e-01
   endloop
 endfacet
 facet normal 0.000000000000e+00 0.000000000000e+00 1.000000000000e+00
   outer loop
     vertex 1.125000000000e+01 -2.530891700000e+01 9.100000000000e-01
     vertex -8.270444504227e+00 -1.785362557294e+01 9.100000000000e-01
     vertex -8.250000000000e+00 -1.800891700000e+01 9.100000000000e-01
   endloop
 endfacet
 facet normal 0.000000000000e+00 0.000000000000e+00 1.000000000000e+00
   outer loop
     vertex 1.125000000000e+01 -2.530891700000e+01 9.100000000000e-01
     vertex -8.250000000000e+00 -1.800891700000e+01 9.100000000000e-01
     vertex -8.270444504227e+00 -1.816420842706e+01 9.100000000000e-01
   endloop
 endfacet
 facet normal 0.000000000000e+00 0.000000000000e+00 1.000000000000e+00
   outer loop
     vertex 1.125000000000e+01 -2.530891700000e+01 9.100000000000e-01
     vertex -8.270444504227e+00 -1.816420842706e+01 9.100000000000e-01
     vertex -8.330384757729e+00 -1.830891700000e+01 9.100000000000e-01
   endloop
 endfacet
 facet normal 0.000000000000e+00 0.000000000000e+00 1.000000000000e+00
   outer loop
     vertex 1.125000000000e+01 -2.530891700000e+01 9.100000000000e-01
     vertex -8.330384757729e+00 -1.830891700000e+01 9.100000000000e-01
     vertex -8.425735931288e+00 -1.843318106871e+01 9.100000000000e-01
   endloop
 endfacet
 facet normal 0.000000000000e+00 0.000000000000e+00 1.000000000000e+00
   outer loop
     vertex 1.125000000000e+01 -2.530891700000e+01 9.100000000000e-01
     vertex -8.425735931288e+00 -1.843318106871e+01 9.100000000000e-01
     vertex -1.125000000000e+01 -2.530891700000e+01 9.100000000000e-01
   endloop
 endfacet
 facet normal 0.000000000000e+00 0.000000000000e+00 1.000000000000e+00
   outer loop
     vertex -1.985014673403e+01 5.849471188389e+00 9.100000000000e-01
     vertex -2.116065794288e+01 3.763804380368e+00 9.100000000000e-01
     vertex -1.919817513103e+01 4.421218616504e+00 9.100000000000e-01
   endloop
 endfacet
 facet normal 0.000000000000e+00 0.000000000000e+00 1.000000000000e+00
   outer loop
     vertex -1.985014673403e+01 5.849471188389e+00 9.100000000000e-01
     vertex -1.919817513103e+01 4.421218616504e+00 9.100000000000e-01
     vertex -1.918375128087e+01 4.479738477019e+00 9.100000000000e-01
   endloop
 endfacet
 facet normal 0.000000000000e+00 0.000000000000e+00 1.000000000000e+00
   outer loop
     vertex -1.985014673403e+01 5.849471188389e+00 9.100000000000e-01
     vertex -1.918375128087e+01 4.479738477019e+00 9.100000000000e-01
     vertex -1.915574184228e+01 4.533106003460e+00 9.100000000000e-01
   endloop
 endfacet
 facet normal 0.000000000000e+00 0.000000000000e+00 1.000000000000e+00
   outer loop
     vertex -1.985014673403e+01 5.849471188389e+00 9.100000000000e-01
     vertex -1.915574184228e+01 4.533106003460e+00 9.100000000000e-01
     vertex -1.911577462203e+01 4.578219669172e+00 9.100000000000e-01
   endloop
 endfacet
 facet normal 0.000000000000e+00 0.000000000000e+00 1.000000000000e+00
   outer loop
     vertex -1.985014673403e+01 5.849471188389e+00 9.100000000000e-01
     vertex -1.911577462203e+01 4.578219669172e+00 9.100000000000e-01
     vertex -1.906617236969e+01 4.612457631886e+00 9.100000000000e-01
   endloop
 endfacet
 facet normal 0.000000000000e+00 0.000000000000e+00 1.000000000000e+00
   outer loop
     vertex -1.985014673403e+01 5.849471188389e+00 9.100000000000e-01
     vertex -1.906617236969e+01 4.612457631886e+00 9.100000000000e-01
     vertex -1.900981778786e+01 4.633830105658e+00 9.100000000000e-01
   endloop
 endfacet
 facet normal 0.000000000000e+00 0.000000000000e+00 1.000000000000e+00
   outer loop
     vertex -1.985014673403e+01 5.849471188389e+00 9.100000000000e-01
     vertex -1.900981778786e+01 4.633830105658e+00 9.100000000000e-01
     vertex -1.894998600000e+01 4.641095000000e+00 9.100000000000e-01
   endloop
 endfacet
 facet normal 0.000000000000e+00 0.000000000000e+00 1.000000000000e+00
   outer loop
     vertex -1.643863893320e+01 2.503583000000e+00 9.100000000000e-01
     vertex -1.651412527894e+01 -3.423041278936e+00 9.100000000000e-01
     vertex -1.643863893320e+01 -3.521417000000e+00 9.100000000000e-01
   endloop
 endfacet
 facet normal 0.000000000000e+00 0.000000000000e+00 1.000000000000e+00
   outer loop
     vertex -1.643863893320e+01 2.503583000000e+00 9.100000000000e-01
     vertex -1.651412527894e+01 2.405207278936e+00 9.100000000000e-01
     vertex -1.651412527894e+01 -3.423041278936e+00 9.100000000000e-01
   endloop
 endfacet
 facet normal 0.000000000000e+00 0.000000000000e+00 1.000000000000e+00
   outer loop
     vertex -1.639118623251e+01 2.618143953576e+00 9.100000000000e-01
     vertex -1.643863893320e+01 -3.521417000000e+00 9.100000000000e-01
     vertex -1.639118623251e+01 -3.635977953576e+00 9.100000000000e-01
   endloop
 endfacet
 facet normal 0.000000000000e+00 0.000000000000e+00 1.000000000000e+00
   outer loop
     vertex -1.639118623251e+01 2.618143953576e+00 9.100000000000e-01
     vertex -1.643863893320e+01 2.503583000000e+00 9.100000000000e-01
     vertex -1.643863893320e+01 -3.521417000000e+00 9.100000000000e-01
   endloop
 endfacet
 facet normal 0.000000000000e+00 0.000000000000e+00 1.000000000000e+00
   outer loop
     vertex -1.755001400000e+01 4.141071000000e+00 9.100000000000e-01
     vertex -1.726136306680e+01 2.978583000000e+00 9.100000000000e-01
     vertex -1.718587672106e+01 3.076958721064e+00 9.100000000000e-01
   endloop
 endfacet
 facet normal 0.000000000000e+00 0.000000000000e+00 1.000000000000e+00
   outer loop
     vertex -1.755001400000e+01 4.141071000000e+00 9.100000000000e-01
     vertex -1.718587672106e+01 3.076958721064e+00 9.100000000000e-01
     vertex -1.708750100000e+01 3.152445066798e+00 9.100000000000e-01
   endloop
 endfacet
 facet normal 0.000000000000e+00 0.000000000000e+00 1.000000000000e+00
   outer loop
     vertex -1.755001400000e+01 4.141071000000e+00 9.100000000000e-01
     vertex -1.894998600000e+01 4.141071000000e+00 9.100000000000e-01
     vertex -1.726136306680e+01 2.978583000000e+00 9.100000000000e-01
   endloop
 endfacet
 facet normal 0.000000000000e+00 0.000000000000e+00 1.000000000000e+00
   outer loop
     vertex -1.749018221214e+01 4.148335894342e+00 9.100000000000e-01
     vertex -1.755001400000e+01 4.141071000000e+00 9.100000000000e-01
     vertex -1.708750100000e+01 3.152445066798e+00 9.100000000000e-01
   endloop
 endfacet
 facet normal 0.000000000000e+00 0.000000000000e+00 1.000000000000e+00
   outer loop
     vertex -1.743382763031e+01 4.169708368114e+00 9.100000000000e-01
     vertex -1.708750100000e+01 3.152445066798e+00 9.100000000000e-01
     vertex -1.697294004642e+01 3.199897767487e+00 9.100000000000e-01
   endloop
 endfacet
 facet normal 0.000000000000e+00 0.000000000000e+00 1.000000000000e+00
   outer loop
     vertex -1.743382763031e+01 4.169708368114e+00 9.100000000000e-01
     vertex -1.749018221214e+01 4.148335894342e+00 9.100000000000e-01
     vertex -1.708750100000e+01 3.152445066798e+00 9.100000000000e-01
   endloop
 endfacet
 facet normal 0.000000000000e+00 0.000000000000e+00 1.000000000000e+00
   outer loop
     vertex -1.738422537797e+01 4.203946330828e+00 9.100000000000e-01
     vertex -1.697294004642e+01 3.199897767487e+00 9.100000000000e-01
     vertex -1.685000100000e+01 3.216083000000e+00 9.100000000000e-01
   endloop
 endfacet
 facet normal 0.000000000000e+00 0.000000000000e+00 1.000000000000e+00
   outer loop
     vertex -1.738422537797e+01 4.203946330828e+00 9.100000000000e-01
     vertex -1.743382763031e+01 4.169708368114e+00 9.100000000000e-01
     vertex -1.697294004642e+01 3.199897767487e+00 9.100000000000e-01
   endloop
 endfacet
 facet normal 0.000000000000e+00 0.000000000000e+00 1.000000000000e+00
   outer loop
     vertex -1.734425815772e+01 4.249059996540e+00 9.100000000000e-01
     vertex -1.685000100000e+01 3.216083000000e+00 9.100000000000e-01
     vertex -1.672706195358e+01 3.199897767487e+00 9.100000000000e-01
   endloop
 endfacet
 facet normal 0.000000000000e+00 0.000000000000e+00 1.000000000000e+00
   outer loop
     vertex -1.734425815772e+01 4.249059996540e+00 9.100000000000e-01
     vertex -1.738422537797e+01 4.203946330828e+00 9.100000000000e-01
     vertex -1.685000100000e+01 3.216083000000e+00 9.100000000000e-01
   endloop
 endfacet
 facet normal 0.000000000000e+00 0.000000000000e+00 1.000000000000e+00
   outer loop
     vertex -1.731624871913e+01 4.302427522981e+00 9.100000000000e-01
     vertex -1.734425815772e+01 4.249059996540e+00 9.100000000000e-01
     vertex -1.672706195358e+01 3.199897767487e+00 9.100000000000e-01
   endloop
 endfacet
 facet normal 0.000000000000e+00 0.000000000000e+00 1.000000000000e+00
   outer loop
     vertex -1.730182486897e+01 4.360947383496e+00 9.100000000000e-01
     vertex -1.672706195358e+01 3.199897767487e+00 9.100000000000e-01
     vertex -1.661250100000e+01 3.152445066798e+00 9.100000000000e-01
   endloop
 endfacet
 facet normal 0.000000000000e+00 0.000000000000e+00 1.000000000000e+00
   outer loop
     vertex -1.730182486897e+01 4.360947383496e+00 9.100000000000e-01
     vertex -1.731624871913e+01 4.302427522981e+00 9.100000000000e-01
     vertex -1.672706195358e+01 3.199897767487e+00 9.100000000000e-01
   endloop
 endfacet
 facet normal 0.000000000000e+00 0.000000000000e+00 1.000000000000e+00
   outer loop
     vertex -1.730182486897e+01 4.421218616504e+00 9.100000000000e-01
     vertex -1.730182486897e+01 4.360947383496e+00 9.100000000000e-01
     vertex -1.661250100000e+01 3.152445066798e+00 9.100000000000e-01
   endloop
 endfacet
 facet normal 0.000000000000e+00 0.000000000000e+00 1.000000000000e+00
   outer loop
     vertex -1.730182486897e+01 4.421218616504e+00 9.100000000000e-01
     vertex -1.661250100000e+01 3.152445066798e+00 9.100000000000e-01
     vertex -1.651412527894e+01 3.076958721064e+00 9.100000000000e-01
   endloop
 endfacet
 facet normal 0.000000000000e+00 0.000000000000e+00 1.000000000000e+00
   outer loop
     vertex -1.731624871913e+01 4.479738477019e+00 9.100000000000e-01
     vertex -1.730182486897e+01 4.421218616504e+00 9.100000000000e-01
     vertex -1.651412527894e+01 3.076958721064e+00 9.100000000000e-01
   endloop
 endfacet
 facet normal 0.000000000000e+00 0.000000000000e+00 1.000000000000e+00
   outer loop
     vertex -1.810838818839e+01 7.591229734028e+00 9.100000000000e-01
     vertex -1.755001400000e+01 4.641095000000e+00 9.100000000000e-01
     vertex -1.749018221214e+01 4.633830105658e+00 9.100000000000e-01
   endloop
 endfacet
 facet normal 0.000000000000e+00 0.000000000000e+00 1.000000000000e+00
   outer loop
     vertex -1.810838818839e+01 7.591229734028e+00 9.100000000000e-01
     vertex -1.749018221214e+01 4.633830105658e+00 9.100000000000e-01
     vertex -1.743382763031e+01 4.612457631886e+00 9.100000000000e-01
   endloop
 endfacet
 facet normal 0.000000000000e+00 0.000000000000e+00 1.000000000000e+00
   outer loop
     vertex -1.810838818839e+01 7.591229734028e+00 9.100000000000e-01
     vertex -1.743382763031e+01 4.612457631886e+00 9.100000000000e-01
     vertex -1.738422537797e+01 4.578219669172e+00 9.100000000000e-01
   endloop
 endfacet
 facet normal 0.000000000000e+00 0.000000000000e+00 1.000000000000e+00
   outer loop
     vertex -1.810838818839e+01 7.591229734028e+00 9.100000000000e-01
     vertex -1.985014673403e+01 5.849471188389e+00 9.100000000000e-01
     vertex -1.894998600000e+01 4.641095000000e+00 9.100000000000e-01
   endloop
 endfacet
 facet normal 0.000000000000e+00 0.000000000000e+00 1.000000000000e+00
   outer loop
     vertex -1.810838818839e+01 7.591229734028e+00 9.100000000000e-01
     vertex -1.894998600000e+01 4.641095000000e+00 9.100000000000e-01
     vertex -1.755001400000e+01 4.641095000000e+00 9.100000000000e-01
   endloop
 endfacet
 facet normal 0.000000000000e+00 0.000000000000e+00 1.000000000000e+00
   outer loop
     vertex -1.602272138037e+01 8.901740942882e+00 9.100000000000e-01
     vertex -1.738422537797e+01 4.578219669172e+00 9.100000000000e-01
     vertex -1.734425815772e+01 4.533106003460e+00 9.100000000000e-01
   endloop
 endfacet
 facet normal 0.000000000000e+00 0.000000000000e+00 1.000000000000e+00
   outer loop
     vertex -1.602272138037e+01 8.901740942882e+00 9.100000000000e-01
     vertex -1.734425815772e+01 4.533106003460e+00 9.100000000000e-01
     vertex -1.731624871913e+01 4.479738477019e+00 9.100000000000e-01
   endloop
 endfacet
 facet normal 0.000000000000e+00 0.000000000000e+00 1.000000000000e+00
   outer loop
     vertex -1.602272138037e+01 8.901740942882e+00 9.100000000000e-01
     vertex -1.810838818839e+01 7.591229734028e+00 9.100000000000e-01
     vertex -1.738422537797e+01 4.578219669172e+00 9.100000000000e-01
   endloop
 endfacet
 facet normal 0.000000000000e+00 0.000000000000e+00 1.000000000000e+00
   outer loop
     vertex 1.810838818839e+01 -2.290906373403e+01 9.100000000000e-01
     vertex 1.369773038620e+01 -2.503312428967e+01 9.100000000000e-01
     vertex 1.602272138037e+01 -2.421957494288e+01 9.100000000000e-01
   endloop
 endfacet
 facet normal 0.000000000000e+00 0.000000000000e+00 1.000000000000e+00
   outer loop
     vertex 1.810838818839e+01 -2.290906373403e+01 9.100000000000e-01
     vertex 1.125000000000e+01 -2.530891700000e+01 9.100000000000e-01
     vertex 1.369773038620e+01 -2.503312428967e+01 9.100000000000e-01
   endloop
 endfacet
 facet normal 0.000000000000e+00 0.000000000000e+00 1.000000000000e+00
   outer loop
     vertex -1.369773038620e+01 9.715290289673e+00 9.100000000000e-01
     vertex -1.731624871913e+01 4.479738477019e+00 9.100000000000e-01
     vertex -1.651412527894e+01 3.076958721064e+00 9.100000000000e-01
   endloop
 endfacet
 facet normal 0.000000000000e+00 0.000000000000e+00 1.000000000000e+00
   outer loop
     vertex -1.369773038620e+01 9.715290289673e+00 9.100000000000e-01
     vertex -1.651412527894e+01 3.076958721064e+00 9.100000000000e-01
     vertex -1.643863893320e+01 2.978583000000e+00 9.100000000000e-01
   endloop
 endfacet
 facet normal 0.000000000000e+00 0.000000000000e+00 1.000000000000e+00
   outer loop
     vertex -1.369773038620e+01 9.715290289673e+00 9.100000000000e-01
     vertex -1.602272138037e+01 8.901740942882e+00 9.100000000000e-01
     vertex -1.731624871913e+01 4.479738477019e+00 9.100000000000e-01
   endloop
 endfacet
 facet normal 0.000000000000e+00 0.000000000000e+00 1.000000000000e+00
   outer loop
     vertex -1.125000000000e+01 9.991083000000e+00 9.100000000000e-01
     vertex -1.643863893320e+01 2.978583000000e+00 9.100000000000e-01
     vertex -1.639118623251e+01 2.864022046424e+00 9.100000000000e-01
   endloop
 endfacet
 facet normal 0.000000000000e+00 0.000000000000e+00 1.000000000000e+00
   outer loop
     vertex -1.125000000000e+01 9.991083000000e+00 9.100000000000e-01
     vertex -1.639118623251e+01 2.864022046424e+00 9.100000000000e-01
     vertex -1.637500100000e+01 2.741083000000e+00 9.100000000000e-01
   endloop
 endfacet
 facet normal 0.000000000000e+00 0.000000000000e+00 1.000000000000e+00
   outer loop
     vertex -1.125000000000e+01 9.991083000000e+00 9.100000000000e-01
     vertex -1.369773038620e+01 9.715290289673e+00 9.100000000000e-01
     vertex -1.643863893320e+01 2.978583000000e+00 9.100000000000e-01
   endloop
 endfacet
 facet normal 0.000000000000e+00 0.000000000000e+00 1.000000000000e+00
   outer loop
     vertex 2.116065794288e+01 -1.908163838037e+01 9.100000000000e-01
     vertex 1.125000000000e+01 -2.530891700000e+01 9.100000000000e-01
     vertex 1.810838818839e+01 -2.290906373403e+01 9.100000000000e-01
   endloop
 endfacet
 facet normal 0.000000000000e+00 0.000000000000e+00 1.000000000000e+00
   outer loop
     vertex 2.116065794288e+01 -1.908163838037e+01 9.100000000000e-01
     vertex 1.810838818839e+01 -2.290906373403e+01 9.100000000000e-01
     vertex 1.985014673403e+01 -2.116730518839e+01 9.100000000000e-01
   endloop
 endfacet
 facet normal 0.000000000000e+00 0.000000000000e+00 1.000000000000e+00
   outer loop
     vertex -4.650000000000e+00 9.991083000000e+00 9.100000000000e-01
     vertex -1.125000000000e+01 9.991083000000e+00 9.100000000000e-01
     vertex -1.637500100000e+01 2.741083000000e+00 9.100000000000e-01
   endloop
 endfacet
 facet normal 0.000000000000e+00 0.000000000000e+00 1.000000000000e+00
   outer loop
     vertex -4.650000000000e+00 9.991083000000e+00 9.100000000000e-01
     vertex -1.637500100000e+01 2.741083000000e+00 9.100000000000e-01
     vertex -1.639118623251e+01 2.618143953576e+00 9.100000000000e-01
   endloop
 endfacet
 facet normal 0.000000000000e+00 0.000000000000e+00 1.000000000000e+00
   outer loop
     vertex -4.650000000000e+00 9.991083000000e+00 9.100000000000e-01
     vertex -1.639118623251e+01 2.618143953576e+00 9.100000000000e-01
     vertex -1.639118623251e+01 -3.635977953576e+00 9.100000000000e-01
   endloop
 endfacet
 facet normal 0.000000000000e+00 0.000000000000e+00 1.000000000000e+00
   outer loop
     vertex -4.628097000000e+00 9.991118000000e+00 9.100000000000e-01
     vertex -1.639118623251e+01 -3.635977953576e+00 9.100000000000e-01
     vertex -1.637500100000e+01 -3.758917000000e+00 9.100000000000e-01
   endloop
 endfacet
 facet normal 0.000000000000e+00 0.000000000000e+00 1.000000000000e+00
   outer loop
     vertex -4.628097000000e+00 9.991118000000e+00 9.100000000000e-01
     vertex -4.650000000000e+00 9.991083000000e+00 9.100000000000e-01
     vertex -1.639118623251e+01 -3.635977953576e+00 9.100000000000e-01
   endloop
 endfacet
 facet normal 0.000000000000e+00 0.000000000000e+00 1.000000000000e+00
   outer loop
     vertex -4.283395000000e+00 1.000161400000e+01 9.100000000000e-01
     vertex -4.628097000000e+00 9.991118000000e+00 9.100000000000e-01
     vertex -1.637500100000e+01 -3.758917000000e+00 9.100000000000e-01
   endloop
 endfacet
 facet normal 0.000000000000e+00 0.000000000000e+00 1.000000000000e+00
   outer loop
     vertex -3.969001000000e+00 1.002992100000e+01 9.100000000000e-01
     vertex -4.283395000000e+00 1.000161400000e+01 9.100000000000e-01
     vertex -1.637500100000e+01 -3.758917000000e+00 9.100000000000e-01
   endloop
 endfacet
 facet normal 0.000000000000e+00 0.000000000000e+00 1.000000000000e+00
   outer loop
     vertex 2.225000000000e+01 -1.430891700000e+01 9.100000000000e-01
     vertex 1.125000000000e+01 -2.530891700000e+01 9.100000000000e-01
     vertex 2.116065794288e+01 -1.908163838037e+01 9.100000000000e-01
   endloop
 endfacet
 facet normal 0.000000000000e+00 0.000000000000e+00 1.000000000000e+00
   outer loop
     vertex 2.225000000000e+01 -1.430891700000e+01 9.100000000000e-01
     vertex 2.116065794288e+01 -1.908163838037e+01 9.100000000000e-01
     vertex 2.197420728967e+01 -1.675664738620e+01 9.100000000000e-01
   endloop
 endfacet
 facet normal 0.000000000000e+00 0.000000000000e+00 1.000000000000e+00
   outer loop
     vertex 1.441715728753e+01 -1.431759712475e+00 9.100000000000e-01
     vertex -8.330384757729e+00 -1.770891700000e+01 9.100000000000e-01
     vertex -8.270444504227e+00 -1.785362557294e+01 9.100000000000e-01
   endloop
 endfacet
 facet normal 0.000000000000e+00 0.000000000000e+00 1.000000000000e+00
   outer loop
     vertex 1.441715728753e+01 -1.431759712475e+00 9.100000000000e-01
     vertex -8.270444504227e+00 -1.785362557294e+01 9.100000000000e-01
     vertex 1.125000000000e+01 -2.530891700000e+01 9.100000000000e-01
   endloop
 endfacet
 facet normal 0.000000000000e+00 0.000000000000e+00 1.000000000000e+00
   outer loop
     vertex 1.450000000000e+01 -1.495327161514e+00 9.100000000000e-01
     vertex 1.441715728753e+01 -1.431759712475e+00 9.100000000000e-01
     vertex 1.125000000000e+01 -2.530891700000e+01 9.100000000000e-01
   endloop
 endfacet
 facet normal 0.000000000000e+00 0.000000000000e+00 1.000000000000e+00
   outer loop
     vertex 1.435358983849e+01 -1.348917000000e+00 9.100000000000e-01
     vertex -8.330384757729e+00 -1.770891700000e+01 9.100000000000e-01
     vertex 1.441715728753e+01 -1.431759712475e+00 9.100000000000e-01
   endloop
 endfacet
 facet normal 0.000000000000e+00 0.000000000000e+00 1.000000000000e+00
   outer loop
     vertex 1.435358983849e+01 -1.348917000000e+00 9.100000000000e-01
     vertex -8.425735931288e+00 -1.758465293129e+01 9.100000000000e-01
     vertex -8.330384757729e+00 -1.770891700000e+01 9.100000000000e-01
   endloop
 endfacet
 facet normal 0.000000000000e+00 0.000000000000e+00 1.000000000000e+00
   outer loop
     vertex 1.431362966948e+01 -1.252444618041e+00 9.100000000000e-01
     vertex -8.425735931288e+00 -1.758465293129e+01 9.100000000000e-01
     vertex 1.435358983849e+01 -1.348917000000e+00 9.100000000000e-01
   endloop
 endfacet
 facet normal 0.000000000000e+00 0.000000000000e+00 1.000000000000e+00
   outer loop
     vertex 1.459647238196e+01 -1.535287330516e+00 9.100000000000e-01
     vertex 1.450000000000e+01 -1.495327161514e+00 9.100000000000e-01
     vertex 1.125000000000e+01 -2.530891700000e+01 9.100000000000e-01
   endloop
 endfacet
 facet normal 0.000000000000e+00 0.000000000000e+00 1.000000000000e+00
   outer loop
     vertex 1.459647238196e+01 -1.535287330516e+00 9.100000000000e-01
     vertex 1.125000000000e+01 -2.530891700000e+01 9.100000000000e-01
     vertex 2.225000000000e+01 -1.430891700000e+01 9.100000000000e-01
   endloop
 endfacet
 facet normal 0.000000000000e+00 0.000000000000e+00 1.000000000000e+00
   outer loop
     vertex 6.137267105405e+00 7.341686819290e+00 9.100000000000e-01
     vertex -3.022457000000e+00 1.028392100000e+01 9.100000000000e-01
     vertex -3.217968000000e+00 1.020206000000e+01 9.100000000000e-01
   endloop
 endfacet
 facet normal 0.000000000000e+00 0.000000000000e+00 1.000000000000e+00
   outer loop
     vertex 6.137267105405e+00 7.341686819290e+00 9.100000000000e-01
     vertex -3.217968000000e+00 1.020206000000e+01 9.100000000000e-01
     vertex -3.438423000000e+00 1.013193400000e+01 9.100000000000e-01
   endloop
 endfacet
 facet normal 0.000000000000e+00 0.000000000000e+00 1.000000000000e+00
   outer loop
     vertex 6.200603819290e+00 7.278350105405e+00 9.100000000000e-01
     vertex -3.969001000000e+00 1.002992100000e+01 9.100000000000e-01
     vertex -1.637500100000e+01 -3.758917000000e+00 9.100000000000e-01
   endloop
 endfacet
 facet normal 0.000000000000e+00 0.000000000000e+00 1.000000000000e+00
   outer loop
     vertex 6.200603819290e+00 7.278350105405e+00 9.100000000000e-01
     vertex 6.137267105405e+00 7.341686819290e+00 9.100000000000e-01
     vertex -3.438423000000e+00 1.013193400000e+01 9.100000000000e-01
   endloop
 endfacet
 facet normal 0.000000000000e+00 0.000000000000e+00 1.000000000000e+00
   outer loop
     vertex 6.200603819290e+00 7.278350105405e+00 9.100000000000e-01
     vertex -3.438423000000e+00 1.013193400000e+01 9.100000000000e-01
     vertex -3.969001000000e+00 1.002992100000e+01 9.100000000000e-01
   endloop
 endfacet
 facet normal 0.000000000000e+00 0.000000000000e+00 1.000000000000e+00
   outer loop
     vertex 6.200603819290e+00 7.278350105405e+00 9.100000000000e-01
     vertex -1.637500100000e+01 -3.758917000000e+00 9.100000000000e-01
     vertex -8.550000000000e+00 -1.748930175773e+01 9.100000000000e-01
   endloop
 endfacet
 facet normal 0.000000000000e+00 0.000000000000e+00 1.000000000000e+00
   outer loop
     vertex 6.089612173081e+00 7.417529327665e+00 9.100000000000e-01
     vertex -2.853563000000e+00 1.037493400000e+01 9.100000000000e-01
     vertex -3.022457000000e+00 1.028392100000e+01 9.100000000000e-01
   endloop
 endfacet
 facet normal 0.000000000000e+00 0.000000000000e+00 1.000000000000e+00
   outer loop
     vertex 6.089612173081e+00 7.417529327665e+00 9.100000000000e-01
     vertex -3.022457000000e+00 1.028392100000e+01 9.100000000000e-01
     vertex 6.137267105405e+00 7.341686819290e+00 9.100000000000e-01
   endloop
 endfacet
 facet normal 0.000000000000e+00 0.000000000000e+00 1.000000000000e+00
   outer loop
     vertex 6.276446327665e+00 7.230695173081e+00 9.100000000000e-01
     vertex -8.425735931288e+00 -1.758465293129e+01 9.100000000000e-01
     vertex 1.431362966948e+01 -1.252444618041e+00 9.100000000000e-01
   endloop
 endfacet
 facet normal 0.000000000000e+00 0.000000000000e+00 1.000000000000e+00
   outer loop
     vertex 6.276446327665e+00 7.230695173081e+00 9.100000000000e-01
     vertex -8.550000000000e+00 -1.748930175773e+01 9.100000000000e-01
     vertex -8.425735931288e+00 -1.758465293129e+01 9.100000000000e-01
   endloop
 endfacet
 facet normal 0.000000000000e+00 0.000000000000e+00 1.000000000000e+00
   outer loop
     vertex 6.276446327665e+00 7.230695173081e+00 9.100000000000e-01
     vertex 6.200603819290e+00 7.278350105405e+00 9.100000000000e-01
     vertex -8.550000000000e+00 -1.748930175773e+01 9.100000000000e-01
   endloop
 endfacet
 facet normal 0.000000000000e+00 0.000000000000e+00 1.000000000000e+00
   outer loop
     vertex 6.360991546802e+00 7.201111654484e+00 9.100000000000e-01
     vertex 6.276446327665e+00 7.230695173081e+00 9.100000000000e-01
     vertex 1.431362966948e+01 -1.252444618041e+00 9.100000000000e-01
   endloop
 endfacet
 facet normal 0.000000000000e+00 0.000000000000e+00 1.000000000000e+00
   outer loop
     vertex 6.360991546802e+00 7.201111654484e+00 9.100000000000e-01
     vertex 1.431362966948e+01 -1.252444618041e+00 9.100000000000e-01
     vertex 1.430000000000e+01 -1.148917000000e+00 9.100000000000e-01
   endloop
 endfacet
 facet normal 0.000000000000e+00 0.000000000000e+00 1.000000000000e+00
   outer loop
     vertex 6.060028654484e+00 7.502074546802e+00 9.100000000000e-01
     vertex -2.853563000000e+00 1.037493400000e+01 9.100000000000e-01
     vertex 6.089612173081e+00 7.417529327665e+00 9.100000000000e-01
   endloop
 endfacet
 facet normal 0.000000000000e+00 0.000000000000e+00 1.000000000000e+00
   outer loop
     vertex 6.060028654484e+00 7.502074546802e+00 9.100000000000e-01
     vertex -2.707512000000e+00 1.047515600000e+01 9.100000000000e-01
     vertex -2.853563000000e+00 1.037493400000e+01 9.100000000000e-01
   endloop
 endfacet
 facet normal 0.000000000000e+00 0.000000000000e+00 1.000000000000e+00
   outer loop
     vertex 6.450000000000e+00 7.191083000000e+00 9.100000000000e-01
     vertex 6.360991546802e+00 7.201111654484e+00 9.100000000000e-01
     vertex 1.430000000000e+01 -1.148917000000e+00 9.100000000000e-01
   endloop
 endfacet
 facet normal 0.000000000000e+00 0.000000000000e+00 1.000000000000e+00
   outer loop
     vertex 6.450000000000e+00 7.191083000000e+00 9.100000000000e-01
     vertex 1.430000000000e+01 -1.148917000000e+00 9.100000000000e-01
     vertex 1.431362966948e+01 -1.045389381959e+00 9.100000000000e-01
   endloop
 endfacet
 facet normal 0.000000000000e+00 0.000000000000e+00 1.000000000000e+00
   outer loop
     vertex 6.450000000000e+00 7.191083000000e+00 9.100000000000e-01
     vertex 1.431362966948e+01 -1.045389381959e+00 9.100000000000e-01
     vertex 1.435358983849e+01 -9.489170000000e-01 9.100000000000e-01
   endloop
 endfacet
 facet normal 0.000000000000e+00 0.000000000000e+00 1.000000000000e+00
   outer loop
     vertex 6.450000000000e+00 7.191083000000e+00 9.100000000000e-01
     vertex 1.435358983849e+01 -9.489170000000e-01 9.100000000000e-01
     vertex 1.441715728753e+01 -8.660742875254e-01 9.100000000000e-01
   endloop
 endfacet
 facet normal 0.000000000000e+00 0.000000000000e+00 1.000000000000e+00
   outer loop
     vertex 4.336112000000e+00 1.027459800000e+01 9.100000000000e-01
     vertex -2.583930000000e+00 1.058320500000e+01 9.100000000000e-01
     vertex -2.707512000000e+00 1.047515600000e+01 9.100000000000e-01
   endloop
 endfacet
 facet normal 0.000000000000e+00 0.000000000000e+00 1.000000000000e+00
   outer loop
     vertex 4.336112000000e+00 1.027459800000e+01 9.100000000000e-01
     vertex -2.707512000000e+00 1.047515600000e+01 9.100000000000e-01
     vertex 6.060028654484e+00 7.502074546802e+00 9.100000000000e-01
   endloop
 endfacet
 facet normal 0.000000000000e+00 0.000000000000e+00 1.000000000000e+00
   outer loop
     vertex 1.813789245777e+01 -3.521015458336e+00 9.100000000000e-01
     vertex 1.459647238196e+01 -1.535287330516e+00 9.100000000000e-01
     vertex 2.225000000000e+01 -1.430891700000e+01 9.100000000000e-01
   endloop
 endfacet
 facet normal 0.000000000000e+00 0.000000000000e+00 1.000000000000e+00
   outer loop
     vertex 1.813789245777e+01 -3.521015458336e+00 9.100000000000e-01
     vertex 1.470000000000e+01 -1.548917000000e+00 9.100000000000e-01
     vertex 1.459647238196e+01 -1.535287330516e+00 9.100000000000e-01
   endloop
 endfacet
 facet normal 0.000000000000e+00 0.000000000000e+00 1.000000000000e+00
   outer loop
     vertex 4.236269000000e+00 1.038854600000e+01 9.100000000000e-01
     vertex -2.481727000000e+00 1.069826500000e+01 9.100000000000e-01
     vertex -2.583930000000e+00 1.058320500000e+01 9.100000000000e-01
   endloop
 endfacet
 facet normal 0.000000000000e+00 0.000000000000e+00 1.000000000000e+00
   outer loop
     vertex 4.236269000000e+00 1.038854600000e+01 9.100000000000e-01
     vertex -2.583930000000e+00 1.058320500000e+01 9.100000000000e-01
     vertex 4.336112000000e+00 1.027459800000e+01 9.100000000000e-01
   endloop
 endfacet
 facet normal 0.000000000000e+00 0.000000000000e+00 1.000000000000e+00
   outer loop
     vertex 4.444197000000e+00 1.018260400000e+01 9.100000000000e-01
     vertex 4.336112000000e+00 1.027459800000e+01 9.100000000000e-01
     vertex 6.060028654484e+00 7.502074546802e+00 9.100000000000e-01
   endloop
 endfacet
 facet normal 0.000000000000e+00 0.000000000000e+00 1.000000000000e+00
   outer loop
     vertex 4.444197000000e+00 1.018260400000e+01 9.100000000000e-01
     vertex 6.060028654484e+00 7.502074546802e+00 9.100000000000e-01
     vertex 6.050000000000e+00 7.591083000000e+00 9.100000000000e-01
   endloop
 endfacet
 facet normal 0.000000000000e+00 0.000000000000e+00 1.000000000000e+00
   outer loop
     vertex 1.809021211454e+01 -3.458893802772e+00 9.100000000000e-01
     vertex 1.470000000000e+01 -1.548917000000e+00 9.100000000000e-01
     vertex 1.813789245777e+01 -3.521015458336e+00 9.100000000000e-01
   endloop
 endfacet
 facet normal 0.000000000000e+00 0.000000000000e+00 1.000000000000e+00
   outer loop
     vertex 1.820001903970e+01 -3.568689382427e+00 9.100000000000e-01
     vertex 1.813789245777e+01 -3.521015458336e+00 9.100000000000e-01
     vertex 2.225000000000e+01 -1.430891700000e+01 9.100000000000e-01
   endloop
 endfacet
 facet normal 0.000000000000e+00 0.000000000000e+00 1.000000000000e+00
   outer loop
     vertex 4.153012000000e+00 1.051607500000e+01 9.100000000000e-01
     vertex -2.399067000000e+00 1.082128600000e+01 9.100000000000e-01
     vertex -2.481727000000e+00 1.069826500000e+01 9.100000000000e-01
   endloop
 endfacet
 facet normal 0.000000000000e+00 0.000000000000e+00 1.000000000000e+00
   outer loop
     vertex 4.153012000000e+00 1.051607500000e+01 9.100000000000e-01
     vertex -2.481727000000e+00 1.069826500000e+01 9.100000000000e-01
     vertex 4.236269000000e+00 1.038854600000e+01 9.100000000000e-01
   endloop
 endfacet
 facet normal 0.000000000000e+00 0.000000000000e+00 1.000000000000e+00
   outer loop
     vertex 4.566622000000e+00 1.010644100000e+01 9.100000000000e-01
     vertex 4.444197000000e+00 1.018260400000e+01 9.100000000000e-01
     vertex 6.050000000000e+00 7.591083000000e+00 9.100000000000e-01
   endloop
 endfacet
 facet normal 0.000000000000e+00 0.000000000000e+00 1.000000000000e+00
   outer loop
     vertex 1.827236300068e+01 -3.598670485303e+00 9.100000000000e-01
     vertex 1.820001903970e+01 -3.568689382427e+00 9.100000000000e-01
     vertex 2.225000000000e+01 -1.430891700000e+01 9.100000000000e-01
   endloop
 endfacet
 facet normal 0.000000000000e+00 0.000000000000e+00 1.000000000000e+00
   outer loop
     vertex 4.695559000000e+00 1.005072100000e+01 9.100000000000e-01
     vertex 4.566622000000e+00 1.010644100000e+01 9.100000000000e-01
     vertex 6.050000000000e+00 7.591083000000e+00 9.100000000000e-01
   endloop
 endfacet
 facet normal 0.000000000000e+00 0.000000000000e+00 1.000000000000e+00
   outer loop
     vertex 4.082917000000e+00 1.066348200000e+01 9.100000000000e-01
     vertex -2.337093000000e+00 1.094931400000e+01 9.100000000000e-01
     vertex -2.399067000000e+00 1.082128600000e+01 9.100000000000e-01
   endloop
 endfacet
 facet normal 0.000000000000e+00 0.000000000000e+00 1.000000000000e+00
   outer loop
     vertex 4.082917000000e+00 1.066348200000e+01 9.100000000000e-01
     vertex -2.399067000000e+00 1.082128600000e+01 9.100000000000e-01
     vertex 4.153012000000e+00 1.051607500000e+01 9.100000000000e-01
   endloop
 endfacet
 facet normal 0.000000000000e+00 0.000000000000e+00 1.000000000000e+00
   outer loop
     vertex 1.615358983849e+01 -1.348917000000e+00 9.100000000000e-01
     vertex 1.508637033052e+01 -1.252444618041e+00 9.100000000000e-01
     vertex 1.504641016151e+01 -1.348917000000e+00 9.100000000000e-01
   endloop
 endfacet
 facet normal 0.000000000000e+00 0.000000000000e+00 1.000000000000e+00
   outer loop
     vertex 1.615358983849e+01 -1.348917000000e+00 9.100000000000e-01
     vertex 1.504641016151e+01 -1.348917000000e+00 9.100000000000e-01
     vertex 1.498284271247e+01 -1.431759712475e+00 9.100000000000e-01
   endloop
 endfacet
 facet normal 0.000000000000e+00 0.000000000000e+00 1.000000000000e+00
   outer loop
     vertex 1.615358983849e+01 -1.348917000000e+00 9.100000000000e-01
     vertex 1.498284271247e+01 -1.431759712475e+00 9.100000000000e-01
     vertex 1.621715728753e+01 -1.431759712475e+00 9.100000000000e-01
   endloop
 endfacet
 facet normal 0.000000000000e+00 0.000000000000e+00 1.000000000000e+00
   outer loop
     vertex 1.630000000000e+01 -1.495327161514e+00 9.100000000000e-01
     vertex 1.498284271247e+01 -1.431759712475e+00 9.100000000000e-01
     vertex 1.490000000000e+01 -1.495327161514e+00 9.100000000000e-01
   endloop
 endfacet
 facet normal 0.000000000000e+00 0.000000000000e+00 1.000000000000e+00
   outer loop
     vertex 1.630000000000e+01 -1.495327161514e+00 9.100000000000e-01
     vertex 1.621715728753e+01 -1.431759712475e+00 9.100000000000e-01
     vertex 1.498284271247e+01 -1.431759712475e+00 9.100000000000e-01
   endloop
 endfacet
 facet normal 0.000000000000e+00 0.000000000000e+00 1.000000000000e+00
   outer loop
     vertex 4.837236000000e+00 1.001252500000e+01 9.100000000000e-01
     vertex 4.695559000000e+00 1.005072100000e+01 9.100000000000e-01
     vertex 6.050000000000e+00 7.591083000000e+00 9.100000000000e-01
   endloop
 endfacet
 facet normal 0.000000000000e+00 0.000000000000e+00 1.000000000000e+00
   outer loop
     vertex 4.031612000000e+00 1.082064900000e+01 9.100000000000e-01
     vertex -2.293913000000e+00 1.108620800000e+01 9.100000000000e-01
     vertex -2.337093000000e+00 1.094931400000e+01 9.100000000000e-01
   endloop
 endfacet
 facet normal 0.000000000000e+00 0.000000000000e+00 1.000000000000e+00
   outer loop
     vertex 4.031612000000e+00 1.082064900000e+01 9.100000000000e-01
     vertex -2.337093000000e+00 1.094931400000e+01 9.100000000000e-01
     vertex 4.082917000000e+00 1.066348200000e+01 9.100000000000e-01
   endloop
 endfacet
 facet normal 0.000000000000e+00 0.000000000000e+00 1.000000000000e+00
   outer loop
     vertex 1.611362966948e+01 -1.252444618041e+00 9.100000000000e-01
     vertex 1.508637033052e+01 -1.252444618041e+00 9.100000000000e-01
     vertex 1.615358983849e+01 -1.348917000000e+00 9.100000000000e-01
   endloop
 endfacet
 facet normal 0.000000000000e+00 0.000000000000e+00 1.000000000000e+00
   outer loop
     vertex 1.733787595890e+01 -2.421030958907e+00 9.100000000000e-01
     vertex 1.809021211454e+01 -3.458893802772e+00 9.100000000000e-01
     vertex 1.806022353669e+01 -3.386552940052e+00 9.100000000000e-01
   endloop
 endfacet
 facet normal 0.000000000000e+00 0.000000000000e+00 1.000000000000e+00
   outer loop
     vertex 1.733787595890e+01 -2.421030958907e+00 9.100000000000e-01
     vertex 1.470000000000e+01 -1.548917000000e+00 9.100000000000e-01
     vertex 1.809021211454e+01 -3.458893802772e+00 9.100000000000e-01
   endloop
 endfacet
 facet normal 0.000000000000e+00 0.000000000000e+00 1.000000000000e+00
   outer loop
     vertex 1.733787595890e+01 -2.421030958907e+00 9.100000000000e-01
     vertex 1.480352761804e+01 -1.535287330516e+00 9.100000000000e-01
     vertex 1.470000000000e+01 -1.548917000000e+00 9.100000000000e-01
   endloop
 endfacet
 facet normal 0.000000000000e+00 0.000000000000e+00 1.000000000000e+00
   outer loop
     vertex 1.729019517988e+01 -2.358904709698e+00 9.100000000000e-01
     vertex 1.639647238196e+01 -1.535287330516e+00 9.100000000000e-01
     vertex 1.630000000000e+01 -1.495327161514e+00 9.100000000000e-01
   endloop
 endfacet
 facet normal 0.000000000000e+00 0.000000000000e+00 1.000000000000e+00
   outer loop
     vertex 1.729019517988e+01 -2.358904709698e+00 9.100000000000e-01
     vertex 1.480352761804e+01 -1.535287330516e+00 9.100000000000e-01
     vertex 1.733787595890e+01 -2.421030958907e+00 9.100000000000e-01
   endloop
 endfacet
 facet normal 0.000000000000e+00 0.000000000000e+00 1.000000000000e+00
   outer loop
     vertex 1.729019517988e+01 -2.358904709698e+00 9.100000000000e-01
     vertex 1.490000000000e+01 -1.495327161514e+00 9.100000000000e-01
     vertex 1.480352761804e+01 -1.535287330516e+00 9.100000000000e-01
   endloop
 endfacet
 facet normal 0.000000000000e+00 0.000000000000e+00 1.000000000000e+00
   outer loop
     vertex 1.729019517988e+01 -2.358904709698e+00 9.100000000000e-01
     vertex 1.630000000000e+01 -1.495327161514e+00 9.100000000000e-01
     vertex 1.490000000000e+01 -1.495327161514e+00 9.100000000000e-01
   endloop
 endfacet
 facet normal 0.000000000000e+00 0.000000000000e+00 1.000000000000e+00
   outer loop
     vertex 1.740000713452e+01 -2.468705318320e+00 9.100000000000e-01
     vertex 1.733787595890e+01 -2.421030958907e+00 9.100000000000e-01
     vertex 1.806022353669e+01 -3.386552940052e+00 9.100000000000e-01
   endloop
 endfacet
 facet normal 0.000000000000e+00 0.000000000000e+00 1.000000000000e+00
   outer loop
     vertex 1.740000713452e+01 -2.468705318320e+00 9.100000000000e-01
     vertex 1.806022353669e+01 -3.386552940052e+00 9.100000000000e-01
     vertex 1.804996800000e+01 -3.308917000000e+00 9.100000000000e-01
   endloop
 endfacet
 facet normal 0.000000000000e+00 0.000000000000e+00 1.000000000000e+00
   outer loop
     vertex 1.610000000000e+01 -1.148917000000e+00 9.100000000000e-01
     vertex 1.508637033052e+01 -1.252444618041e+00 9.100000000000e-01
     vertex 1.611362966948e+01 -1.252444618041e+00 9.100000000000e-01
   endloop
 endfacet
 facet normal 0.000000000000e+00 0.000000000000e+00 1.000000000000e+00
   outer loop
     vertex 1.610000000000e+01 -1.148917000000e+00 9.100000000000e-01
     vertex 1.508637033052e+01 -1.045389381959e+00 9.100000000000e-01
     vertex 1.510000000000e+01 -1.148917000000e+00 9.100000000000e-01
   endloop
 endfacet
 facet normal 0.000000000000e+00 0.000000000000e+00 1.000000000000e+00
   outer loop
     vertex 1.610000000000e+01 -1.148917000000e+00 9.100000000000e-01
     vertex 1.510000000000e+01 -1.148917000000e+00 9.100000000000e-01
     vertex 1.508637033052e+01 -1.252444618041e+00 9.100000000000e-01
   endloop
 endfacet
 facet normal 0.000000000000e+00 0.000000000000e+00 1.000000000000e+00
   outer loop
     vertex 4.963874000000e+00 9.995349000000e+00 9.100000000000e-01
     vertex 4.837236000000e+00 1.001252500000e+01 9.100000000000e-01
     vertex 6.050000000000e+00 7.591083000000e+00 9.100000000000e-01
   endloop
 endfacet
 facet normal 0.000000000000e+00 0.000000000000e+00 1.000000000000e+00
   outer loop
     vertex 1.726021189811e+01 -2.286557419880e+00 9.100000000000e-01
     vertex 1.650000000000e+01 -1.548917000000e+00 9.100000000000e-01
     vertex 1.639647238196e+01 -1.535287330516e+00 9.100000000000e-01
   endloop
 endfacet
 facet normal 0.000000000000e+00 0.000000000000e+00 1.000000000000e+00
   outer loop
     vertex 1.726021189811e+01 -2.286557419880e+00 9.100000000000e-01
     vertex 1.639647238196e+01 -1.535287330516e+00 9.100000000000e-01
     vertex 1.729019517988e+01 -2.358904709698e+00 9.100000000000e-01
   endloop
 endfacet
 facet normal 0.000000000000e+00 0.000000000000e+00 1.000000000000e+00
   outer loop
     vertex 1.747235752206e+01 -2.498681124452e+00 9.100000000000e-01
     vertex 1.740000713452e+01 -2.468705318320e+00 9.100000000000e-01
     vertex 1.804996800000e+01 -3.308917000000e+00 9.100000000000e-01
   endloop
 endfacet
 facet normal 0.000000000000e+00 0.000000000000e+00 1.000000000000e+00
   outer loop
     vertex 3.998600000000e+00 1.098892500000e+01 9.100000000000e-01
     vertex -2.293913000000e+00 1.108620800000e+01 9.100000000000e-01
     vertex 4.031612000000e+00 1.082064900000e+01 9.100000000000e-01
   endloop
 endfacet
 facet normal 0.000000000000e+00 0.000000000000e+00 1.000000000000e+00
   outer loop
     vertex 3.998600000000e+00 1.098892500000e+01 9.100000000000e-01
     vertex -2.271449000000e+00 1.122602200000e+01 9.100000000000e-01
     vertex -2.293913000000e+00 1.108620800000e+01 9.100000000000e-01
   endloop
 endfacet
 facet normal 0.000000000000e+00 0.000000000000e+00 1.000000000000e+00
   outer loop
     vertex 1.724996800000e+01 -2.208916000000e+00 9.100000000000e-01
     vertex 1.650000000000e+01 -1.548917000000e+00 9.100000000000e-01
     vertex 1.726021189811e+01 -2.286557419880e+00 9.100000000000e-01
   endloop
 endfacet
 facet normal 0.000000000000e+00 0.000000000000e+00 1.000000000000e+00
   outer loop
     vertex 1.755000000000e+01 -2.508917000000e+00 9.100000000000e-01
     vertex 1.747235752206e+01 -2.498681124452e+00 9.100000000000e-01
     vertex 1.804996800000e+01 -3.308917000000e+00 9.100000000000e-01
   endloop
 endfacet
 facet normal 0.000000000000e+00 0.000000000000e+00 1.000000000000e+00
   outer loop
     vertex 1.611362966948e+01 -1.045389381959e+00 9.100000000000e-01
     vertex 1.508637033052e+01 -1.045389381959e+00 9.100000000000e-01
     vertex 1.610000000000e+01 -1.148917000000e+00 9.100000000000e-01
   endloop
 endfacet
 facet normal 0.000000000000e+00 0.000000000000e+00 1.000000000000e+00
   outer loop
     vertex 1.660352761804e+01 -1.535287330516e+00 9.100000000000e-01
     vertex 1.650000000000e+01 -1.548917000000e+00 9.100000000000e-01
     vertex 1.724996800000e+01 -2.208916000000e+00 9.100000000000e-01
   endloop
 endfacet
 facet normal 0.000000000000e+00 0.000000000000e+00 1.000000000000e+00
   outer loop
     vertex 3.985491000000e+00 1.116142600000e+01 9.100000000000e-01
     vertex -2.271449000000e+00 1.122602200000e+01 9.100000000000e-01
     vertex 3.998600000000e+00 1.098892500000e+01 9.100000000000e-01
   endloop
 endfacet
 facet normal 0.000000000000e+00 0.000000000000e+00 1.000000000000e+00
   outer loop
     vertex 3.985491000000e+00 1.116142600000e+01 9.100000000000e-01
     vertex -2.269301000000e+00 1.137465100000e+01 9.100000000000e-01
     vertex -2.271449000000e+00 1.122602200000e+01 9.100000000000e-01
   endloop
 endfacet
 facet normal 0.000000000000e+00 0.000000000000e+00 1.000000000000e+00
   outer loop
     vertex 1.615358983849e+01 -9.489170000000e-01 9.100000000000e-01
     vertex 1.498284271247e+01 -8.660742875254e-01 9.100000000000e-01
     vertex 1.504641016151e+01 -9.489170000000e-01 9.100000000000e-01
   endloop
 endfacet
 facet normal 0.000000000000e+00 0.000000000000e+00 1.000000000000e+00
   outer loop
     vertex 1.615358983849e+01 -9.489170000000e-01 9.100000000000e-01
     vertex 1.504641016151e+01 -9.489170000000e-01 9.100000000000e-01
     vertex 1.508637033052e+01 -1.045389381959e+00 9.100000000000e-01
   endloop
 endfacet
 facet normal 0.000000000000e+00 0.000000000000e+00 1.000000000000e+00
   outer loop
     vertex 1.615358983849e+01 -9.489170000000e-01 9.100000000000e-01
     vertex 1.508637033052e+01 -1.045389381959e+00 9.100000000000e-01
     vertex 1.611362966948e+01 -1.045389381959e+00 9.100000000000e-01
   endloop
 endfacet
 facet normal 0.000000000000e+00 0.000000000000e+00 1.000000000000e+00
   outer loop
     vertex 1.670000000000e+01 -1.495327161514e+00 9.100000000000e-01
     vertex 1.660352761804e+01 -1.535287330516e+00 9.100000000000e-01
     vertex 1.724996800000e+01 -2.208916000000e+00 9.100000000000e-01
   endloop
 endfacet
 facet normal 0.000000000000e+00 0.000000000000e+00 1.000000000000e+00
   outer loop
     vertex 1.805003200000e+01 -2.808917000000e+00 9.100000000000e-01
     vertex 1.755000000000e+01 -2.508917000000e+00 9.100000000000e-01
     vertex 1.804996800000e+01 -3.308917000000e+00 9.100000000000e-01
   endloop
 endfacet
 facet normal 0.000000000000e+00 0.000000000000e+00 1.000000000000e+00
   outer loop
     vertex 1.805003200000e+01 -2.808917000000e+00 9.100000000000e-01
     vertex 1.775000000000e+01 -2.508917000000e+00 9.100000000000e-01
     vertex 1.755000000000e+01 -2.508917000000e+00 9.100000000000e-01
   endloop
 endfacet
 facet normal 0.000000000000e+00 0.000000000000e+00 1.000000000000e+00
   outer loop
     vertex 1.803977624765e+01 -2.731281255091e+00 9.100000000000e-01
     vertex 1.782763683836e+01 -2.519164471590e+00 9.100000000000e-01
     vertex 1.775000000000e+01 -2.508917000000e+00 9.100000000000e-01
   endloop
 endfacet
 facet normal 0.000000000000e+00 0.000000000000e+00 1.000000000000e+00
   outer loop
     vertex 1.803977624765e+01 -2.731281255091e+00 9.100000000000e-01
     vertex 1.775000000000e+01 -2.508917000000e+00 9.100000000000e-01
     vertex 1.805003200000e+01 -2.808917000000e+00 9.100000000000e-01
   endloop
 endfacet
 facet normal 0.000000000000e+00 0.000000000000e+00 1.000000000000e+00
   outer loop
     vertex 1.621715728753e+01 -8.660742875254e-01 9.100000000000e-01
     vertex 1.498284271247e+01 -8.660742875254e-01 9.100000000000e-01
     vertex 1.615358983849e+01 -9.489170000000e-01 9.100000000000e-01
   endloop
 endfacet
 facet normal 0.000000000000e+00 0.000000000000e+00 1.000000000000e+00
   outer loop
     vertex 1.678284271247e+01 -1.431759712475e+00 9.100000000000e-01
     vertex 1.670000000000e+01 -1.495327161514e+00 9.100000000000e-01
     vertex 1.724996800000e+01 -2.208916000000e+00 9.100000000000e-01
   endloop
 endfacet
 facet normal 0.000000000000e+00 0.000000000000e+00 1.000000000000e+00
   outer loop
     vertex 1.796210718873e+01 -2.596819188205e+00 9.100000000000e-01
     vertex 1.789998067168e+01 -2.549145450970e+00 9.100000000000e-01
     vertex 1.782763683836e+01 -2.519164471590e+00 9.100000000000e-01
   endloop
 endfacet
 facet normal 0.000000000000e+00 0.000000000000e+00 1.000000000000e+00
   outer loop
     vertex 1.796210718873e+01 -2.596819188205e+00 9.100000000000e-01
     vertex 1.803977624765e+01 -2.731281255091e+00 9.100000000000e-01
     vertex 1.800978755217e+01 -2.658940619984e+00 9.100000000000e-01
   endloop
 endfacet
 facet normal 0.000000000000e+00 0.000000000000e+00 1.000000000000e+00
   outer loop
     vertex 1.796210718873e+01 -2.596819188205e+00 9.100000000000e-01
     vertex 1.782763683836e+01 -2.519164471590e+00 9.100000000000e-01
     vertex 1.803977624765e+01 -2.731281255091e+00 9.100000000000e-01
   endloop
 endfacet
 facet normal 0.000000000000e+00 0.000000000000e+00 1.000000000000e+00
   outer loop
     vertex 1.684641016151e+01 -1.348917000000e+00 9.100000000000e-01
     vertex 1.678284271247e+01 -1.431759712475e+00 9.100000000000e-01
     vertex 1.724996800000e+01 -2.208916000000e+00 9.100000000000e-01
   endloop
 endfacet
 facet normal 0.000000000000e+00 0.000000000000e+00 1.000000000000e+00
   outer loop
     vertex 1.630000000000e+01 -8.025068384862e-01 9.100000000000e-01
     vertex 1.490000000000e+01 -8.025068384862e-01 9.100000000000e-01
     vertex 1.498284271247e+01 -8.660742875254e-01 9.100000000000e-01
   endloop
 endfacet
 facet normal 0.000000000000e+00 0.000000000000e+00 1.000000000000e+00
   outer loop
     vertex 1.630000000000e+01 -8.025068384862e-01 9.100000000000e-01
     vertex 1.498284271247e+01 -8.660742875254e-01 9.100000000000e-01
     vertex 1.621715728753e+01 -8.660742875254e-01 9.100000000000e-01
   endloop
 endfacet
 facet normal 0.000000000000e+00 0.000000000000e+00 1.000000000000e+00
   outer loop
     vertex 4.018043000000e+00 1.150106800000e+01 9.100000000000e-01
     vertex -2.269301000000e+00 1.137465100000e+01 9.100000000000e-01
     vertex 3.985491000000e+00 1.116142600000e+01 9.100000000000e-01
   endloop
 endfacet
 facet normal 0.000000000000e+00 0.000000000000e+00 1.000000000000e+00
   outer loop
     vertex 4.018043000000e+00 1.150106800000e+01 9.100000000000e-01
     vertex -2.329667000000e+00 1.167852300000e+01 9.100000000000e-01
     vertex -2.288234000000e+00 1.152365700000e+01 9.100000000000e-01
   endloop
 endfacet
 facet normal 0.000000000000e+00 0.000000000000e+00 1.000000000000e+00
   outer loop
     vertex 4.018043000000e+00 1.150106800000e+01 9.100000000000e-01
     vertex -2.288234000000e+00 1.152365700000e+01 9.100000000000e-01
     vertex -2.269301000000e+00 1.137465100000e+01 9.100000000000e-01
   endloop
 endfacet
 facet normal 0.000000000000e+00 0.000000000000e+00 1.000000000000e+00
   outer loop
     vertex 2.123786800000e+01 -5.621049000000e+00 9.100000000000e-01
     vertex 1.827236300068e+01 -3.598670485303e+00 9.100000000000e-01
     vertex 2.225000000000e+01 -1.430891700000e+01 9.100000000000e-01
   endloop
 endfacet
 facet normal 0.000000000000e+00 0.000000000000e+00 1.000000000000e+00
   outer loop
     vertex 2.119019241413e+01 -5.558916975212e+00 9.100000000000e-01
     vertex 1.835000000000e+01 -3.608918000000e+00 9.100000000000e-01
     vertex 1.827236300068e+01 -3.598670485303e+00 9.100000000000e-01
   endloop
 endfacet
 facet normal 0.000000000000e+00 0.000000000000e+00 1.000000000000e+00
   outer loop
     vertex 2.119019241413e+01 -5.558916975212e+00 9.100000000000e-01
     vertex 1.827236300068e+01 -3.598670485303e+00 9.100000000000e-01
     vertex 2.123786800000e+01 -5.621049000000e+00 9.100000000000e-01
   endloop
 endfacet
 facet normal 0.000000000000e+00 0.000000000000e+00 1.000000000000e+00
   outer loop
     vertex 2.130000002479e+01 -5.668724585871e+00 9.100000000000e-01
     vertex 2.123786800000e+01 -5.621049000000e+00 9.100000000000e-01
     vertex 2.225000000000e+01 -1.430891700000e+01 9.100000000000e-01
   endloop
 endfacet
 facet normal 0.000000000000e+00 0.000000000000e+00 1.000000000000e+00
   outer loop
     vertex 1.688637033052e+01 -1.252444618041e+00 9.100000000000e-01
     vertex 1.684641016151e+01 -1.348917000000e+00 9.100000000000e-01
     vertex 1.724996800000e+01 -2.208916000000e+00 9.100000000000e-01
   endloop
 endfacet
 facet normal 0.000000000000e+00 0.000000000000e+00 1.000000000000e+00
   outer loop
     vertex 6.050000000000e+00 9.591083000000e+00 9.100000000000e-01
     vertex 4.963874000000e+00 9.995349000000e+00 9.100000000000e-01
     vertex 6.050000000000e+00 7.591083000000e+00 9.100000000000e-01
   endloop
 endfacet
 facet normal 0.000000000000e+00 0.000000000000e+00 1.000000000000e+00
   outer loop
     vertex 5.650000000000e+00 9.991083000000e+00 9.100000000000e-01
     vertex 4.963874000000e+00 9.995349000000e+00 9.100000000000e-01
     vertex 6.050000000000e+00 9.591083000000e+00 9.100000000000e-01
   endloop
 endfacet
 facet normal 0.000000000000e+00 0.000000000000e+00 1.000000000000e+00
   outer loop
     vertex 2.116022227635e+01 -5.486562702126e+00 9.100000000000e-01
     vertex 1.835000000000e+01 -3.608918000000e+00 9.100000000000e-01
     vertex 2.119019241413e+01 -5.558916975212e+00 9.100000000000e-01
   endloop
 endfacet
 facet normal 0.000000000000e+00 0.000000000000e+00 1.000000000000e+00
   outer loop
     vertex 2.137235429787e+01 -5.698694723650e+00 9.100000000000e-01
     vertex 2.130000002479e+01 -5.668724585871e+00 9.100000000000e-01
     vertex 2.225000000000e+01 -1.430891700000e+01 9.100000000000e-01
   endloop
 endfacet
 facet normal 0.000000000000e+00 0.000000000000e+00 1.000000000000e+00
   outer loop
     vertex 2.115000000000e+01 -5.408917000000e+00 9.100000000000e-01
     vertex 1.835000000000e+01 -3.608918000000e+00 9.100000000000e-01
     vertex 2.116022227635e+01 -5.486562702126e+00 9.100000000000e-01
   endloop
 endfacet
 facet normal 0.000000000000e+00 0.000000000000e+00 1.000000000000e+00
   outer loop
     vertex 1.690000000000e+01 -1.148917000000e+00 9.100000000000e-01
     vertex 1.688637033052e+01 -1.252444618041e+00 9.100000000000e-01
     vertex 1.724996800000e+01 -2.208916000000e+00 9.100000000000e-01
   endloop
 endfacet
 facet normal 0.000000000000e+00 0.000000000000e+00 1.000000000000e+00
   outer loop
     vertex 6.010387826919e+00 9.764636672335e+00 9.100000000000e-01
     vertex 6.050000000000e+00 9.591083000000e+00 9.100000000000e-01
     vertex 6.039971345516e+00 9.680091453198e+00 9.100000000000e-01
   endloop
 endfacet
 facet normal 0.000000000000e+00 0.000000000000e+00 1.000000000000e+00
   outer loop
     vertex 5.962732894595e+00 9.840479180710e+00 9.100000000000e-01
     vertex 5.650000000000e+00 9.991083000000e+00 9.100000000000e-01
     vertex 6.050000000000e+00 9.591083000000e+00 9.100000000000e-01
   endloop
 endfacet
 facet normal 0.000000000000e+00 0.000000000000e+00 1.000000000000e+00
   outer loop
     vertex 5.962732894595e+00 9.840479180710e+00 9.100000000000e-01
     vertex 6.050000000000e+00 9.591083000000e+00 9.100000000000e-01
     vertex 6.010387826919e+00 9.764636672335e+00 9.100000000000e-01
   endloop
 endfacet
 facet normal 0.000000000000e+00 0.000000000000e+00 1.000000000000e+00
   outer loop
     vertex 5.962732894595e+00 9.840479180710e+00 9.100000000000e-01
     vertex 5.739008453198e+00 9.981054345516e+00 9.100000000000e-01
     vertex 5.650000000000e+00 9.991083000000e+00 9.100000000000e-01
   endloop
 endfacet
 facet normal 0.000000000000e+00 0.000000000000e+00 1.000000000000e+00
   outer loop
     vertex 5.962732894595e+00 9.840479180710e+00 9.100000000000e-01
     vertex 5.823553672335e+00 9.951470826919e+00 9.100000000000e-01
     vertex 5.739008453198e+00 9.981054345516e+00 9.100000000000e-01
   endloop
 endfacet
 facet normal 0.000000000000e+00 0.000000000000e+00 1.000000000000e+00
   outer loop
     vertex 5.962732894595e+00 9.840479180710e+00 9.100000000000e-01
     vertex 5.899396180710e+00 9.903815894595e+00 9.100000000000e-01
     vertex 5.823553672335e+00 9.951470826919e+00 9.100000000000e-01
   endloop
 endfacet
 facet normal 0.000000000000e+00 0.000000000000e+00 1.000000000000e+00
   outer loop
     vertex 4.121310000000e+00 1.180737000000e+01 9.100000000000e-01
     vertex -2.477374000000e+00 1.198217100000e+01 9.100000000000e-01
     vertex -2.392176000000e+00 1.183053300000e+01 9.100000000000e-01
   endloop
 endfacet
 facet normal 0.000000000000e+00 0.000000000000e+00 1.000000000000e+00
   outer loop
     vertex 4.121310000000e+00 1.180737000000e+01 9.100000000000e-01
     vertex -2.392176000000e+00 1.183053300000e+01 9.100000000000e-01
     vertex -2.329667000000e+00 1.167852300000e+01 9.100000000000e-01
   endloop
 endfacet
 facet normal 0.000000000000e+00 0.000000000000e+00 1.000000000000e+00
   outer loop
     vertex 4.121310000000e+00 1.180737000000e+01 9.100000000000e-01
     vertex -2.329667000000e+00 1.167852300000e+01 9.100000000000e-01
     vertex 4.018043000000e+00 1.150106800000e+01 9.100000000000e-01
   endloop
 endfacet
 facet normal 0.000000000000e+00 0.000000000000e+00 1.000000000000e+00
   outer loop
     vertex 2.225000000000e+01 -6.008917000000e+00 9.100000000000e-01
     vertex 2.145000000000e+01 -5.708917000000e+00 9.100000000000e-01
     vertex 2.137235429787e+01 -5.698694723650e+00 9.100000000000e-01
   endloop
 endfacet
 facet normal 0.000000000000e+00 0.000000000000e+00 1.000000000000e+00
   outer loop
     vertex 2.225000000000e+01 -6.008917000000e+00 9.100000000000e-01
     vertex 2.137235429787e+01 -5.698694723650e+00 9.100000000000e-01
     vertex 2.225000000000e+01 -1.430891700000e+01 9.100000000000e-01
   endloop
 endfacet
 facet normal 0.000000000000e+00 0.000000000000e+00 1.000000000000e+00
   outer loop
     vertex 2.195000000000e+01 -5.708917000000e+00 9.100000000000e-01
     vertex 2.145000000000e+01 -5.708917000000e+00 9.100000000000e-01
     vertex 2.225000000000e+01 -6.008917000000e+00 9.100000000000e-01
   endloop
 endfacet
 facet normal 0.000000000000e+00 0.000000000000e+00 1.000000000000e+00
   outer loop
     vertex 2.202764570213e+01 -5.719139276350e+00 9.100000000000e-01
     vertex 2.195000000000e+01 -5.708917000000e+00 9.100000000000e-01
     vertex 2.225000000000e+01 -6.008917000000e+00 9.100000000000e-01
   endloop
 endfacet
 facet normal 0.000000000000e+00 0.000000000000e+00 1.000000000000e+00
   outer loop
     vertex 2.223977772365e+01 -5.931271297874e+00 9.100000000000e-01
     vertex 2.202764570213e+01 -5.719139276350e+00 9.100000000000e-01
     vertex 2.225000000000e+01 -6.008917000000e+00 9.100000000000e-01
   endloop
 endfacet
 facet normal 0.000000000000e+00 0.000000000000e+00 1.000000000000e+00
   outer loop
     vertex 4.283059000000e+00 1.206190900000e+01 9.100000000000e-01
     vertex -2.477374000000e+00 1.198217100000e+01 9.100000000000e-01
     vertex 4.121310000000e+00 1.180737000000e+01 9.100000000000e-01
   endloop
 endfacet
 facet normal 0.000000000000e+00 0.000000000000e+00 1.000000000000e+00
   outer loop
     vertex 4.283059000000e+00 1.206190900000e+01 9.100000000000e-01
     vertex -2.707354000000e+00 1.226431400000e+01 9.100000000000e-01
     vertex -2.582632000000e+00 1.212719300000e+01 9.100000000000e-01
   endloop
 endfacet
 facet normal 0.000000000000e+00 0.000000000000e+00 1.000000000000e+00
   outer loop
     vertex 4.283059000000e+00 1.206190900000e+01 9.100000000000e-01
     vertex -2.582632000000e+00 1.212719300000e+01 9.100000000000e-01
     vertex -2.477374000000e+00 1.198217100000e+01 9.100000000000e-01
   endloop
 endfacet
 facet normal 0.000000000000e+00 0.000000000000e+00 1.000000000000e+00
   outer loop
     vertex 2.216213200000e+01 -5.796785000000e+00 9.100000000000e-01
     vertex 2.202764570213e+01 -5.719139276350e+00 9.100000000000e-01
     vertex 2.223977772365e+01 -5.931271297874e+00 9.100000000000e-01
   endloop
 endfacet
 facet normal 0.000000000000e+00 0.000000000000e+00 1.000000000000e+00
   outer loop
     vertex 2.216213200000e+01 -5.796785000000e+00 9.100000000000e-01
     vertex 2.209999997521e+01 -5.749109414129e+00 9.100000000000e-01
     vertex 2.202764570213e+01 -5.719139276350e+00 9.100000000000e-01
   endloop
 endfacet
 facet normal 0.000000000000e+00 0.000000000000e+00 1.000000000000e+00
   outer loop
     vertex 2.216213200000e+01 -5.796785000000e+00 9.100000000000e-01
     vertex 2.223977772365e+01 -5.931271297874e+00 9.100000000000e-01
     vertex 2.220980758587e+01 -5.858917024788e+00 9.100000000000e-01
   endloop
 endfacet
 facet normal 0.000000000000e+00 0.000000000000e+00 1.000000000000e+00
   outer loop
     vertex 4.493851000000e+00 1.225746800000e+01 9.100000000000e-01
     vertex -4.224574580634e+00 1.355043124194e+01 9.100000000000e-01
     vertex -2.850000000000e+00 1.239108300000e+01 9.100000000000e-01
   endloop
 endfacet
 facet normal 0.000000000000e+00 0.000000000000e+00 1.000000000000e+00
   outer loop
     vertex 4.493851000000e+00 1.225746800000e+01 9.100000000000e-01
     vertex -5.259408802918e+00 1.502103035665e+01 9.100000000000e-01
     vertex -4.224574580634e+00 1.355043124194e+01 9.100000000000e-01
   endloop
 endfacet
 facet normal 0.000000000000e+00 0.000000000000e+00 1.000000000000e+00
   outer loop
     vertex 4.493851000000e+00 1.225746800000e+01 9.100000000000e-01
     vertex -5.886559886627e+00 1.670632710857e+01 9.100000000000e-01
     vertex -5.259408802918e+00 1.502103035665e+01 9.100000000000e-01
   endloop
 endfacet
 facet normal 0.000000000000e+00 0.000000000000e+00 1.000000000000e+00
   outer loop
     vertex 4.493851000000e+00 1.225746800000e+01 9.100000000000e-01
     vertex -6.064851779280e+00 1.849567213534e+01 9.100000000000e-01
     vertex -5.886559886627e+00 1.670632710857e+01 9.100000000000e-01
   endloop
 endfacet
 facet normal 0.000000000000e+00 0.000000000000e+00 1.000000000000e+00
   outer loop
     vertex 4.493851000000e+00 1.225746800000e+01 9.100000000000e-01
     vertex -5.782578599279e+00 2.027158471079e+01 9.100000000000e-01
     vertex -6.064851779280e+00 1.849567213534e+01 9.100000000000e-01
   endloop
 endfacet
 facet normal 0.000000000000e+00 0.000000000000e+00 1.000000000000e+00
   outer loop
     vertex 4.493851000000e+00 1.225746800000e+01 9.100000000000e-01
     vertex -2.850000000000e+00 1.239108300000e+01 9.100000000000e-01
     vertex -2.707354000000e+00 1.226431400000e+01 9.100000000000e-01
   endloop
 endfacet
 facet normal 0.000000000000e+00 0.000000000000e+00 1.000000000000e+00
   outer loop
     vertex 4.493851000000e+00 1.225746800000e+01 9.100000000000e-01
     vertex -2.707354000000e+00 1.226431400000e+01 9.100000000000e-01
     vertex 4.283059000000e+00 1.206190900000e+01 9.100000000000e-01
   endloop
 endfacet
 facet normal 0.000000000000e+00 0.000000000000e+00 1.000000000000e+00
   outer loop
     vertex -5.058273193934e+00 2.191746602596e+01 9.100000000000e-01
     vertex -5.782578599279e+00 2.027158471079e+01 9.100000000000e-01
     vertex 4.493851000000e+00 1.225746800000e+01 9.100000000000e-01
   endloop
 endfacet
 facet normal 0.000000000000e+00 0.000000000000e+00 1.000000000000e+00
   outer loop
     vertex 2.085000000000e+01 -3.608917000000e+00 9.100000000000e-01
     vertex 2.115000000000e+01 -5.408917000000e+00 9.100000000000e-01
     vertex 2.115000000000e+01 -3.908917000000e+00 9.100000000000e-01
   endloop
 endfacet
 facet normal 0.000000000000e+00 0.000000000000e+00 1.000000000000e+00
   outer loop
     vertex 2.085000000000e+01 -3.608917000000e+00 9.100000000000e-01
     vertex 1.835000000000e+01 -3.608918000000e+00 9.100000000000e-01
     vertex 2.115000000000e+01 -5.408917000000e+00 9.100000000000e-01
   endloop
 endfacet
 facet normal 0.000000000000e+00 0.000000000000e+00 1.000000000000e+00
   outer loop
     vertex 1.724996700000e+01 9.105200000000e-02 9.100000000000e-01
     vertex 1.639647238196e+01 -7.625466694844e-01 9.100000000000e-01
     vertex 1.650000000000e+01 -7.489170000000e-01 9.100000000000e-01
   endloop
 endfacet
 facet normal 0.000000000000e+00 0.000000000000e+00 1.000000000000e+00
   outer loop
     vertex 1.724996700000e+01 9.105200000000e-02 9.100000000000e-01
     vertex 1.650000000000e+01 -7.489170000000e-01 9.100000000000e-01
     vertex 1.660352761804e+01 -7.625466694844e-01 9.100000000000e-01
   endloop
 endfacet
 facet normal 0.000000000000e+00 0.000000000000e+00 1.000000000000e+00
   outer loop
     vertex 1.724996700000e+01 9.105200000000e-02 9.100000000000e-01
     vertex 1.660352761804e+01 -7.625466694844e-01 9.100000000000e-01
     vertex 1.670000000000e+01 -8.025068384862e-01 9.100000000000e-01
   endloop
 endfacet
 facet normal 0.000000000000e+00 0.000000000000e+00 1.000000000000e+00
   outer loop
     vertex 1.724996700000e+01 9.105200000000e-02 9.100000000000e-01
     vertex 1.670000000000e+01 -8.025068384862e-01 9.100000000000e-01
     vertex 1.678284271247e+01 -8.660742875254e-01 9.100000000000e-01
   endloop
 endfacet
 facet normal 0.000000000000e+00 0.000000000000e+00 1.000000000000e+00
   outer loop
     vertex 1.724996700000e+01 9.105200000000e-02 9.100000000000e-01
     vertex 1.678284271247e+01 -8.660742875254e-01 9.100000000000e-01
     vertex 1.684641016151e+01 -9.489170000000e-01 9.100000000000e-01
   endloop
 endfacet
 facet normal 0.000000000000e+00 0.000000000000e+00 1.000000000000e+00
   outer loop
     vertex 1.724996700000e+01 9.105200000000e-02 9.100000000000e-01
     vertex 1.684641016151e+01 -9.489170000000e-01 9.100000000000e-01
     vertex 1.688637033052e+01 -1.045389381959e+00 9.100000000000e-01
   endloop
 endfacet
 facet normal 0.000000000000e+00 0.000000000000e+00 1.000000000000e+00
   outer loop
     vertex 2.106213200000e+01 -3.696785000000e+00 9.100000000000e-01
     vertex 2.092764570213e+01 -3.619139276350e+00 9.100000000000e-01
     vertex 2.085000000000e+01 -3.608917000000e+00 9.100000000000e-01
   endloop
 endfacet
 facet normal 0.000000000000e+00 0.000000000000e+00 1.000000000000e+00
   outer loop
     vertex 2.106213200000e+01 -3.696785000000e+00 9.100000000000e-01
     vertex 2.099999997521e+01 -3.649109414129e+00 9.100000000000e-01
     vertex 2.092764570213e+01 -3.619139276350e+00 9.100000000000e-01
   endloop
 endfacet
 facet normal 0.000000000000e+00 0.000000000000e+00 1.000000000000e+00
   outer loop
     vertex 2.106213200000e+01 -3.696785000000e+00 9.100000000000e-01
     vertex 2.113977772365e+01 -3.831271297874e+00 9.100000000000e-01
     vertex 2.110980758587e+01 -3.758917024788e+00 9.100000000000e-01
   endloop
 endfacet
 facet normal 0.000000000000e+00 0.000000000000e+00 1.000000000000e+00
   outer loop
     vertex 2.106213200000e+01 -3.696785000000e+00 9.100000000000e-01
     vertex 2.115000000000e+01 -3.908917000000e+00 9.100000000000e-01
     vertex 2.113977772365e+01 -3.831271297874e+00 9.100000000000e-01
   endloop
 endfacet
 facet normal 0.000000000000e+00 0.000000000000e+00 1.000000000000e+00
   outer loop
     vertex 2.106213200000e+01 -3.696785000000e+00 9.100000000000e-01
     vertex 2.085000000000e+01 -3.608917000000e+00 9.100000000000e-01
     vertex 2.115000000000e+01 -3.908917000000e+00 9.100000000000e-01
   endloop
 endfacet
 facet normal 0.000000000000e+00 0.000000000000e+00 1.000000000000e+00
   outer loop
     vertex 1.725748985551e+01 1.578125634600e-01 9.100000000000e-01
     vertex 1.639647238196e+01 -7.625466694844e-01 9.100000000000e-01
     vertex 1.724996700000e+01 9.105200000000e-02 9.100000000000e-01
   endloop
 endfacet
 facet normal 0.000000000000e+00 0.000000000000e+00 1.000000000000e+00
   outer loop
     vertex 1.727968064935e+01 2.212249822529e-01 9.100000000000e-01
     vertex 1.630000000000e+01 -8.025068384862e-01 9.100000000000e-01
     vertex 1.639647238196e+01 -7.625466694844e-01 9.100000000000e-01
   endloop
 endfacet
 facet normal 0.000000000000e+00 0.000000000000e+00 1.000000000000e+00
   outer loop
     vertex 1.727968064935e+01 2.212249822529e-01 9.100000000000e-01
     vertex 1.639647238196e+01 -7.625466694844e-01 9.100000000000e-01
     vertex 1.725748985551e+01 1.578125634600e-01 9.100000000000e-01
   endloop
 endfacet
 facet normal 0.000000000000e+00 0.000000000000e+00 1.000000000000e+00
   outer loop
     vertex 1.727968064935e+01 2.212249822529e-01 9.100000000000e-01
     vertex 1.490000000000e+01 -8.025068384862e-01 9.100000000000e-01
     vertex 1.630000000000e+01 -8.025068384862e-01 9.100000000000e-01
   endloop
 endfacet
 facet normal 0.000000000000e+00 0.000000000000e+00 1.000000000000e+00
   outer loop
     vertex 1.727968064935e+01 2.212249822529e-01 9.100000000000e-01
     vertex 1.480352761804e+01 -7.625466694844e-01 9.100000000000e-01
     vertex 1.490000000000e+01 -8.025068384862e-01 9.100000000000e-01
   endloop
 endfacet
 facet normal 0.000000000000e+00 0.000000000000e+00 1.000000000000e+00
   outer loop
     vertex 1.731542649776e+01 2.781090794142e-01 9.100000000000e-01
     vertex 1.480352761804e+01 -7.625466694844e-01 9.100000000000e-01
     vertex 1.727968064935e+01 2.212249822529e-01 9.100000000000e-01
   endloop
 endfacet
 facet normal 0.000000000000e+00 0.000000000000e+00 1.000000000000e+00
   outer loop
     vertex 1.731542649776e+01 2.781090794142e-01 9.100000000000e-01
     vertex 1.470000000000e+01 -7.489170000000e-01 9.100000000000e-01
     vertex 1.480352761804e+01 -7.625466694844e-01 9.100000000000e-01
   endloop
 endfacet
 facet normal 0.000000000000e+00 0.000000000000e+00 1.000000000000e+00
   outer loop
     vertex 1.796209745834e+01 4.789754577691e-01 9.100000000000e-01
     vertex 1.782763494005e+01 4.013065366907e-01 9.100000000000e-01
     vertex 1.789997580277e+01 4.312951145388e-01 9.100000000000e-01
   endloop
 endfacet
 facet normal 0.000000000000e+00 0.000000000000e+00 1.000000000000e+00
   outer loop
     vertex 1.796209745834e+01 4.789754577691e-01 9.100000000000e-01
     vertex 1.774999900000e+01 3.910510000000e-01 9.100000000000e-01
     vertex 1.782763494005e+01 4.013065366907e-01 9.100000000000e-01
   endloop
 endfacet
 facet normal 0.000000000000e+00 0.000000000000e+00 1.000000000000e+00
   outer loop
     vertex 1.805000000000e+01 6.910830000000e-01 9.100000000000e-01
     vertex 1.754999900000e+01 3.910510000000e-01 9.100000000000e-01
     vertex 1.774999900000e+01 3.910510000000e-01 9.100000000000e-01
   endloop
 endfacet
 facet normal 0.000000000000e+00 0.000000000000e+00 1.000000000000e+00
   outer loop
     vertex 1.805000000000e+01 6.910830000000e-01 9.100000000000e-01
     vertex 1.800977138243e+01 5.411020396987e-01 9.100000000000e-01
     vertex 1.803975248530e+01 6.134460006824e-01 9.100000000000e-01
   endloop
 endfacet
 facet normal 0.000000000000e+00 0.000000000000e+00 1.000000000000e+00
   outer loop
     vertex 1.805000000000e+01 6.910830000000e-01 9.100000000000e-01
     vertex 1.796209745834e+01 4.789754577691e-01 9.100000000000e-01
     vertex 1.800977138243e+01 5.411020396987e-01 9.100000000000e-01
   endloop
 endfacet
 facet normal 0.000000000000e+00 0.000000000000e+00 1.000000000000e+00
   outer loop
     vertex 1.805000000000e+01 6.910830000000e-01 9.100000000000e-01
     vertex 1.774999900000e+01 3.910510000000e-01 9.100000000000e-01
     vertex 1.796209745834e+01 4.789754577691e-01 9.100000000000e-01
   endloop
 endfacet
 facet normal 0.000000000000e+00 0.000000000000e+00 1.000000000000e+00
   outer loop
     vertex 1.805000000000e+01 1.291083000000e+00 9.100000000000e-01
     vertex 1.748323760947e+01 3.835354878230e-01 9.100000000000e-01
     vertex 1.754999900000e+01 3.910510000000e-01 9.100000000000e-01
   endloop
 endfacet
 facet normal 0.000000000000e+00 0.000000000000e+00 1.000000000000e+00
   outer loop
     vertex 1.805000000000e+01 1.291083000000e+00 9.100000000000e-01
     vertex 1.741982275020e+01 3.613516691224e-01 9.100000000000e-01
     vertex 1.748323760947e+01 3.835354878230e-01 9.100000000000e-01
   endloop
 endfacet
 facet normal 0.000000000000e+00 0.000000000000e+00 1.000000000000e+00
   outer loop
     vertex 1.805000000000e+01 1.291083000000e+00 9.100000000000e-01
     vertex 1.754999900000e+01 3.910510000000e-01 9.100000000000e-01
     vertex 1.805000000000e+01 6.910830000000e-01 9.100000000000e-01
   endloop
 endfacet
 facet normal 0.000000000000e+00 0.000000000000e+00 1.000000000000e+00
   outer loop
     vertex -3.939490352128e+00 2.332525456714e+01 9.100000000000e-01
     vertex -5.058273193934e+00 2.191746602596e+01 9.100000000000e-01
     vertex 4.493851000000e+00 1.225746800000e+01 9.100000000000e-01
   endloop
 endfacet
 facet normal 0.000000000000e+00 0.000000000000e+00 1.000000000000e+00
   outer loop
     vertex 1.806022227635e+01 1.368728702126e+00 9.100000000000e-01
     vertex 1.736293472154e+01 3.256120778554e-01 9.100000000000e-01
     vertex 1.741982275020e+01 3.613516691224e-01 9.100000000000e-01
   endloop
 endfacet
 facet normal 0.000000000000e+00 0.000000000000e+00 1.000000000000e+00
   outer loop
     vertex 1.806022227635e+01 1.368728702126e+00 9.100000000000e-01
     vertex 1.731542649776e+01 2.781090794142e-01 9.100000000000e-01
     vertex 1.736293472154e+01 3.256120778554e-01 9.100000000000e-01
   endloop
 endfacet
 facet normal 0.000000000000e+00 0.000000000000e+00 1.000000000000e+00
   outer loop
     vertex 1.806022227635e+01 1.368728702126e+00 9.100000000000e-01
     vertex 1.741982275020e+01 3.613516691224e-01 9.100000000000e-01
     vertex 1.805000000000e+01 1.291083000000e+00 9.100000000000e-01
   endloop
 endfacet
 facet normal 0.000000000000e+00 0.000000000000e+00 1.000000000000e+00
   outer loop
     vertex 1.809019241413e+01 1.441082975212e+00 9.100000000000e-01
     vertex 1.470000000000e+01 -7.489170000000e-01 9.100000000000e-01
     vertex 1.731542649776e+01 2.781090794142e-01 9.100000000000e-01
   endloop
 endfacet
 facet normal 0.000000000000e+00 0.000000000000e+00 1.000000000000e+00
   outer loop
     vertex 1.809019241413e+01 1.441082975212e+00 9.100000000000e-01
     vertex 1.731542649776e+01 2.781090794142e-01 9.100000000000e-01
     vertex 1.806022227635e+01 1.368728702126e+00 9.100000000000e-01
   endloop
 endfacet
 facet normal 0.000000000000e+00 0.000000000000e+00 1.000000000000e+00
   outer loop
     vertex 6.124573580634e+00 1.355043124194e+01 9.100000000000e-01
     vertex 4.493851000000e+00 1.225746800000e+01 9.100000000000e-01
     vertex 4.749999000000e+00 1.239108300000e+01 9.100000000000e-01
   endloop
 endfacet
 facet normal 0.000000000000e+00 0.000000000000e+00 1.000000000000e+00
   outer loop
     vertex -2.499684560679e+00 2.440252097185e+01 9.100000000000e-01
     vertex -3.939490352128e+00 2.332525456714e+01 9.100000000000e-01
     vertex 4.493851000000e+00 1.225746800000e+01 9.100000000000e-01
   endloop
 endfacet
 facet normal 0.000000000000e+00 0.000000000000e+00 1.000000000000e+00
   outer loop
     vertex 1.582083930113e+01 6.301863171475e+00 9.100000000000e-01
     vertex 1.450000000000e+01 -8.025068384862e-01 9.100000000000e-01
     vertex 1.459647238196e+01 -7.625466694844e-01 9.100000000000e-01
   endloop
 endfacet
 facet normal 0.000000000000e+00 0.000000000000e+00 1.000000000000e+00
   outer loop
     vertex 1.564591779945e+01 6.483265430091e+00 9.100000000000e-01
     vertex 1.450000000000e+01 -8.025068384862e-01 9.100000000000e-01
     vertex 1.582083930113e+01 6.301863171475e+00 9.100000000000e-01
   endloop
 endfacet
 facet normal 0.000000000000e+00 0.000000000000e+00 1.000000000000e+00
   outer loop
     vertex 1.564591779945e+01 6.483265430091e+00 9.100000000000e-01
     vertex 6.450000000000e+00 7.191083000000e+00 9.100000000000e-01
     vertex 1.441715728753e+01 -8.660742875254e-01 9.100000000000e-01
   endloop
 endfacet
 facet normal 0.000000000000e+00 0.000000000000e+00 1.000000000000e+00
   outer loop
     vertex 1.564591779945e+01 6.483265430091e+00 9.100000000000e-01
     vertex 1.441715728753e+01 -8.660742875254e-01 9.100000000000e-01
     vertex 1.450000000000e+01 -8.025068384862e-01 9.100000000000e-01
   endloop
 endfacet
 facet normal 0.000000000000e+00 0.000000000000e+00 1.000000000000e+00
   outer loop
     vertex 7.159407802918e+00 1.502103035665e+01 9.100000000000e-01
     vertex 4.493851000000e+00 1.225746800000e+01 9.100000000000e-01
     vertex 6.124573580634e+00 1.355043124194e+01 9.100000000000e-01
   endloop
 endfacet
 facet normal 0.000000000000e+00 0.000000000000e+00 1.000000000000e+00
   outer loop
     vertex 1.603245478512e+01 6.165030433729e+00 9.100000000000e-01
     vertex 1.470000000000e+01 -7.489170000000e-01 9.100000000000e-01
     vertex 1.809019241413e+01 1.441082975212e+00 9.100000000000e-01
   endloop
 endfacet
 facet normal 0.000000000000e+00 0.000000000000e+00 1.000000000000e+00
   outer loop
     vertex 1.603245478512e+01 6.165030433729e+00 9.100000000000e-01
     vertex 1.459647238196e+01 -7.625466694844e-01 9.100000000000e-01
     vertex 1.470000000000e+01 -7.489170000000e-01 9.100000000000e-01
   endloop
 endfacet
 facet normal 0.000000000000e+00 0.000000000000e+00 1.000000000000e+00
   outer loop
     vertex 1.603245478512e+01 6.165030433729e+00 9.100000000000e-01
     vertex 1.582083930113e+01 6.301863171475e+00 9.100000000000e-01
     vertex 1.459647238196e+01 -7.625466694844e-01 9.100000000000e-01
   endloop
 endfacet
 facet normal 0.000000000000e+00 0.000000000000e+00 1.000000000000e+00
   outer loop
     vertex 1.551687066806e+01 6.699716692652e+00 9.100000000000e-01
     vertex 6.450000000000e+00 7.191083000000e+00 9.100000000000e-01
     vertex 1.564591779945e+01 6.483265430091e+00 9.100000000000e-01
   endloop
 endfacet
 facet normal 0.000000000000e+00 0.000000000000e+00 1.000000000000e+00
   outer loop
     vertex 1.626965805675e+01 6.079948595992e+00 9.100000000000e-01
     vertex 1.809019241413e+01 1.441082975212e+00 9.100000000000e-01
     vertex 1.813786800000e+01 1.503215000000e+00 9.100000000000e-01
   endloop
 endfacet
 facet normal 0.000000000000e+00 0.000000000000e+00 1.000000000000e+00
   outer loop
     vertex 1.626965805675e+01 6.079948595992e+00 9.100000000000e-01
     vertex 1.603245478512e+01 6.165030433729e+00 9.100000000000e-01
     vertex 1.809019241413e+01 1.441082975212e+00 9.100000000000e-01
   endloop
 endfacet
 facet normal 0.000000000000e+00 0.000000000000e+00 1.000000000000e+00
   outer loop
     vertex 1.544047067490e+01 6.939856968799e+00 9.100000000000e-01
     vertex 6.450000000000e+00 7.191083000000e+00 9.100000000000e-01
     vertex 1.551687066806e+01 6.699716692652e+00 9.100000000000e-01
   endloop
 endfacet
 facet normal 0.000000000000e+00 0.000000000000e+00 1.000000000000e+00
   outer loop
     vertex 1.652000000000e+01 6.051083000000e+00 9.100000000000e-01
     vertex 1.813786800000e+01 1.503215000000e+00 9.100000000000e-01
     vertex 1.820000002479e+01 1.550890585871e+00 9.100000000000e-01
   endloop
 endfacet
 facet normal 0.000000000000e+00 0.000000000000e+00 1.000000000000e+00
   outer loop
     vertex 1.652000000000e+01 6.051083000000e+00 9.100000000000e-01
     vertex 1.626965805675e+01 6.079948595992e+00 9.100000000000e-01
     vertex 1.813786800000e+01 1.503215000000e+00 9.100000000000e-01
   endloop
 endfacet
 facet normal 0.000000000000e+00 0.000000000000e+00 1.000000000000e+00
   outer loop
     vertex 1.542072751331e+01 7.191083000000e+00 9.100000000000e-01
     vertex 6.450000000000e+00 7.191083000000e+00 9.100000000000e-01
     vertex 1.544047067490e+01 6.939856968799e+00 9.100000000000e-01
   endloop
 endfacet
 facet normal 0.000000000000e+00 0.000000000000e+00 1.000000000000e+00
   outer loop
     vertex 2.106213200000e+01 1.678951000000e+00 9.100000000000e-01
     vertex 2.092764570213e+01 1.601305276350e+00 9.100000000000e-01
     vertex 2.099999997521e+01 1.631275414129e+00 9.100000000000e-01
   endloop
 endfacet
 facet normal 0.000000000000e+00 0.000000000000e+00 1.000000000000e+00
   outer loop
     vertex 2.106213200000e+01 1.678951000000e+00 9.100000000000e-01
     vertex 2.085000000000e+01 1.591083000000e+00 9.100000000000e-01
     vertex 2.092764570213e+01 1.601305276350e+00 9.100000000000e-01
   endloop
 endfacet
 facet normal 0.000000000000e+00 0.000000000000e+00 1.000000000000e+00
   outer loop
     vertex 1.677034194325e+01 6.079948595992e+00 9.100000000000e-01
     vertex 1.652000000000e+01 6.051083000000e+00 9.100000000000e-01
     vertex 1.820000002479e+01 1.550890585871e+00 9.100000000000e-01
   endloop
 endfacet
 facet normal 0.000000000000e+00 0.000000000000e+00 1.000000000000e+00
   outer loop
     vertex 1.677034194325e+01 6.079948595992e+00 9.100000000000e-01
     vertex 1.820000002479e+01 1.550890585871e+00 9.100000000000e-01
     vertex 1.827235429787e+01 1.580860723650e+00 9.100000000000e-01
   endloop
 endfacet
 facet normal 0.000000000000e+00 0.000000000000e+00 1.000000000000e+00
   outer loop
     vertex 2.110980758587e+01 1.741083024788e+00 9.100000000000e-01
     vertex 2.085000000000e+01 1.591083000000e+00 9.100000000000e-01
     vertex 2.106213200000e+01 1.678951000000e+00 9.100000000000e-01
   endloop
 endfacet
 facet normal 0.000000000000e+00 0.000000000000e+00 1.000000000000e+00
   outer loop
     vertex 2.115000000000e+01 1.891083000000e+00 9.100000000000e-01
     vertex 2.085000000000e+01 1.591083000000e+00 9.100000000000e-01
     vertex 2.110980758587e+01 1.741083024788e+00 9.100000000000e-01
   endloop
 endfacet
 facet normal 0.000000000000e+00 0.000000000000e+00 1.000000000000e+00
   outer loop
     vertex 2.115000000000e+01 1.891083000000e+00 9.100000000000e-01
     vertex 2.110980758587e+01 1.741083024788e+00 9.100000000000e-01
     vertex 2.113977772365e+01 1.813437297874e+00 9.100000000000e-01
   endloop
 endfacet
 facet normal 0.000000000000e+00 0.000000000000e+00 1.000000000000e+00
   outer loop
     vertex 1.700754521488e+01 6.165030433729e+00 9.100000000000e-01
     vertex 1.677034194325e+01 6.079948595992e+00 9.100000000000e-01
     vertex 1.827235429787e+01 1.580860723650e+00 9.100000000000e-01
   endloop
 endfacet
 facet normal 0.000000000000e+00 0.000000000000e+00 1.000000000000e+00
   outer loop
     vertex 1.700754521488e+01 6.165030433729e+00 9.100000000000e-01
     vertex 1.827235429787e+01 1.580860723650e+00 9.100000000000e-01
     vertex 1.835000000000e+01 1.591083000000e+00 9.100000000000e-01
   endloop
 endfacet
 facet normal 0.000000000000e+00 0.000000000000e+00 1.000000000000e+00
   outer loop
     vertex -8.333872975250e-01 2.507853654461e+01 9.100000000000e-01
     vertex -2.499684560679e+00 2.440252097185e+01 9.100000000000e-01
     vertex 4.493851000000e+00 1.225746800000e+01 9.100000000000e-01
   endloop
 endfacet
 facet normal 0.000000000000e+00 0.000000000000e+00 1.000000000000e+00
   outer loop
     vertex 2.115000000000e+01 3.191083000000e+00 9.100000000000e-01
     vertex 1.835000000000e+01 1.591083000000e+00 9.100000000000e-01
     vertex 2.085000000000e+01 1.591083000000e+00 9.100000000000e-01
   endloop
 endfacet
 facet normal 0.000000000000e+00 0.000000000000e+00 1.000000000000e+00
   outer loop
     vertex 2.115000000000e+01 3.191083000000e+00 9.100000000000e-01
     vertex 2.085000000000e+01 1.591083000000e+00 9.100000000000e-01
     vertex 2.115000000000e+01 1.891083000000e+00 9.100000000000e-01
   endloop
 endfacet
 facet normal 0.000000000000e+00 0.000000000000e+00 1.000000000000e+00
   outer loop
     vertex 7.786558886627e+00 1.670632710857e+01 9.100000000000e-01
     vertex 4.493851000000e+00 1.225746800000e+01 9.100000000000e-01
     vertex 7.159407802918e+00 1.502103035665e+01 9.100000000000e-01
   endloop
 endfacet
 facet normal 0.000000000000e+00 0.000000000000e+00 1.000000000000e+00
   outer loop
     vertex 2.111018000000e+01 3.513411000000e+00 9.100000000000e-01
     vertex 1.835000000000e+01 1.591083000000e+00 9.100000000000e-01
     vertex 2.115000000000e+01 3.191083000000e+00 9.100000000000e-01
   endloop
 endfacet
 facet normal 0.000000000000e+00 0.000000000000e+00 1.000000000000e+00
   outer loop
     vertex 2.097293000000e+01 3.939173000000e+00 9.100000000000e-01
     vertex 1.835000000000e+01 1.591083000000e+00 9.100000000000e-01
     vertex 2.111018000000e+01 3.513411000000e+00 9.100000000000e-01
   endloop
 endfacet
 facet normal 0.000000000000e+00 0.000000000000e+00 1.000000000000e+00
   outer loop
     vertex 2.070968200000e+01 4.481691000000e+00 9.100000000000e-01
     vertex 1.835000000000e+01 1.591083000000e+00 9.100000000000e-01
     vertex 2.097293000000e+01 3.939173000000e+00 9.100000000000e-01
   endloop
 endfacet
 facet normal 0.000000000000e+00 0.000000000000e+00 1.000000000000e+00
   outer loop
     vertex 2.029524200000e+01 5.143061000000e+00 9.100000000000e-01
     vertex 1.700754521488e+01 6.165030433729e+00 9.100000000000e-01
     vertex 1.835000000000e+01 1.591083000000e+00 9.100000000000e-01
   endloop
 endfacet
 facet normal 0.000000000000e+00 0.000000000000e+00 1.000000000000e+00
   outer loop
     vertex 2.029524200000e+01 5.143061000000e+00 9.100000000000e-01
     vertex 1.835000000000e+01 1.591083000000e+00 9.100000000000e-01
     vertex 2.070968200000e+01 4.481691000000e+00 9.100000000000e-01
   endloop
 endfacet
 facet normal 0.000000000000e+00 0.000000000000e+00 1.000000000000e+00
   outer loop
     vertex 1.971421600000e+01 5.911723000000e+00 9.100000000000e-01
     vertex 1.700754521488e+01 6.165030433729e+00 9.100000000000e-01
     vertex 2.029524200000e+01 5.143061000000e+00 9.100000000000e-01
   endloop
 endfacet
 facet normal 0.000000000000e+00 0.000000000000e+00 1.000000000000e+00
   outer loop
     vertex 1.971421600000e+01 5.911723000000e+00 9.100000000000e-01
     vertex 1.721916069887e+01 6.301863171475e+00 9.100000000000e-01
     vertex 1.700754521488e+01 6.165030433729e+00 9.100000000000e-01
   endloop
 endfacet
 facet normal 0.000000000000e+00 0.000000000000e+00 1.000000000000e+00
   outer loop
     vertex 1.935824400000e+01 6.331272000000e+00 9.100000000000e-01
     vertex 1.721916069887e+01 6.301863171475e+00 9.100000000000e-01
     vertex 1.971421600000e+01 5.911723000000e+00 9.100000000000e-01
   endloop
 endfacet
 facet normal 0.000000000000e+00 0.000000000000e+00 1.000000000000e+00
   outer loop
     vertex 1.935824400000e+01 6.331272000000e+00 9.100000000000e-01
     vertex 1.739408220055e+01 6.483265430091e+00 9.100000000000e-01
     vertex 1.721916069887e+01 6.301863171475e+00 9.100000000000e-01
   endloop
 endfacet
 facet normal 0.000000000000e+00 0.000000000000e+00 1.000000000000e+00
   outer loop
     vertex 1.896431900000e+01 6.764118000000e+00 9.100000000000e-01
     vertex 1.739408220055e+01 6.483265430091e+00 9.100000000000e-01
     vertex 1.935824400000e+01 6.331272000000e+00 9.100000000000e-01
   endloop
 endfacet
 facet normal 0.000000000000e+00 0.000000000000e+00 1.000000000000e+00
   outer loop
     vertex 1.896431900000e+01 6.764118000000e+00 9.100000000000e-01
     vertex 1.752312933194e+01 6.699716692652e+00 9.100000000000e-01
     vertex 1.739408220055e+01 6.483265430091e+00 9.100000000000e-01
   endloop
 endfacet
 facet normal 0.000000000000e+00 0.000000000000e+00 1.000000000000e+00
   outer loop
     vertex 1.855000000000e+01 7.191083000000e+00 9.100000000000e-01
     vertex 1.752312933194e+01 6.699716692652e+00 9.100000000000e-01
     vertex 1.896431900000e+01 6.764118000000e+00 9.100000000000e-01
   endloop
 endfacet
 facet normal 0.000000000000e+00 0.000000000000e+00 1.000000000000e+00
   outer loop
     vertex 1.855000000000e+01 7.191083000000e+00 9.100000000000e-01
     vertex 1.761927248669e+01 7.191083000000e+00 9.100000000000e-01
     vertex 1.759952932510e+01 6.939856968799e+00 9.100000000000e-01
   endloop
 endfacet
 facet normal 0.000000000000e+00 0.000000000000e+00 1.000000000000e+00
   outer loop
     vertex 1.855000000000e+01 7.191083000000e+00 9.100000000000e-01
     vertex 1.759952932510e+01 6.939856968799e+00 9.100000000000e-01
     vertex 1.752312933194e+01 6.699716692652e+00 9.100000000000e-01
   endloop
 endfacet
 facet normal 0.000000000000e+00 0.000000000000e+00 1.000000000000e+00
   outer loop
     vertex 9.499995000000e-01 2.530891700000e+01 9.100000000000e-01
     vertex -8.333872975250e-01 2.507853654461e+01 9.100000000000e-01
     vertex 4.493851000000e+00 1.225746800000e+01 9.100000000000e-01
   endloop
 endfacet
 facet normal 0.000000000000e+00 0.000000000000e+00 1.000000000000e+00
   outer loop
     vertex 7.964850779280e+00 1.849567213534e+01 9.100000000000e-01
     vertex 4.493851000000e+00 1.225746800000e+01 9.100000000000e-01
     vertex 7.786558886627e+00 1.670632710857e+01 9.100000000000e-01
   endloop
 endfacet
 facet normal 0.000000000000e+00 0.000000000000e+00 1.000000000000e+00
   outer loop
     vertex 2.733386297525e+00 2.507853654461e+01 9.100000000000e-01
     vertex 9.499995000000e-01 2.530891700000e+01 9.100000000000e-01
     vertex 4.493851000000e+00 1.225746800000e+01 9.100000000000e-01
   endloop
 endfacet
 facet normal 0.000000000000e+00 0.000000000000e+00 1.000000000000e+00
   outer loop
     vertex 7.682577599279e+00 2.027158471079e+01 9.100000000000e-01
     vertex 4.493851000000e+00 1.225746800000e+01 9.100000000000e-01
     vertex 7.964850779280e+00 1.849567213534e+01 9.100000000000e-01
   endloop
 endfacet
 facet normal 0.000000000000e+00 0.000000000000e+00 1.000000000000e+00
   outer loop
     vertex 4.399683560679e+00 2.440252097185e+01 9.100000000000e-01
     vertex 2.733386297525e+00 2.507853654461e+01 9.100000000000e-01
     vertex 4.493851000000e+00 1.225746800000e+01 9.100000000000e-01
   endloop
 endfacet
 facet normal 0.000000000000e+00 0.000000000000e+00 1.000000000000e+00
   outer loop
     vertex 6.958272193934e+00 2.191746602596e+01 9.100000000000e-01
     vertex 4.493851000000e+00 1.225746800000e+01 9.100000000000e-01
     vertex 7.682577599279e+00 2.027158471079e+01 9.100000000000e-01
   endloop
 endfacet
 facet normal 0.000000000000e+00 0.000000000000e+00 1.000000000000e+00
   outer loop
     vertex 5.839489352128e+00 2.332525456714e+01 9.100000000000e-01
     vertex 4.399683560679e+00 2.440252097185e+01 9.100000000000e-01
     vertex 4.493851000000e+00 1.225746800000e+01 9.100000000000e-01
   endloop
 endfacet
 facet normal 0.000000000000e+00 0.000000000000e+00 1.000000000000e+00
   outer loop
     vertex 5.839489352128e+00 2.332525456714e+01 9.100000000000e-01
     vertex 4.493851000000e+00 1.225746800000e+01 9.100000000000e-01
     vertex 6.958272193934e+00 2.191746602596e+01 9.100000000000e-01
   endloop
 endfacet
 facet normal 0.000000000000e+00 0.000000000000e+00 1.000000000000e+00
   outer loop
     vertex 1.724996800000e+01 -2.208916000000e+00 9.100000000000e-01
     vertex 1.724996700000e+01 9.105200000000e-02 9.100000000000e-01
     vertex 1.690000000000e+01 -1.148917000000e+00 9.100000000000e-01
   endloop
 endfacet
 facet normal 0.000000000000e+00 -0.000000000000e+00 1.000000000000e+00
   outer loop
     vertex 1.690000000000e+01 -1.148917000000e+00 9.100000000000e-01
     vertex 1.724996700000e+01 9.105200000000e-02 9.100000000000e-01
     vertex 1.688637033052e+01 -1.045389381959e+00 9.100000000000e-01
   endloop
 endfacet
 facet normal -7.397613547261e-01 -6.728693320800e-01 0.000000000000e+00
   outer loop
     vertex -2.707354000000e+00 1.226431400000e+01 0.000000000000e+00
     vertex -2.582632000000e+00 1.212719300000e+01 0.000000000000e+00
     vertex -2.582632000000e+00 1.212719300000e+01 9.100000000000e-01
   endloop
 endfacet
 facet normal -7.397613547261e-01 -6.728693320800e-01 0.000000000000e+00
   outer loop
     vertex -2.707354000000e+00 1.226431400000e+01 0.000000000000e+00
     vertex -2.582632000000e+00 1.212719300000e+01 9.100000000000e-01
     vertex -2.707354000000e+00 1.226431400000e+01 9.100000000000e-01
   endloop
 endfacet
 facet normal 6.801215416390e-01 -7.330993715716e-01 0.000000000000e+00
   outer loop
     vertex 4.283059000000e+00 1.206190900000e+01 0.000000000000e+00
     vertex 4.493851000000e+00 1.225746800000e+01 0.000000000000e+00
     vertex 4.493851000000e+00 1.225746800000e+01 9.100000000000e-01
   endloop
 endfacet
 facet normal 6.801215416390e-01 -7.330993715716e-01 0.000000000000e+00
   outer loop
     vertex 4.283059000000e+00 1.206190900000e+01 0.000000000000e+00
     vertex 4.493851000000e+00 1.225746800000e+01 9.100000000000e-01
     vertex 4.283059000000e+00 1.206190900000e+01 9.100000000000e-01
   endloop
 endfacet
 facet normal 8.440072898420e-01 -5.363317021150e-01 0.000000000000e+00
   outer loop
     vertex 4.121310000000e+00 1.180737000000e+01 0.000000000000e+00
     vertex 4.283059000000e+00 1.206190900000e+01 0.000000000000e+00
     vertex 4.283059000000e+00 1.206190900000e+01 9.100000000000e-01
   endloop
 endfacet
 facet normal 8.440072898420e-01 -5.363317021150e-01 0.000000000000e+00
   outer loop
     vertex 4.121310000000e+00 1.180737000000e+01 0.000000000000e+00
     vertex 4.283059000000e+00 1.206190900000e+01 9.100000000000e-01
     vertex 4.121310000000e+00 1.180737000000e+01 9.100000000000e-01
   endloop
 endfacet
 facet normal 9.475952671472e-01 -3.194733317200e-01 0.000000000000e+00
   outer loop
     vertex 4.018043000000e+00 1.150106800000e+01 0.000000000000e+00
     vertex 4.121310000000e+00 1.180737000000e+01 0.000000000000e+00
     vertex 4.121310000000e+00 1.180737000000e+01 9.100000000000e-01
   endloop
 endfacet
 facet normal 9.475952671472e-01 -3.194733317200e-01 0.000000000000e+00
   outer loop
     vertex 4.018043000000e+00 1.150106800000e+01 0.000000000000e+00
     vertex 4.121310000000e+00 1.180737000000e+01 9.100000000000e-01
     vertex 4.018043000000e+00 1.150106800000e+01 9.100000000000e-01
   endloop
 endfacet
 facet normal 9.954385478233e-01 -9.540491343457e-02 0.000000000000e+00
   outer loop
     vertex 3.985491000000e+00 1.116142600000e+01 0.000000000000e+00
     vertex 4.018043000000e+00 1.150106800000e+01 0.000000000000e+00
     vertex 4.018043000000e+00 1.150106800000e+01 9.100000000000e-01
   endloop
 endfacet
 facet normal 9.954385478233e-01 -9.540491343457e-02 0.000000000000e+00
   outer loop
     vertex 3.985491000000e+00 1.116142600000e+01 0.000000000000e+00
     vertex 4.018043000000e+00 1.150106800000e+01 9.100000000000e-01
     vertex 3.985491000000e+00 1.116142600000e+01 9.100000000000e-01
   endloop
 endfacet
 facet normal 9.971249208643e-01 7.577527427441e-02 0.000000000000e+00
   outer loop
     vertex 3.998600000000e+00 1.098892500000e+01 0.000000000000e+00
     vertex 3.985491000000e+00 1.116142600000e+01 0.000000000000e+00
     vertex 3.985491000000e+00 1.116142600000e+01 9.100000000000e-01
   endloop
 endfacet
 facet normal 9.971249208643e-01 7.577527427441e-02 -0.000000000000e+00
   outer loop
     vertex 3.998600000000e+00 1.098892500000e+01 0.000000000000e+00
     vertex 3.985491000000e+00 1.116142600000e+01 9.100000000000e-01
     vertex 3.998600000000e+00 1.098892500000e+01 9.100000000000e-01
   endloop
 endfacet
 facet normal 9.812953504988e-01 1.925082727820e-01 0.000000000000e+00
   outer loop
     vertex 4.031612000000e+00 1.082064900000e+01 0.000000000000e+00
     vertex 3.998600000000e+00 1.098892500000e+01 0.000000000000e+00
     vertex 3.998600000000e+00 1.098892500000e+01 9.100000000000e-01
   endloop
 endfacet
 facet normal 9.812953504988e-01 1.925082727820e-01 -0.000000000000e+00
   outer loop
     vertex 4.031612000000e+00 1.082064900000e+01 0.000000000000e+00
     vertex 3.998600000000e+00 1.098892500000e+01 9.100000000000e-01
     vertex 4.031612000000e+00 1.082064900000e+01 9.100000000000e-01
   endloop
 endfacet
 facet normal 9.506319327816e-01 3.103206863487e-01 0.000000000000e+00
   outer loop
     vertex 4.082917000000e+00 1.066348200000e+01 0.000000000000e+00
     vertex 4.031612000000e+00 1.082064900000e+01 0.000000000000e+00
     vertex 4.031612000000e+00 1.082064900000e+01 9.100000000000e-01
   endloop
 endfacet
 facet normal 9.506319327816e-01 3.103206863487e-01 -0.000000000000e+00
   outer loop
     vertex 4.082917000000e+00 1.066348200000e+01 0.000000000000e+00
     vertex 4.031612000000e+00 1.082064900000e+01 9.100000000000e-01
     vertex 4.082917000000e+00 1.066348200000e+01 9.100000000000e-01
   endloop
 endfacet
 facet normal 9.030953669160e-01 4.294400519920e-01 0.000000000000e+00
   outer loop
     vertex 4.153012000000e+00 1.051607500000e+01 0.000000000000e+00
     vertex 4.082917000000e+00 1.066348200000e+01 0.000000000000e+00
     vertex 4.082917000000e+00 1.066348200000e+01 9.100000000000e-01
   endloop
 endfacet
 facet normal 9.030953669160e-01 4.294400519920e-01 -0.000000000000e+00
   outer loop
     vertex 4.153012000000e+00 1.051607500000e+01 0.000000000000e+00
     vertex 4.082917000000e+00 1.066348200000e+01 9.100000000000e-01
     vertex 4.153012000000e+00 1.051607500000e+01 9.100000000000e-01
   endloop
 endfacet
 facet normal 8.373523925455e-01 5.466634894507e-01 0.000000000000e+00
   outer loop
     vertex 4.236269000000e+00 1.038854600000e+01 0.000000000000e+00
     vertex 4.153012000000e+00 1.051607500000e+01 0.000000000000e+00
     vertex 4.153012000000e+00 1.051607500000e+01 9.100000000000e-01
   endloop
 endfacet
 facet normal 8.373523925455e-01 5.466634894507e-01 -0.000000000000e+00
   outer loop
     vertex 4.236269000000e+00 1.038854600000e+01 0.000000000000e+00
     vertex 4.153012000000e+00 1.051607500000e+01 9.100000000000e-01
     vertex 4.236269000000e+00 1.038854600000e+01 9.100000000000e-01
   endloop
 endfacet
 facet normal 7.521234711281e-01 6.590222182736e-01 0.000000000000e+00
   outer loop
     vertex 4.336112000000e+00 1.027459800000e+01 0.000000000000e+00
     vertex 4.236269000000e+00 1.038854600000e+01 0.000000000000e+00
     vertex 4.236269000000e+00 1.038854600000e+01 9.100000000000e-01
   endloop
 endfacet
 facet normal 7.521234711281e-01 6.590222182736e-01 -0.000000000000e+00
   outer loop
     vertex 4.336112000000e+00 1.027459800000e+01 0.000000000000e+00
     vertex 4.236269000000e+00 1.038854600000e+01 9.100000000000e-01
     vertex 4.336112000000e+00 1.027459800000e+01 9.100000000000e-01
   endloop
 endfacet
 facet normal 6.481462747975e-01 7.615158609419e-01 0.000000000000e+00
   outer loop
     vertex 4.444197000000e+00 1.018260400000e+01 0.000000000000e+00
     vertex 4.336112000000e+00 1.027459800000e+01 0.000000000000e+00
     vertex 4.336112000000e+00 1.027459800000e+01 9.100000000000e-01
   endloop
 endfacet
 facet normal 6.481462747975e-01 7.615158609419e-01 -0.000000000000e+00
   outer loop
     vertex 4.444197000000e+00 1.018260400000e+01 0.000000000000e+00
     vertex 4.336112000000e+00 1.027459800000e+01 9.100000000000e-01
     vertex 4.444197000000e+00 1.018260400000e+01 9.100000000000e-01
   endloop
 endfacet
 facet normal 5.282391090460e-01 8.490956622633e-01 0.000000000000e+00
   outer loop
     vertex 4.566622000000e+00 1.010644100000e+01 0.000000000000e+00
     vertex 4.444197000000e+00 1.018260400000e+01 0.000000000000e+00
     vertex 4.444197000000e+00 1.018260400000e+01 9.100000000000e-01
   endloop
 endfacet
 facet normal 5.282391090460e-01 8.490956622633e-01 -0.000000000000e+00
   outer loop
     vertex 4.566622000000e+00 1.010644100000e+01 0.000000000000e+00
     vertex 4.444197000000e+00 1.018260400000e+01 9.100000000000e-01
     vertex 4.566622000000e+00 1.010644100000e+01 9.100000000000e-01
   endloop
 endfacet
 facet normal 3.966919763089e-01 9.179517830105e-01 0.000000000000e+00
   outer loop
     vertex 4.695559000000e+00 1.005072100000e+01 0.000000000000e+00
     vertex 4.566622000000e+00 1.010644100000e+01 0.000000000000e+00
     vertex 4.566622000000e+00 1.010644100000e+01 9.100000000000e-01
   endloop
 endfacet
 facet normal 3.966919763089e-01 9.179517830105e-01 -0.000000000000e+00
   outer loop
     vertex 4.695559000000e+00 1.005072100000e+01 0.000000000000e+00
     vertex 4.566622000000e+00 1.010644100000e+01 9.100000000000e-01
     vertex 4.695559000000e+00 1.005072100000e+01 9.100000000000e-01
   endloop
 endfacet
 facet normal 2.603051081090e-01 9.655264111832e-01 0.000000000000e+00
   outer loop
     vertex 4.837236000000e+00 1.001252500000e+01 0.000000000000e+00
     vertex 4.695559000000e+00 1.005072100000e+01 0.000000000000e+00
     vertex 4.695559000000e+00 1.005072100000e+01 9.100000000000e-01
   endloop
 endfacet
 facet normal 2.603051081090e-01 9.655264111832e-01 -0.000000000000e+00
   outer loop
     vertex 4.837236000000e+00 1.001252500000e+01 0.000000000000e+00
     vertex 4.695559000000e+00 1.005072100000e+01 9.100000000000e-01
     vertex 4.837236000000e+00 1.001252500000e+01 9.100000000000e-01
   endloop
 endfacet
 facet normal 1.344001374852e-01 9.909271431563e-01 0.000000000000e+00
   outer loop
     vertex 4.963874000000e+00 9.995349000000e+00 0.000000000000e+00
     vertex 4.837236000000e+00 1.001252500000e+01 0.000000000000e+00
     vertex 4.837236000000e+00 1.001252500000e+01 9.100000000000e-01
   endloop
 endfacet
 facet normal 1.344001374852e-01 9.909271431563e-01 -0.000000000000e+00
   outer loop
     vertex 4.963874000000e+00 9.995349000000e+00 0.000000000000e+00
     vertex 4.837236000000e+00 1.001252500000e+01 9.100000000000e-01
     vertex 4.963874000000e+00 9.995349000000e+00 9.100000000000e-01
   endloop
 endfacet
 facet normal 6.217396725831e-03 9.999806718022e-01 0.000000000000e+00
   outer loop
     vertex 5.650000000000e+00 9.991083000000e+00 0.000000000000e+00
     vertex 4.963874000000e+00 9.995349000000e+00 0.000000000000e+00
     vertex 4.963874000000e+00 9.995349000000e+00 9.100000000000e-01
   endloop
 endfacet
 facet normal 6.217396725831e-03 9.999806718022e-01 -0.000000000000e+00
   outer loop
     vertex 5.650000000000e+00 9.991083000000e+00 0.000000000000e+00
     vertex 4.963874000000e+00 9.995349000000e+00 9.100000000000e-01
     vertex 5.650000000000e+00 9.991083000000e+00 9.100000000000e-01
   endloop
 endfacet
 facet normal 1.119623857459e-01 9.937124454177e-01 0.000000000000e+00
   outer loop
     vertex 5.739008453198e+00 9.981054345516e+00 0.000000000000e+00
     vertex 5.650000000000e+00 9.991083000000e+00 0.000000000000e+00
     vertex 5.650000000000e+00 9.991083000000e+00 9.100000000000e-01
   endloop
 endfacet
 facet normal 1.119623857459e-01 9.937124454177e-01 -0.000000000000e+00
   outer loop
     vertex 5.739008453198e+00 9.981054345516e+00 0.000000000000e+00
     vertex 5.650000000000e+00 9.991083000000e+00 9.100000000000e-01
     vertex 5.739008453198e+00 9.981054345516e+00 9.100000000000e-01
   endloop
 endfacet
 facet normal 3.302777382629e-01 9.438837934873e-01 -0.000000000000e+00
   outer loop
     vertex 5.823553672335e+00 9.951470826919e+00 0.000000000000e+00
     vertex 5.739008453198e+00 9.981054345516e+00 9.100000000000e-01
     vertex 5.823553672335e+00 9.951470826919e+00 9.100000000000e-01
   endloop
 endfacet
 facet normal 3.302777382629e-01 9.438837934873e-01 0.000000000000e+00
   outer loop
     vertex 5.823553672335e+00 9.951470826919e+00 0.000000000000e+00
     vertex 5.739008453198e+00 9.981054345516e+00 0.000000000000e+00
     vertex 5.739008453198e+00 9.981054345516e+00 9.100000000000e-01
   endloop
 endfacet
 facet normal 5.320314827967e-01 8.467245722861e-01 -0.000000000000e+00
   outer loop
     vertex 5.899396180710e+00 9.903815894595e+00 0.000000000000e+00
     vertex 5.823553672335e+00 9.951470826919e+00 9.100000000000e-01
     vertex 5.899396180710e+00 9.903815894595e+00 9.100000000000e-01
   endloop
 endfacet
 facet normal 5.320314827967e-01 8.467245722861e-01 0.000000000000e+00
   outer loop
     vertex 5.899396180710e+00 9.903815894595e+00 0.000000000000e+00
     vertex 5.823553672335e+00 9.951470826919e+00 0.000000000000e+00
     vertex 5.823553672335e+00 9.951470826919e+00 9.100000000000e-01
   endloop
 endfacet
 facet normal 7.071067811865e-01 7.071067811865e-01 -0.000000000000e+00
   outer loop
     vertex 5.962732894595e+00 9.840479180710e+00 0.000000000000e+00
     vertex 5.899396180710e+00 9.903815894595e+00 9.100000000000e-01
     vertex 5.962732894595e+00 9.840479180710e+00 9.100000000000e-01
   endloop
 endfacet
 facet normal 7.071067811865e-01 7.071067811865e-01 0.000000000000e+00
   outer loop
     vertex 5.962732894595e+00 9.840479180710e+00 0.000000000000e+00
     vertex 5.899396180710e+00 9.903815894595e+00 0.000000000000e+00
     vertex 5.899396180710e+00 9.903815894595e+00 9.100000000000e-01
   endloop
 endfacet
 facet normal 8.467245722861e-01 5.320314827967e-01 -0.000000000000e+00
   outer loop
     vertex 6.010387826919e+00 9.764636672335e+00 0.000000000000e+00
     vertex 5.962732894595e+00 9.840479180710e+00 9.100000000000e-01
     vertex 6.010387826919e+00 9.764636672335e+00 9.100000000000e-01
   endloop
 endfacet
 facet normal 8.467245722861e-01 5.320314827967e-01 0.000000000000e+00
   outer loop
     vertex 6.010387826919e+00 9.764636672335e+00 0.000000000000e+00
     vertex 5.962732894595e+00 9.840479180710e+00 0.000000000000e+00
     vertex 5.962732894595e+00 9.840479180710e+00 9.100000000000e-01
   endloop
 endfacet
 facet normal 9.438837934873e-01 3.302777382629e-01 -0.000000000000e+00
   outer loop
     vertex 6.039971345516e+00 9.680091453198e+00 0.000000000000e+00
     vertex 6.010387826919e+00 9.764636672335e+00 9.100000000000e-01
     vertex 6.039971345516e+00 9.680091453198e+00 9.100000000000e-01
   endloop
 endfacet
 facet normal 9.937124454177e-01 1.119623857459e-01 -0.000000000000e+00
   outer loop
     vertex 6.039971345516e+00 9.680091453198e+00 0.000000000000e+00
     vertex 6.039971345516e+00 9.680091453198e+00 9.100000000000e-01
     vertex 6.050000000000e+00 9.591083000000e+00 9.100000000000e-01
   endloop
 endfacet
 facet normal 9.438837934873e-01 3.302777382629e-01 0.000000000000e+00
   outer loop
     vertex 6.039971345516e+00 9.680091453198e+00 0.000000000000e+00
     vertex 6.010387826919e+00 9.764636672335e+00 0.000000000000e+00
     vertex 6.010387826919e+00 9.764636672335e+00 9.100000000000e-01
   endloop
 endfacet
 facet normal 9.937124454177e-01 1.119623857459e-01 -0.000000000000e+00
   outer loop
     vertex 6.050000000000e+00 9.591083000000e+00 0.000000000000e+00
     vertex 6.039971345516e+00 9.680091453198e+00 0.000000000000e+00
     vertex 6.050000000000e+00 9.591083000000e+00 9.100000000000e-01
   endloop
 endfacet
 facet normal 1.000000000000e+00 4.440892098501e-16 0.000000000000e+00
   outer loop
     vertex 6.050000000000e+00 7.591083000000e+00 0.000000000000e+00
     vertex 6.050000000000e+00 9.591083000000e+00 0.000000000000e+00
     vertex 6.050000000000e+00 9.591083000000e+00 9.100000000000e-01
   endloop
 endfacet
 facet normal 1.000000000000e+00 4.440892098501e-16 -0.000000000000e+00
   outer loop
     vertex 6.050000000000e+00 7.591083000000e+00 0.000000000000e+00
     vertex 6.050000000000e+00 9.591083000000e+00 9.100000000000e-01
     vertex 6.050000000000e+00 7.591083000000e+00 9.100000000000e-01
   endloop
 endfacet
 facet normal 9.937124454177e-01 1.119623857459e-01 0.000000000000e+00
   outer loop
     vertex 6.060028654484e+00 7.502074546802e+00 0.000000000000e+00
     vertex 6.050000000000e+00 7.591083000000e+00 0.000000000000e+00
     vertex 6.050000000000e+00 7.591083000000e+00 9.100000000000e-01
   endloop
 endfacet
 facet normal 9.937124454177e-01 1.119623857459e-01 -0.000000000000e+00
   outer loop
     vertex 6.060028654484e+00 7.502074546802e+00 0.000000000000e+00
     vertex 6.050000000000e+00 7.591083000000e+00 9.100000000000e-01
     vertex 6.060028654484e+00 7.502074546802e+00 9.100000000000e-01
   endloop
 endfacet
 facet normal 9.438837934873e-01 3.302777382629e-01 -0.000000000000e+00
   outer loop
     vertex 6.089612173081e+00 7.417529327665e+00 0.000000000000e+00
     vertex 6.060028654484e+00 7.502074546802e+00 9.100000000000e-01
     vertex 6.089612173081e+00 7.417529327665e+00 9.100000000000e-01
   endloop
 endfacet
 facet normal 9.438837934873e-01 3.302777382629e-01 0.000000000000e+00
   outer loop
     vertex 6.089612173081e+00 7.417529327665e+00 0.000000000000e+00
     vertex 6.060028654484e+00 7.502074546802e+00 0.000000000000e+00
     vertex 6.060028654484e+00 7.502074546802e+00 9.100000000000e-01
   endloop
 endfacet
 facet normal 8.467245722861e-01 5.320314827967e-01 -0.000000000000e+00
   outer loop
     vertex 6.137267105405e+00 7.341686819290e+00 0.000000000000e+00
     vertex 6.089612173081e+00 7.417529327665e+00 9.100000000000e-01
     vertex 6.137267105405e+00 7.341686819290e+00 9.100000000000e-01
   endloop
 endfacet
 facet normal 8.467245722861e-01 5.320314827967e-01 0.000000000000e+00
   outer loop
     vertex 6.137267105405e+00 7.341686819290e+00 0.000000000000e+00
     vertex 6.089612173081e+00 7.417529327665e+00 0.000000000000e+00
     vertex 6.089612173081e+00 7.417529327665e+00 9.100000000000e-01
   endloop
 endfacet
 facet normal 7.071067811865e-01 7.071067811865e-01 -0.000000000000e+00
   outer loop
     vertex 6.200603819290e+00 7.278350105405e+00 0.000000000000e+00
     vertex 6.137267105405e+00 7.341686819290e+00 9.100000000000e-01
     vertex 6.200603819290e+00 7.278350105405e+00 9.100000000000e-01
   endloop
 endfacet
 facet normal 7.071067811865e-01 7.071067811865e-01 0.000000000000e+00
   outer loop
     vertex 6.200603819290e+00 7.278350105405e+00 0.000000000000e+00
     vertex 6.137267105405e+00 7.341686819290e+00 0.000000000000e+00
     vertex 6.137267105405e+00 7.341686819290e+00 9.100000000000e-01
   endloop
 endfacet
 facet normal 5.320314827967e-01 8.467245722861e-01 -0.000000000000e+00
   outer loop
     vertex 6.276446327665e+00 7.230695173081e+00 0.000000000000e+00
     vertex 6.200603819290e+00 7.278350105405e+00 9.100000000000e-01
     vertex 6.276446327665e+00 7.230695173081e+00 9.100000000000e-01
   endloop
 endfacet
 facet normal 3.302777382629e-01 9.438837934873e-01 -0.000000000000e+00
   outer loop
     vertex 6.276446327665e+00 7.230695173081e+00 0.000000000000e+00
     vertex 6.276446327665e+00 7.230695173081e+00 9.100000000000e-01
     vertex 6.360991546802e+00 7.201111654484e+00 9.100000000000e-01
   endloop
 endfacet
 facet normal 5.320314827967e-01 8.467245722861e-01 0.000000000000e+00
   outer loop
     vertex 6.276446327665e+00 7.230695173081e+00 0.000000000000e+00
     vertex 6.200603819290e+00 7.278350105405e+00 0.000000000000e+00
     vertex 6.200603819290e+00 7.278350105405e+00 9.100000000000e-01
   endloop
 endfacet
 facet normal 3.302777382629e-01 9.438837934873e-01 -0.000000000000e+00
   outer loop
     vertex 6.360991546802e+00 7.201111654484e+00 0.000000000000e+00
     vertex 6.276446327665e+00 7.230695173081e+00 0.000000000000e+00
     vertex 6.360991546802e+00 7.201111654484e+00 9.100000000000e-01
   endloop
 endfacet
 facet normal 1.119623857459e-01 9.937124454177e-01 -0.000000000000e+00
   outer loop
     vertex 6.450000000000e+00 7.191083000000e+00 0.000000000000e+00
     vertex 6.360991546802e+00 7.201111654484e+00 9.100000000000e-01
     vertex 6.450000000000e+00 7.191083000000e+00 9.100000000000e-01
   endloop
 endfacet
 facet normal 1.119623857459e-01 9.937124454177e-01 0.000000000000e+00
   outer loop
     vertex 6.450000000000e+00 7.191083000000e+00 0.000000000000e+00
     vertex 6.360991546802e+00 7.201111654484e+00 0.000000000000e+00
     vertex 6.360991546802e+00 7.201111654484e+00 9.100000000000e-01
   endloop
 endfacet
 facet normal 0.000000000000e+00 1.000000000000e+00 0.000000000000e+00
   outer loop
     vertex 1.542072751331e+01 7.191083000000e+00 0.000000000000e+00
     vertex 6.450000000000e+00 7.191083000000e+00 0.000000000000e+00
     vertex 6.450000000000e+00 7.191083000000e+00 9.100000000000e-01
   endloop
 endfacet
 facet normal 0.000000000000e+00 1.000000000000e+00 -0.000000000000e+00
   outer loop
     vertex 1.542072751331e+01 7.191083000000e+00 0.000000000000e+00
     vertex 6.450000000000e+00 7.191083000000e+00 9.100000000000e-01
     vertex 1.542072751331e+01 7.191083000000e+00 9.100000000000e-01
   endloop
 endfacet
 facet normal 9.969262526719e-01 7.834568739637e-02 0.000000000000e+00
   outer loop
     vertex 1.544047067490e+01 6.939856968799e+00 0.000000000000e+00
     vertex 1.542072751331e+01 7.191083000000e+00 0.000000000000e+00
     vertex 1.542072751331e+01 7.191083000000e+00 9.100000000000e-01
   endloop
 endfacet
 facet normal 9.969262526719e-01 7.834568739637e-02 -0.000000000000e+00
   outer loop
     vertex 1.544047067490e+01 6.939856968799e+00 0.000000000000e+00
     vertex 1.542072751331e+01 7.191083000000e+00 9.100000000000e-01
     vertex 1.544047067490e+01 6.939856968799e+00 9.100000000000e-01
   endloop
 endfacet
 facet normal 9.529352689702e-01 3.031738332255e-01 -0.000000000000e+00
   outer loop
     vertex 1.551687066806e+01 6.699716692652e+00 0.000000000000e+00
     vertex 1.544047067490e+01 6.939856968799e+00 9.100000000000e-01
     vertex 1.551687066806e+01 6.699716692652e+00 9.100000000000e-01
   endloop
 endfacet
 facet normal 9.529352689702e-01 3.031738332255e-01 0.000000000000e+00
   outer loop
     vertex 1.551687066806e+01 6.699716692652e+00 0.000000000000e+00
     vertex 1.544047067490e+01 6.939856968799e+00 0.000000000000e+00
     vertex 1.544047067490e+01 6.939856968799e+00 9.100000000000e-01
   endloop
 endfacet
 facet normal 8.589314771216e-01 5.120905365359e-01 -0.000000000000e+00
   outer loop
     vertex 1.564591779945e+01 6.483265430091e+00 0.000000000000e+00
     vertex 1.551687066806e+01 6.699716692652e+00 9.100000000000e-01
     vertex 1.564591779945e+01 6.483265430091e+00 9.100000000000e-01
   endloop
 endfacet
 facet normal 8.589314771216e-01 5.120905365359e-01 0.000000000000e+00
   outer loop
     vertex 1.564591779945e+01 6.483265430091e+00 0.000000000000e+00
     vertex 1.551687066806e+01 6.699716692652e+00 0.000000000000e+00
     vertex 1.551687066806e+01 6.699716692652e+00 9.100000000000e-01
   endloop
 endfacet
 facet normal 7.198484689029e-01 6.941312425026e-01 -0.000000000000e+00
   outer loop
     vertex 1.582083930113e+01 6.301863171475e+00 0.000000000000e+00
     vertex 1.564591779945e+01 6.483265430091e+00 9.100000000000e-01
     vertex 1.582083930113e+01 6.301863171475e+00 9.100000000000e-01
   endloop
 endfacet
 facet normal 7.198484689029e-01 6.941312425026e-01 0.000000000000e+00
   outer loop
     vertex 1.582083930113e+01 6.301863171475e+00 0.000000000000e+00
     vertex 1.564591779945e+01 6.483265430091e+00 0.000000000000e+00
     vertex 1.564591779945e+01 6.483265430091e+00 9.100000000000e-01
   endloop
 endfacet
 facet normal 5.429857241769e-01 8.397419266299e-01 -0.000000000000e+00
   outer loop
     vertex 1.603245478512e+01 6.165030433729e+00 0.000000000000e+00
     vertex 1.582083930113e+01 6.301863171475e+00 9.100000000000e-01
     vertex 1.603245478512e+01 6.165030433729e+00 9.100000000000e-01
   endloop
 endfacet
 facet normal 5.429857241769e-01 8.397419266299e-01 0.000000000000e+00
   outer loop
     vertex 1.603245478512e+01 6.165030433729e+00 0.000000000000e+00
     vertex 1.582083930113e+01 6.301863171475e+00 0.000000000000e+00
     vertex 1.582083930113e+01 6.301863171475e+00 9.100000000000e-01
   endloop
 endfacet
 facet normal 1.145457351934e-01 9.934179757529e-01 -0.000000000000e+00
   outer loop
     vertex 1.626965805675e+01 6.079948595992e+00 0.000000000000e+00
     vertex 1.626965805675e+01 6.079948595992e+00 9.100000000000e-01
     vertex 1.652000000000e+01 6.051083000000e+00 9.100000000000e-01
   endloop
 endfacet
 facet normal 3.376255130080e-01 9.412805176811e-01 -0.000000000000e+00
   outer loop
     vertex 1.626965805675e+01 6.079948595992e+00 0.000000000000e+00
     vertex 1.603245478512e+01 6.165030433729e+00 9.100000000000e-01
     vertex 1.626965805675e+01 6.079948595992e+00 9.100000000000e-01
   endloop
 endfacet
 facet normal 3.376255130080e-01 9.412805176811e-01 0.000000000000e+00
   outer loop
     vertex 1.626965805675e+01 6.079948595992e+00 0.000000000000e+00
     vertex 1.603245478512e+01 6.165030433729e+00 0.000000000000e+00
     vertex 1.603245478512e+01 6.165030433729e+00 9.100000000000e-01
   endloop
 endfacet
 facet normal 1.145457351934e-01 9.934179757529e-01 -0.000000000000e+00
   outer loop
     vertex 1.652000000000e+01 6.051083000000e+00 0.000000000000e+00
     vertex 1.626965805675e+01 6.079948595992e+00 0.000000000000e+00
     vertex 1.652000000000e+01 6.051083000000e+00 9.100000000000e-01
   endloop
 endfacet
 facet normal -1.145457351934e-01 9.934179757529e-01 0.000000000000e+00
   outer loop
     vertex 1.677034194325e+01 6.079948595992e+00 0.000000000000e+00
     vertex 1.652000000000e+01 6.051083000000e+00 0.000000000000e+00
     vertex 1.652000000000e+01 6.051083000000e+00 9.100000000000e-01
   endloop
 endfacet
 facet normal -1.145457351934e-01 9.934179757529e-01 0.000000000000e+00
   outer loop
     vertex 1.677034194325e+01 6.079948595992e+00 0.000000000000e+00
     vertex 1.652000000000e+01 6.051083000000e+00 9.100000000000e-01
     vertex 1.677034194325e+01 6.079948595992e+00 9.100000000000e-01
   endloop
 endfacet
 facet normal -3.376255130081e-01 9.412805176811e-01 0.000000000000e+00
   outer loop
     vertex 1.700754521488e+01 6.165030433729e+00 0.000000000000e+00
     vertex 1.677034194325e+01 6.079948595992e+00 9.100000000000e-01
     vertex 1.700754521488e+01 6.165030433729e+00 9.100000000000e-01
   endloop
 endfacet
 facet normal -3.376255130081e-01 9.412805176811e-01 0.000000000000e+00
   outer loop
     vertex 1.700754521488e+01 6.165030433729e+00 0.000000000000e+00
     vertex 1.677034194325e+01 6.079948595992e+00 0.000000000000e+00
     vertex 1.677034194325e+01 6.079948595992e+00 9.100000000000e-01
   endloop
 endfacet
 facet normal -5.429857241769e-01 8.397419266299e-01 0.000000000000e+00
   outer loop
     vertex 1.721916069887e+01 6.301863171475e+00 0.000000000000e+00
     vertex 1.700754521488e+01 6.165030433729e+00 9.100000000000e-01
     vertex 1.721916069887e+01 6.301863171475e+00 9.100000000000e-01
   endloop
 endfacet
 facet normal -5.429857241769e-01 8.397419266299e-01 0.000000000000e+00
   outer loop
     vertex 1.721916069887e+01 6.301863171475e+00 0.000000000000e+00
     vertex 1.700754521488e+01 6.165030433729e+00 0.000000000000e+00
     vertex 1.700754521488e+01 6.165030433729e+00 9.100000000000e-01
   endloop
 endfacet
 facet normal -7.198484689029e-01 6.941312425026e-01 0.000000000000e+00
   outer loop
     vertex 1.739408220055e+01 6.483265430091e+00 0.000000000000e+00
     vertex 1.721916069887e+01 6.301863171475e+00 9.100000000000e-01
     vertex 1.739408220055e+01 6.483265430091e+00 9.100000000000e-01
   endloop
 endfacet
 facet normal -7.198484689029e-01 6.941312425026e-01 0.000000000000e+00
   outer loop
     vertex 1.739408220055e+01 6.483265430091e+00 0.000000000000e+00
     vertex 1.721916069887e+01 6.301863171475e+00 0.000000000000e+00
     vertex 1.721916069887e+01 6.301863171475e+00 9.100000000000e-01
   endloop
 endfacet
 facet normal -8.589314771216e-01 5.120905365359e-01 0.000000000000e+00
   outer loop
     vertex 1.752312933194e+01 6.699716692652e+00 0.000000000000e+00
     vertex 1.739408220055e+01 6.483265430091e+00 9.100000000000e-01
     vertex 1.752312933194e+01 6.699716692652e+00 9.100000000000e-01
   endloop
 endfacet
 facet normal -8.589314771216e-01 5.120905365359e-01 0.000000000000e+00
   outer loop
     vertex 1.752312933194e+01 6.699716692652e+00 0.000000000000e+00
     vertex 1.739408220055e+01 6.483265430091e+00 0.000000000000e+00
     vertex 1.739408220055e+01 6.483265430091e+00 9.100000000000e-01
   endloop
 endfacet
 facet normal -9.529352689702e-01 3.031738332255e-01 0.000000000000e+00
   outer loop
     vertex 1.759952932510e+01 6.939856968799e+00 0.000000000000e+00
     vertex 1.752312933194e+01 6.699716692652e+00 9.100000000000e-01
     vertex 1.759952932510e+01 6.939856968799e+00 9.100000000000e-01
   endloop
 endfacet
 facet normal -9.529352689702e-01 3.031738332255e-01 0.000000000000e+00
   outer loop
     vertex 1.759952932510e+01 6.939856968799e+00 0.000000000000e+00
     vertex 1.752312933194e+01 6.699716692652e+00 0.000000000000e+00
     vertex 1.752312933194e+01 6.699716692652e+00 9.100000000000e-01
   endloop
 endfacet
 facet normal -9.969262526719e-01 7.834568739638e-02 0.000000000000e+00
   outer loop
     vertex 1.761927248669e+01 7.191083000000e+00 0.000000000000e+00
     vertex 1.759952932510e+01 6.939856968799e+00 9.100000000000e-01
     vertex 1.761927248669e+01 7.191083000000e+00 9.100000000000e-01
   endloop
 endfacet
 facet normal -9.969262526719e-01 7.834568739638e-02 0.000000000000e+00
   outer loop
     vertex 1.761927248669e+01 7.191083000000e+00 0.000000000000e+00
     vertex 1.759952932510e+01 6.939856968799e+00 0.000000000000e+00
     vertex 1.759952932510e+01 6.939856968799e+00 9.100000000000e-01
   endloop
 endfacet
 facet normal 0.000000000000e+00 1.000000000000e+00 0.000000000000e+00
   outer loop
     vertex 1.855000000000e+01 7.191083000000e+00 0.000000000000e+00
     vertex 1.761927248669e+01 7.191083000000e+00 0.000000000000e+00
     vertex 1.761927248669e+01 7.191083000000e+00 9.100000000000e-01
   endloop
 endfacet
 facet normal 0.000000000000e+00 1.000000000000e+00 -0.000000000000e+00
   outer loop
     vertex 1.855000000000e+01 7.191083000000e+00 0.000000000000e+00
     vertex 1.761927248669e+01 7.191083000000e+00 9.100000000000e-01
     vertex 1.855000000000e+01 7.191083000000e+00 9.100000000000e-01
   endloop
 endfacet
 facet normal 7.176547840119e-01 6.963990314359e-01 0.000000000000e+00
   outer loop
     vertex 1.896431900000e+01 6.764118000000e+00 0.000000000000e+00
     vertex 1.855000000000e+01 7.191083000000e+00 0.000000000000e+00
     vertex 1.855000000000e+01 7.191083000000e+00 9.100000000000e-01
   endloop
 endfacet
 facet normal 7.176547840119e-01 6.963990314359e-01 -0.000000000000e+00
   outer loop
     vertex 1.896431900000e+01 6.764118000000e+00 0.000000000000e+00
     vertex 1.855000000000e+01 7.191083000000e+00 9.100000000000e-01
     vertex 1.896431900000e+01 6.764118000000e+00 9.100000000000e-01
   endloop
 endfacet
 facet normal 7.395754303678e-01 6.730736830365e-01 0.000000000000e+00
   outer loop
     vertex 1.935824400000e+01 6.331272000000e+00 0.000000000000e+00
     vertex 1.896431900000e+01 6.764118000000e+00 0.000000000000e+00
     vertex 1.896431900000e+01 6.764118000000e+00 9.100000000000e-01
   endloop
 endfacet
 facet normal 7.395754303678e-01 6.730736830365e-01 -0.000000000000e+00
   outer loop
     vertex 1.935824400000e+01 6.331272000000e+00 0.000000000000e+00
     vertex 1.896431900000e+01 6.764118000000e+00 9.100000000000e-01
     vertex 1.935824400000e+01 6.331272000000e+00 9.100000000000e-01
   endloop
 endfacet
 facet normal 7.625171775886e-01 6.469679697499e-01 0.000000000000e+00
   outer loop
     vertex 1.971421600000e+01 5.911723000000e+00 0.000000000000e+00
     vertex 1.935824400000e+01 6.331272000000e+00 0.000000000000e+00
     vertex 1.935824400000e+01 6.331272000000e+00 9.100000000000e-01
   endloop
 endfacet
 facet normal 7.625171775886e-01 6.469679697499e-01 -0.000000000000e+00
   outer loop
     vertex 1.971421600000e+01 5.911723000000e+00 0.000000000000e+00
     vertex 1.935824400000e+01 6.331272000000e+00 9.100000000000e-01
     vertex 1.971421600000e+01 5.911723000000e+00 9.100000000000e-01
   endloop
 endfacet
 facet normal 7.977379416448e-01 6.030042922404e-01 0.000000000000e+00
   outer loop
     vertex 2.029524200000e+01 5.143061000000e+00 0.000000000000e+00
     vertex 1.971421600000e+01 5.911723000000e+00 0.000000000000e+00
     vertex 1.971421600000e+01 5.911723000000e+00 9.100000000000e-01
   endloop
 endfacet
 facet normal 7.977379416448e-01 6.030042922404e-01 -0.000000000000e+00
   outer loop
     vertex 2.029524200000e+01 5.143061000000e+00 0.000000000000e+00
     vertex 1.971421600000e+01 5.911723000000e+00 9.100000000000e-01
     vertex 2.029524200000e+01 5.143061000000e+00 9.100000000000e-01
   endloop
 endfacet
 facet normal 8.473736515277e-01 5.309970759774e-01 0.000000000000e+00
   outer loop
     vertex 2.070968200000e+01 4.481691000000e+00 0.000000000000e+00
     vertex 2.029524200000e+01 5.143061000000e+00 0.000000000000e+00
     vertex 2.029524200000e+01 5.143061000000e+00 9.100000000000e-01
   endloop
 endfacet
 facet normal 8.473736515277e-01 5.309970759774e-01 -0.000000000000e+00
   outer loop
     vertex 2.070968200000e+01 4.481691000000e+00 0.000000000000e+00
     vertex 2.029524200000e+01 5.143061000000e+00 9.100000000000e-01
     vertex 2.070968200000e+01 4.481691000000e+00 9.100000000000e-01
   endloop
 endfacet
 facet normal 8.996780230466e-01 4.365540686410e-01 0.000000000000e+00
   outer loop
     vertex 2.097293000000e+01 3.939173000000e+00 0.000000000000e+00
     vertex 2.070968200000e+01 4.481691000000e+00 0.000000000000e+00
     vertex 2.070968200000e+01 4.481691000000e+00 9.100000000000e-01
   endloop
 endfacet
 facet normal 8.996780230466e-01 4.365540686410e-01 -0.000000000000e+00
   outer loop
     vertex 2.097293000000e+01 3.939173000000e+00 0.000000000000e+00
     vertex 2.070968200000e+01 4.481691000000e+00 9.100000000000e-01
     vertex 2.097293000000e+01 3.939173000000e+00 9.100000000000e-01
   endloop
 endfacet
 facet normal 9.517690680791e-01 3.068153207516e-01 0.000000000000e+00
   outer loop
     vertex 2.111018000000e+01 3.513411000000e+00 0.000000000000e+00
     vertex 2.097293000000e+01 3.939173000000e+00 0.000000000000e+00
     vertex 2.097293000000e+01 3.939173000000e+00 9.100000000000e-01
   endloop
 endfacet
 facet normal 9.517690680791e-01 3.068153207516e-01 -0.000000000000e+00
   outer loop
     vertex 2.111018000000e+01 3.513411000000e+00 0.000000000000e+00
     vertex 2.097293000000e+01 3.939173000000e+00 9.100000000000e-01
     vertex 2.111018000000e+01 3.513411000000e+00 9.100000000000e-01
   endloop
 endfacet
 facet normal 9.924553379148e-01 1.226066973883e-01 0.000000000000e+00
   outer loop
     vertex 2.115000000000e+01 3.191083000000e+00 0.000000000000e+00
     vertex 2.111018000000e+01 3.513411000000e+00 0.000000000000e+00
     vertex 2.111018000000e+01 3.513411000000e+00 9.100000000000e-01
   endloop
 endfacet
 facet normal 9.924553379148e-01 1.226066973883e-01 -0.000000000000e+00
   outer loop
     vertex 2.115000000000e+01 3.191083000000e+00 0.000000000000e+00
     vertex 2.111018000000e+01 3.513411000000e+00 9.100000000000e-01
     vertex 2.115000000000e+01 3.191083000000e+00 9.100000000000e-01
   endloop
 endfacet
 facet normal 1.000000000000e+00 0.000000000000e+00 0.000000000000e+00
   outer loop
     vertex 2.115000000000e+01 1.891083000000e+00 0.000000000000e+00
     vertex 2.115000000000e+01 3.191083000000e+00 0.000000000000e+00
     vertex 2.115000000000e+01 3.191083000000e+00 9.100000000000e-01
   endloop
 endfacet
 facet normal 1.000000000000e+00 0.000000000000e+00 0.000000000000e+00
   outer loop
     vertex 2.115000000000e+01 1.891083000000e+00 0.000000000000e+00
     vertex 2.115000000000e+01 3.191083000000e+00 9.100000000000e-01
     vertex 2.115000000000e+01 1.891083000000e+00 9.100000000000e-01
   endloop
 endfacet
 facet normal 9.914448188445e-01 -1.305265152620e-01 0.000000000000e+00
   outer loop
     vertex 2.113977772365e+01 1.813437297874e+00 0.000000000000e+00
     vertex 2.115000000000e+01 1.891083000000e+00 0.000000000000e+00
     vertex 2.115000000000e+01 1.891083000000e+00 9.100000000000e-01
   endloop
 endfacet
 facet normal 9.914448188445e-01 -1.305265152620e-01 0.000000000000e+00
   outer loop
     vertex 2.113977772365e+01 1.813437297874e+00 0.000000000000e+00
     vertex 2.115000000000e+01 1.891083000000e+00 9.100000000000e-01
     vertex 2.113977772365e+01 1.813437297874e+00 9.100000000000e-01
   endloop
 endfacet
 facet normal 9.238794576975e-01 -3.826836129814e-01 0.000000000000e+00
   outer loop
     vertex 2.110980758587e+01 1.741083024788e+00 0.000000000000e+00
     vertex 2.113977772365e+01 1.813437297874e+00 9.100000000000e-01
     vertex 2.110980758587e+01 1.741083024788e+00 9.100000000000e-01
   endloop
 endfacet
 facet normal 9.238794576975e-01 -3.826836129814e-01 0.000000000000e+00
   outer loop
     vertex 2.110980758587e+01 1.741083024788e+00 0.000000000000e+00
     vertex 2.113977772365e+01 1.813437297874e+00 0.000000000000e+00
     vertex 2.113977772365e+01 1.813437297874e+00 9.100000000000e-01
   endloop
 endfacet
 facet normal 7.933533006207e-01 -6.087614807083e-01 0.000000000000e+00
   outer loop
     vertex 2.106213200000e+01 1.678951000000e+00 0.000000000000e+00
     vertex 2.110980758587e+01 1.741083024788e+00 9.100000000000e-01
     vertex 2.106213200000e+01 1.678951000000e+00 9.100000000000e-01
   endloop
 endfacet
 facet normal 7.933533006207e-01 -6.087614807083e-01 0.000000000000e+00
   outer loop
     vertex 2.106213200000e+01 1.678951000000e+00 0.000000000000e+00
     vertex 2.110980758587e+01 1.741083024788e+00 0.000000000000e+00
     vertex 2.110980758587e+01 1.741083024788e+00 9.100000000000e-01
   endloop
 endfacet
 facet normal 6.087614807083e-01 -7.933533006207e-01 0.000000000000e+00
   outer loop
     vertex 2.099999997521e+01 1.631275414129e+00 0.000000000000e+00
     vertex 2.106213200000e+01 1.678951000000e+00 9.100000000000e-01
     vertex 2.099999997521e+01 1.631275414129e+00 9.100000000000e-01
   endloop
 endfacet
 facet normal 6.087614807083e-01 -7.933533006207e-01 0.000000000000e+00
   outer loop
     vertex 2.099999997521e+01 1.631275414129e+00 0.000000000000e+00
     vertex 2.106213200000e+01 1.678951000000e+00 0.000000000000e+00
     vertex 2.106213200000e+01 1.678951000000e+00 9.100000000000e-01
   endloop
 endfacet
 facet normal 3.826836129814e-01 -9.238794576975e-01 0.000000000000e+00
   outer loop
     vertex 2.092764570213e+01 1.601305276350e+00 0.000000000000e+00
     vertex 2.099999997521e+01 1.631275414129e+00 9.100000000000e-01
     vertex 2.092764570213e+01 1.601305276350e+00 9.100000000000e-01
   endloop
 endfacet
 facet normal 3.826836129814e-01 -9.238794576975e-01 0.000000000000e+00
   outer loop
     vertex 2.092764570213e+01 1.601305276350e+00 0.000000000000e+00
     vertex 2.099999997521e+01 1.631275414129e+00 0.000000000000e+00
     vertex 2.099999997521e+01 1.631275414129e+00 9.100000000000e-01
   endloop
 endfacet
 facet normal 1.305265152620e-01 -9.914448188445e-01 0.000000000000e+00
   outer loop
     vertex 2.085000000000e+01 1.591083000000e+00 0.000000000000e+00
     vertex 2.092764570213e+01 1.601305276350e+00 9.100000000000e-01
     vertex 2.085000000000e+01 1.591083000000e+00 9.100000000000e-01
   endloop
 endfacet
 facet normal 1.305265152620e-01 -9.914448188445e-01 0.000000000000e+00
   outer loop
     vertex 2.085000000000e+01 1.591083000000e+00 0.000000000000e+00
     vertex 2.092764570213e+01 1.601305276350e+00 0.000000000000e+00
     vertex 2.092764570213e+01 1.601305276350e+00 9.100000000000e-01
   endloop
 endfacet
 facet normal -2.664535259100e-16 -1.000000000000e+00 0.000000000000e+00
   outer loop
     vertex 1.835000000000e+01 1.591083000000e+00 0.000000000000e+00
     vertex 2.085000000000e+01 1.591083000000e+00 0.000000000000e+00
     vertex 2.085000000000e+01 1.591083000000e+00 9.100000000000e-01
   endloop
 endfacet
 facet normal -2.664535259100e-16 -1.000000000000e+00 0.000000000000e+00
   outer loop
     vertex 1.835000000000e+01 1.591083000000e+00 0.000000000000e+00
     vertex 2.085000000000e+01 1.591083000000e+00 9.100000000000e-01
     vertex 1.835000000000e+01 1.591083000000e+00 9.100000000000e-01
   endloop
 endfacet
 facet normal 1.305265152620e-01 -9.914448188445e-01 0.000000000000e+00
   outer loop
     vertex 1.827235429787e+01 1.580860723650e+00 0.000000000000e+00
     vertex 1.835000000000e+01 1.591083000000e+00 0.000000000000e+00
     vertex 1.835000000000e+01 1.591083000000e+00 9.100000000000e-01
   endloop
 endfacet
 facet normal 1.305265152620e-01 -9.914448188445e-01 0.000000000000e+00
   outer loop
     vertex 1.827235429787e+01 1.580860723650e+00 0.000000000000e+00
     vertex 1.835000000000e+01 1.591083000000e+00 9.100000000000e-01
     vertex 1.827235429787e+01 1.580860723650e+00 9.100000000000e-01
   endloop
 endfacet
 facet normal 3.826836129814e-01 -9.238794576975e-01 0.000000000000e+00
   outer loop
     vertex 1.820000002479e+01 1.550890585871e+00 0.000000000000e+00
     vertex 1.827235429787e+01 1.580860723650e+00 9.100000000000e-01
     vertex 1.820000002479e+01 1.550890585871e+00 9.100000000000e-01
   endloop
 endfacet
 facet normal 3.826836129814e-01 -9.238794576975e-01 0.000000000000e+00
   outer loop
     vertex 1.820000002479e+01 1.550890585871e+00 0.000000000000e+00
     vertex 1.827235429787e+01 1.580860723650e+00 0.000000000000e+00
     vertex 1.827235429787e+01 1.580860723650e+00 9.100000000000e-01
   endloop
 endfacet
 facet normal 6.087614807083e-01 -7.933533006208e-01 0.000000000000e+00
   outer loop
     vertex 1.813786800000e+01 1.503215000000e+00 0.000000000000e+00
     vertex 1.820000002479e+01 1.550890585871e+00 9.100000000000e-01
     vertex 1.813786800000e+01 1.503215000000e+00 9.100000000000e-01
   endloop
 endfacet
 facet normal 6.087614807083e-01 -7.933533006208e-01 0.000000000000e+00
   outer loop
     vertex 1.813786800000e+01 1.503215000000e+00 0.000000000000e+00
     vertex 1.820000002479e+01 1.550890585871e+00 0.000000000000e+00
     vertex 1.820000002479e+01 1.550890585871e+00 9.100000000000e-01
   endloop
 endfacet
 facet normal 7.933533006208e-01 -6.087614807083e-01 0.000000000000e+00
   outer loop
     vertex 1.809019241413e+01 1.441082975212e+00 0.000000000000e+00
     vertex 1.813786800000e+01 1.503215000000e+00 9.100000000000e-01
     vertex 1.809019241413e+01 1.441082975212e+00 9.100000000000e-01
   endloop
 endfacet
 facet normal 7.933533006208e-01 -6.087614807083e-01 0.000000000000e+00
   outer loop
     vertex 1.809019241413e+01 1.441082975212e+00 0.000000000000e+00
     vertex 1.813786800000e+01 1.503215000000e+00 0.000000000000e+00
     vertex 1.813786800000e+01 1.503215000000e+00 9.100000000000e-01
   endloop
 endfacet
 facet normal 9.238794576975e-01 -3.826836129814e-01 0.000000000000e+00
   outer loop
     vertex 1.806022227635e+01 1.368728702126e+00 0.000000000000e+00
     vertex 1.809019241413e+01 1.441082975212e+00 9.100000000000e-01
     vertex 1.806022227635e+01 1.368728702126e+00 9.100000000000e-01
   endloop
 endfacet
 facet normal 9.238794576975e-01 -3.826836129814e-01 0.000000000000e+00
   outer loop
     vertex 1.806022227635e+01 1.368728702126e+00 0.000000000000e+00
     vertex 1.809019241413e+01 1.441082975212e+00 0.000000000000e+00
     vertex 1.809019241413e+01 1.441082975212e+00 9.100000000000e-01
   endloop
 endfacet
 facet normal 9.914448188445e-01 -1.305265152620e-01 0.000000000000e+00
   outer loop
     vertex 1.805000000000e+01 1.291083000000e+00 0.000000000000e+00
     vertex 1.806022227635e+01 1.368728702126e+00 9.100000000000e-01
     vertex 1.805000000000e+01 1.291083000000e+00 9.100000000000e-01
   endloop
 endfacet
 facet normal 9.914448188445e-01 -1.305265152620e-01 0.000000000000e+00
   outer loop
     vertex 1.805000000000e+01 1.291083000000e+00 0.000000000000e+00
     vertex 1.806022227635e+01 1.368728702126e+00 0.000000000000e+00
     vertex 1.806022227635e+01 1.368728702126e+00 9.100000000000e-01
   endloop
 endfacet
 facet normal 1.000000000000e+00 0.000000000000e+00 0.000000000000e+00
   outer loop
     vertex 1.805000000000e+01 6.910830000000e-01 0.000000000000e+00
     vertex 1.805000000000e+01 1.291083000000e+00 0.000000000000e+00
     vertex 1.805000000000e+01 1.291083000000e+00 9.100000000000e-01
   endloop
 endfacet
 facet normal 1.000000000000e+00 0.000000000000e+00 0.000000000000e+00
   outer loop
     vertex 1.805000000000e+01 6.910830000000e-01 0.000000000000e+00
     vertex 1.805000000000e+01 1.291083000000e+00 9.100000000000e-01
     vertex 1.805000000000e+01 6.910830000000e-01 9.100000000000e-01
   endloop
 endfacet
 facet normal 9.914011631596e-01 -1.308576848556e-01 0.000000000000e+00
   outer loop
     vertex 1.803975248530e+01 6.134460006824e-01 0.000000000000e+00
     vertex 1.805000000000e+01 6.910830000000e-01 0.000000000000e+00
     vertex 1.805000000000e+01 6.910830000000e-01 9.100000000000e-01
   endloop
 endfacet
 facet normal 9.914011631596e-01 -1.308576848556e-01 0.000000000000e+00
   outer loop
     vertex 1.803975248530e+01 6.134460006824e-01 0.000000000000e+00
     vertex 1.805000000000e+01 6.910830000000e-01 9.100000000000e-01
     vertex 1.803975248530e+01 6.134460006824e-01 9.100000000000e-01
   endloop
 endfacet
 facet normal 9.238106533890e-01 -3.828496789669e-01 0.000000000000e+00
   outer loop
     vertex 1.800977138243e+01 5.411020396987e-01 0.000000000000e+00
     vertex 1.803975248530e+01 6.134460006824e-01 9.100000000000e-01
     vertex 1.800977138243e+01 5.411020396987e-01 9.100000000000e-01
   endloop
 endfacet
 facet normal 9.238106533890e-01 -3.828496789669e-01 0.000000000000e+00
   outer loop
     vertex 1.800977138243e+01 5.411020396987e-01 0.000000000000e+00
     vertex 1.803975248530e+01 6.134460006824e-01 0.000000000000e+00
     vertex 1.803975248530e+01 6.134460006824e-01 9.100000000000e-01
   endloop
 endfacet
 facet normal 7.933377916401e-01 -6.087816918696e-01 0.000000000000e+00
   outer loop
     vertex 1.796209745834e+01 4.789754577691e-01 0.000000000000e+00
     vertex 1.800977138243e+01 5.411020396987e-01 9.100000000000e-01
     vertex 1.796209745834e+01 4.789754577691e-01 9.100000000000e-01
   endloop
 endfacet
 facet normal 7.933377916401e-01 -6.087816918696e-01 0.000000000000e+00
   outer loop
     vertex 1.796209745834e+01 4.789754577691e-01 0.000000000000e+00
     vertex 1.800977138243e+01 5.411020396987e-01 0.000000000000e+00
     vertex 1.800977138243e+01 5.411020396987e-01 9.100000000000e-01
   endloop
 endfacet
 facet normal 6.088636623494e-01 -7.932748834234e-01 0.000000000000e+00
   outer loop
     vertex 1.789997580277e+01 4.312951145388e-01 0.000000000000e+00
     vertex 1.796209745834e+01 4.789754577691e-01 9.100000000000e-01
     vertex 1.789997580277e+01 4.312951145388e-01 9.100000000000e-01
   endloop
 endfacet
 facet normal 6.088636623494e-01 -7.932748834234e-01 0.000000000000e+00
   outer loop
     vertex 1.789997580277e+01 4.312951145388e-01 0.000000000000e+00
     vertex 1.796209745834e+01 4.789754577691e-01 0.000000000000e+00
     vertex 1.796209745834e+01 4.789754577691e-01 9.100000000000e-01
   endloop
 endfacet
 facet normal 3.829451321070e-01 -9.237710894998e-01 0.000000000000e+00
   outer loop
     vertex 1.782763494005e+01 4.013065366907e-01 0.000000000000e+00
     vertex 1.789997580277e+01 4.312951145388e-01 9.100000000000e-01
     vertex 1.782763494005e+01 4.013065366907e-01 9.100000000000e-01
   endloop
 endfacet
 facet normal 3.829451321070e-01 -9.237710894998e-01 0.000000000000e+00
   outer loop
     vertex 1.782763494005e+01 4.013065366907e-01 0.000000000000e+00
     vertex 1.789997580277e+01 4.312951145388e-01 0.000000000000e+00
     vertex 1.789997580277e+01 4.312951145388e-01 9.100000000000e-01
   endloop
 endfacet
 facet normal 1.309601233095e-01 -9.913876366502e-01 0.000000000000e+00
   outer loop
     vertex 1.774999900000e+01 3.910510000000e-01 0.000000000000e+00
     vertex 1.782763494005e+01 4.013065366907e-01 9.100000000000e-01
     vertex 1.774999900000e+01 3.910510000000e-01 9.100000000000e-01
   endloop
 endfacet
 facet normal 1.309601233095e-01 -9.913876366502e-01 0.000000000000e+00
   outer loop
     vertex 1.774999900000e+01 3.910510000000e-01 0.000000000000e+00
     vertex 1.782763494005e+01 4.013065366907e-01 0.000000000000e+00
     vertex 1.782763494005e+01 4.013065366907e-01 9.100000000000e-01
   endloop
 endfacet
 facet normal -8.326672684689e-16 -1.000000000000e+00 0.000000000000e+00
   outer loop
     vertex 1.754999900000e+01 3.910510000000e-01 0.000000000000e+00
     vertex 1.774999900000e+01 3.910510000000e-01 0.000000000000e+00
     vertex 1.774999900000e+01 3.910510000000e-01 9.100000000000e-01
   endloop
 endfacet
 facet normal -8.326672684689e-16 -1.000000000000e+00 0.000000000000e+00
   outer loop
     vertex 1.754999900000e+01 3.910510000000e-01 0.000000000000e+00
     vertex 1.774999900000e+01 3.910510000000e-01 9.100000000000e-01
     vertex 1.754999900000e+01 3.910510000000e-01 9.100000000000e-01
   endloop
 endfacet
 facet normal 1.118661457394e-01 -9.937232841377e-01 0.000000000000e+00
   outer loop
     vertex 1.748323760947e+01 3.835354878230e-01 0.000000000000e+00
     vertex 1.754999900000e+01 3.910510000000e-01 0.000000000000e+00
     vertex 1.754999900000e+01 3.910510000000e-01 9.100000000000e-01
   endloop
 endfacet
 facet normal 1.118661457394e-01 -9.937232841377e-01 0.000000000000e+00
   outer loop
     vertex 1.748323760947e+01 3.835354878230e-01 0.000000000000e+00
     vertex 1.754999900000e+01 3.910510000000e-01 9.100000000000e-01
     vertex 1.748323760947e+01 3.835354878230e-01 9.100000000000e-01
   endloop
 endfacet
 facet normal 3.301994910491e-01 -9.439111696081e-01 0.000000000000e+00
   outer loop
     vertex 1.741982275020e+01 3.613516691224e-01 0.000000000000e+00
     vertex 1.748323760947e+01 3.835354878230e-01 9.100000000000e-01
     vertex 1.741982275020e+01 3.613516691224e-01 9.100000000000e-01
   endloop
 endfacet
 facet normal 3.301994910491e-01 -9.439111696081e-01 0.000000000000e+00
   outer loop
     vertex 1.741982275020e+01 3.613516691224e-01 0.000000000000e+00
     vertex 1.748323760947e+01 3.835354878230e-01 0.000000000000e+00
     vertex 1.748323760947e+01 3.835354878230e-01 9.100000000000e-01
   endloop
 endfacet
 facet normal 5.319731019225e-01 -8.467612525564e-01 0.000000000000e+00
   outer loop
     vertex 1.736293472154e+01 3.256120778554e-01 0.000000000000e+00
     vertex 1.741982275020e+01 3.613516691224e-01 9.100000000000e-01
     vertex 1.736293472154e+01 3.256120778554e-01 9.100000000000e-01
   endloop
 endfacet
 facet normal 5.319731019225e-01 -8.467612525564e-01 0.000000000000e+00
   outer loop
     vertex 1.736293472154e+01 3.256120778554e-01 0.000000000000e+00
     vertex 1.741982275020e+01 3.613516691224e-01 0.000000000000e+00
     vertex 1.741982275020e+01 3.613516691224e-01 9.100000000000e-01
   endloop
 endfacet
 facet normal 7.070678912535e-01 -7.071456689808e-01 0.000000000000e+00
   outer loop
     vertex 1.731542649776e+01 2.781090794142e-01 0.000000000000e+00
     vertex 1.736293472154e+01 3.256120778554e-01 9.100000000000e-01
     vertex 1.731542649776e+01 2.781090794142e-01 9.100000000000e-01
   endloop
 endfacet
 facet normal 7.070678912535e-01 -7.071456689808e-01 0.000000000000e+00
   outer loop
     vertex 1.731542649776e+01 2.781090794142e-01 0.000000000000e+00
     vertex 1.736293472154e+01 3.256120778554e-01 0.000000000000e+00
     vertex 1.736293472154e+01 3.256120778554e-01 9.100000000000e-01
   endloop
 endfacet
 facet normal 8.467027334163e-01 -5.320662376297e-01 0.000000000000e+00
   outer loop
     vertex 1.727968064935e+01 2.212249822529e-01 0.000000000000e+00
     vertex 1.731542649776e+01 2.781090794142e-01 9.100000000000e-01
     vertex 1.727968064935e+01 2.212249822529e-01 9.100000000000e-01
   endloop
 endfacet
 facet normal 8.467027334163e-01 -5.320662376297e-01 0.000000000000e+00
   outer loop
     vertex 1.727968064935e+01 2.212249822529e-01 0.000000000000e+00
     vertex 1.731542649776e+01 2.781090794142e-01 0.000000000000e+00
     vertex 1.731542649776e+01 2.781090794142e-01 9.100000000000e-01
   endloop
 endfacet
 facet normal 9.438748438307e-01 -3.303033139157e-01 0.000000000000e+00
   outer loop
     vertex 1.725748985551e+01 1.578125634600e-01 0.000000000000e+00
     vertex 1.727968064935e+01 2.212249822529e-01 9.100000000000e-01
     vertex 1.725748985551e+01 1.578125634600e-01 9.100000000000e-01
   endloop
 endfacet
 facet normal 9.438748438307e-01 -3.303033139157e-01 0.000000000000e+00
   outer loop
     vertex 1.725748985551e+01 1.578125634600e-01 0.000000000000e+00
     vertex 1.727968064935e+01 2.212249822529e-01 0.000000000000e+00
     vertex 1.727968064935e+01 2.212249822529e-01 9.100000000000e-01
   endloop
 endfacet
 facet normal 9.937109734860e-01 -1.119754489763e-01 0.000000000000e+00
   outer loop
     vertex 1.724996700000e+01 9.105200000000e-02 0.000000000000e+00
     vertex 1.725748985551e+01 1.578125634600e-01 9.100000000000e-01
     vertex 1.724996700000e+01 9.105200000000e-02 9.100000000000e-01
   endloop
 endfacet
 facet normal 9.937109734860e-01 -1.119754489763e-01 0.000000000000e+00
   outer loop
     vertex 1.724996700000e+01 9.105200000000e-02 0.000000000000e+00
     vertex 1.725748985551e+01 1.578125634600e-01 0.000000000000e+00
     vertex 1.725748985551e+01 1.578125634600e-01 9.100000000000e-01
   endloop
 endfacet
 facet normal 9.999999999999e-01 4.347886568314e-07 0.000000000000e+00
   outer loop
     vertex 1.724996800000e+01 -2.208916000000e+00 0.000000000000e+00
     vertex 1.724996700000e+01 9.105200000000e-02 0.000000000000e+00
     vertex 1.724996700000e+01 9.105200000000e-02 9.100000000000e-01
   endloop
 endfacet
 facet normal 9.999999999999e-01 4.347886568314e-07 -0.000000000000e+00
   outer loop
     vertex 1.724996800000e+01 -2.208916000000e+00 0.000000000000e+00
     vertex 1.724996700000e+01 9.105200000000e-02 9.100000000000e-01
     vertex 1.724996800000e+01 -2.208916000000e+00 9.100000000000e-01
   endloop
 endfacet
 facet normal 9.914081194350e-01 1.308049720703e-01 0.000000000000e+00
   outer loop
     vertex 1.726021189811e+01 -2.286557419880e+00 0.000000000000e+00
     vertex 1.724996800000e+01 -2.208916000000e+00 0.000000000000e+00
     vertex 1.724996800000e+01 -2.208916000000e+00 9.100000000000e-01
   endloop
 endfacet
 facet normal 9.914081194350e-01 1.308049720703e-01 -0.000000000000e+00
   outer loop
     vertex 1.726021189811e+01 -2.286557419880e+00 0.000000000000e+00
     vertex 1.724996800000e+01 -2.208916000000e+00 9.100000000000e-01
     vertex 1.726021189811e+01 -2.286557419880e+00 9.100000000000e-01
   endloop
 endfacet
 facet normal 9.238070433891e-01 3.828583897275e-01 -0.000000000000e+00
   outer loop
     vertex 1.729019517988e+01 -2.358904709698e+00 0.000000000000e+00
     vertex 1.726021189811e+01 -2.286557419880e+00 9.100000000000e-01
     vertex 1.729019517988e+01 -2.358904709698e+00 9.100000000000e-01
   endloop
 endfacet
 facet normal 9.238070433891e-01 3.828583897275e-01 0.000000000000e+00
   outer loop
     vertex 1.729019517988e+01 -2.358904709698e+00 0.000000000000e+00
     vertex 1.726021189811e+01 -2.286557419880e+00 0.000000000000e+00
     vertex 1.726021189811e+01 -2.286557419880e+00 9.100000000000e-01
   endloop
 endfacet
 facet normal 7.932939401568e-01 6.088388329521e-01 -0.000000000000e+00
   outer loop
     vertex 1.733787595890e+01 -2.421030958907e+00 0.000000000000e+00
     vertex 1.729019517988e+01 -2.358904709698e+00 9.100000000000e-01
     vertex 1.733787595890e+01 -2.421030958907e+00 9.100000000000e-01
   endloop
 endfacet
 facet normal 7.932939401568e-01 6.088388329521e-01 0.000000000000e+00
   outer loop
     vertex 1.733787595890e+01 -2.421030958907e+00 0.000000000000e+00
     vertex 1.729019517988e+01 -2.358904709698e+00 0.000000000000e+00
     vertex 1.729019517988e+01 -2.358904709698e+00 9.100000000000e-01
   endloop
 endfacet
 facet normal 6.087568605033e-01 7.933568458078e-01 -0.000000000000e+00
   outer loop
     vertex 1.740000713452e+01 -2.468705318320e+00 0.000000000000e+00
     vertex 1.733787595890e+01 -2.421030958907e+00 9.100000000000e-01
     vertex 1.740000713452e+01 -2.468705318320e+00 9.100000000000e-01
   endloop
 endfacet
 facet normal 6.087568605033e-01 7.933568458078e-01 0.000000000000e+00
   outer loop
     vertex 1.740000713452e+01 -2.468705318320e+00 0.000000000000e+00
     vertex 1.733787595890e+01 -2.421030958907e+00 0.000000000000e+00
     vertex 1.733787595890e+01 -2.421030958907e+00 9.100000000000e-01
   endloop
 endfacet
 facet normal 3.827629328728e-01 9.238465983152e-01 -0.000000000000e+00
   outer loop
     vertex 1.747235752206e+01 -2.498681124452e+00 0.000000000000e+00
     vertex 1.740000713452e+01 -2.468705318320e+00 9.100000000000e-01
     vertex 1.747235752206e+01 -2.498681124452e+00 9.100000000000e-01
   endloop
 endfacet
 facet normal 3.827629328728e-01 9.238465983152e-01 0.000000000000e+00
   outer loop
     vertex 1.747235752206e+01 -2.498681124452e+00 0.000000000000e+00
     vertex 1.740000713452e+01 -2.468705318320e+00 0.000000000000e+00
     vertex 1.740000713452e+01 -2.468705318320e+00 9.100000000000e-01
   endloop
 endfacet
 facet normal 1.307025315008e-01 9.914216299130e-01 -0.000000000000e+00
   outer loop
     vertex 1.755000000000e+01 -2.508917000000e+00 0.000000000000e+00
     vertex 1.747235752206e+01 -2.498681124452e+00 9.100000000000e-01
     vertex 1.755000000000e+01 -2.508917000000e+00 9.100000000000e-01
   endloop
 endfacet
 facet normal 1.307025315008e-01 9.914216299130e-01 0.000000000000e+00
   outer loop
     vertex 1.755000000000e+01 -2.508917000000e+00 0.000000000000e+00
     vertex 1.747235752206e+01 -2.498681124452e+00 0.000000000000e+00
     vertex 1.747235752206e+01 -2.498681124452e+00 9.100000000000e-01
   endloop
 endfacet
 facet normal -2.220446049250e-15 1.000000000000e+00 0.000000000000e+00
   outer loop
     vertex 1.775000000000e+01 -2.508917000000e+00 0.000000000000e+00
     vertex 1.755000000000e+01 -2.508917000000e+00 0.000000000000e+00
     vertex 1.755000000000e+01 -2.508917000000e+00 9.100000000000e-01
   endloop
 endfacet
 facet normal -2.220446049250e-15 1.000000000000e+00 0.000000000000e+00
   outer loop
     vertex 1.775000000000e+01 -2.508917000000e+00 0.000000000000e+00
     vertex 1.755000000000e+01 -2.508917000000e+00 9.100000000000e-01
     vertex 1.775000000000e+01 -2.508917000000e+00 9.100000000000e-01
   endloop
 endfacet
 facet normal 1.308574104726e-01 9.914011993761e-01 0.000000000000e+00
   outer loop
     vertex 1.782763683836e+01 -2.519164471590e+00 0.000000000000e+00
     vertex 1.775000000000e+01 -2.508917000000e+00 0.000000000000e+00
     vertex 1.775000000000e+01 -2.508917000000e+00 9.100000000000e-01
   endloop
 endfacet
 facet normal 1.308574104726e-01 9.914011993761e-01 -0.000000000000e+00
   outer loop
     vertex 1.782763683836e+01 -2.519164471590e+00 0.000000000000e+00
     vertex 1.775000000000e+01 -2.508917000000e+00 9.100000000000e-01
     vertex 1.782763683836e+01 -2.519164471590e+00 9.100000000000e-01
   endloop
 endfacet
 facet normal 3.828489096881e-01 9.238109721965e-01 -0.000000000000e+00
   outer loop
     vertex 1.789998067168e+01 -2.549145450970e+00 0.000000000000e+00
     vertex 1.782763683836e+01 -2.519164471590e+00 9.100000000000e-01
     vertex 1.789998067168e+01 -2.549145450970e+00 9.100000000000e-01
   endloop
 endfacet
 facet normal 3.828489096881e-01 9.238109721965e-01 0.000000000000e+00
   outer loop
     vertex 1.789998067168e+01 -2.549145450970e+00 0.000000000000e+00
     vertex 1.782763683836e+01 -2.519164471590e+00 0.000000000000e+00
     vertex 1.782763683836e+01 -2.519164471590e+00 9.100000000000e-01
   endloop
 endfacet
 facet normal 6.087805901738e-01 7.933386370445e-01 -0.000000000000e+00
   outer loop
     vertex 1.796210718873e+01 -2.596819188205e+00 0.000000000000e+00
     vertex 1.789998067168e+01 -2.549145450970e+00 9.100000000000e-01
     vertex 1.796210718873e+01 -2.596819188205e+00 9.100000000000e-01
   endloop
 endfacet
 facet normal 6.087805901738e-01 7.933386370445e-01 0.000000000000e+00
   outer loop
     vertex 1.796210718873e+01 -2.596819188205e+00 0.000000000000e+00
     vertex 1.789998067168e+01 -2.549145450970e+00 0.000000000000e+00
     vertex 1.789998067168e+01 -2.549145450970e+00 9.100000000000e-01
   endloop
 endfacet
 facet normal 7.932736993988e-01 6.088652049856e-01 -0.000000000000e+00
   outer loop
     vertex 1.800978755217e+01 -2.658940619984e+00 0.000000000000e+00
     vertex 1.796210718873e+01 -2.596819188205e+00 9.100000000000e-01
     vertex 1.800978755217e+01 -2.658940619984e+00 9.100000000000e-01
   endloop
 endfacet
 facet normal 7.932736993988e-01 6.088652049856e-01 0.000000000000e+00
   outer loop
     vertex 1.800978755217e+01 -2.658940619984e+00 0.000000000000e+00
     vertex 1.796210718873e+01 -2.596819188205e+00 0.000000000000e+00
     vertex 1.796210718873e+01 -2.596819188205e+00 9.100000000000e-01
   endloop
 endfacet
 facet normal 9.237701319025e-01 3.829474420920e-01 -0.000000000000e+00
   outer loop
     vertex 1.803977624765e+01 -2.731281255091e+00 0.000000000000e+00
     vertex 1.800978755217e+01 -2.658940619984e+00 9.100000000000e-01
     vertex 1.803977624765e+01 -2.731281255091e+00 9.100000000000e-01
   endloop
 endfacet
 facet normal 9.913872363574e-01 1.309631535496e-01 -0.000000000000e+00
   outer loop
     vertex 1.803977624765e+01 -2.731281255091e+00 0.000000000000e+00
     vertex 1.803977624765e+01 -2.731281255091e+00 9.100000000000e-01
     vertex 1.805003200000e+01 -2.808917000000e+00 9.100000000000e-01
   endloop
 endfacet
 facet normal 9.237701319025e-01 3.829474420920e-01 0.000000000000e+00
   outer loop
     vertex 1.803977624765e+01 -2.731281255091e+00 0.000000000000e+00
     vertex 1.800978755217e+01 -2.658940619984e+00 0.000000000000e+00
     vertex 1.800978755217e+01 -2.658940619984e+00 9.100000000000e-01
   endloop
 endfacet
 facet normal 9.913872363574e-01 1.309631535496e-01 -0.000000000000e+00
   outer loop
     vertex 1.805003200000e+01 -2.808917000000e+00 0.000000000000e+00
     vertex 1.803977624765e+01 -2.731281255091e+00 0.000000000000e+00
     vertex 1.805003200000e+01 -2.808917000000e+00 9.100000000000e-01
   endloop
 endfacet
 facet normal 9.999999918080e-01 -1.279999989551e-04 0.000000000000e+00
   outer loop
     vertex 1.804996800000e+01 -3.308917000000e+00 0.000000000000e+00
     vertex 1.805003200000e+01 -2.808917000000e+00 0.000000000000e+00
     vertex 1.805003200000e+01 -2.808917000000e+00 9.100000000000e-01
   endloop
 endfacet
 facet normal 9.999999918080e-01 -1.279999989551e-04 0.000000000000e+00
   outer loop
     vertex 1.804996800000e+01 -3.308917000000e+00 0.000000000000e+00
     vertex 1.805003200000e+01 -2.808917000000e+00 9.100000000000e-01
     vertex 1.804996800000e+01 -3.308917000000e+00 9.100000000000e-01
   endloop
 endfacet
 facet normal 9.913876366502e-01 1.309601233094e-01 0.000000000000e+00
   outer loop
     vertex 1.806022353669e+01 -3.386552940052e+00 0.000000000000e+00
     vertex 1.804996800000e+01 -3.308917000000e+00 0.000000000000e+00
     vertex 1.804996800000e+01 -3.308917000000e+00 9.100000000000e-01
   endloop
 endfacet
 facet normal 9.913876366502e-01 1.309601233094e-01 -0.000000000000e+00
   outer loop
     vertex 1.806022353669e+01 -3.386552940052e+00 0.000000000000e+00
     vertex 1.804996800000e+01 -3.308917000000e+00 9.100000000000e-01
     vertex 1.806022353669e+01 -3.386552940052e+00 9.100000000000e-01
   endloop
 endfacet
 facet normal 9.237710894997e-01 3.829451321070e-01 -0.000000000000e+00
   outer loop
     vertex 1.809021211454e+01 -3.458893802772e+00 0.000000000000e+00
     vertex 1.806022353669e+01 -3.386552940052e+00 9.100000000000e-01
     vertex 1.809021211454e+01 -3.458893802772e+00 9.100000000000e-01
   endloop
 endfacet
 facet normal 9.237710894997e-01 3.829451321070e-01 0.000000000000e+00
   outer loop
     vertex 1.809021211454e+01 -3.458893802772e+00 0.000000000000e+00
     vertex 1.806022353669e+01 -3.386552940052e+00 0.000000000000e+00
     vertex 1.806022353669e+01 -3.386552940052e+00 9.100000000000e-01
   endloop
 endfacet
 facet normal 7.932748834234e-01 6.088636623494e-01 -0.000000000000e+00
   outer loop
     vertex 1.813789245777e+01 -3.521015458336e+00 0.000000000000e+00
     vertex 1.809021211454e+01 -3.458893802772e+00 9.100000000000e-01
     vertex 1.813789245777e+01 -3.521015458336e+00 9.100000000000e-01
   endloop
 endfacet
 facet normal 7.932748834234e-01 6.088636623494e-01 0.000000000000e+00
   outer loop
     vertex 1.813789245777e+01 -3.521015458336e+00 0.000000000000e+00
     vertex 1.809021211454e+01 -3.458893802772e+00 0.000000000000e+00
     vertex 1.809021211454e+01 -3.458893802772e+00 9.100000000000e-01
   endloop
 endfacet
 facet normal 6.087816918696e-01 7.933377916401e-01 -0.000000000000e+00
   outer loop
     vertex 1.820001903970e+01 -3.568689382427e+00 0.000000000000e+00
     vertex 1.813789245777e+01 -3.521015458336e+00 9.100000000000e-01
     vertex 1.820001903970e+01 -3.568689382427e+00 9.100000000000e-01
   endloop
 endfacet
 facet normal 6.087816918696e-01 7.933377916401e-01 0.000000000000e+00
   outer loop
     vertex 1.820001903970e+01 -3.568689382427e+00 0.000000000000e+00
     vertex 1.813789245777e+01 -3.521015458336e+00 0.000000000000e+00
     vertex 1.813789245777e+01 -3.521015458336e+00 9.100000000000e-01
   endloop
 endfacet
 facet normal 3.828496789669e-01 9.238106533890e-01 -0.000000000000e+00
   outer loop
     vertex 1.827236300068e+01 -3.598670485303e+00 0.000000000000e+00
     vertex 1.820001903970e+01 -3.568689382427e+00 9.100000000000e-01
     vertex 1.827236300068e+01 -3.598670485303e+00 9.100000000000e-01
   endloop
 endfacet
 facet normal 3.828496789669e-01 9.238106533890e-01 0.000000000000e+00
   outer loop
     vertex 1.827236300068e+01 -3.598670485303e+00 0.000000000000e+00
     vertex 1.820001903970e+01 -3.568689382427e+00 0.000000000000e+00
     vertex 1.820001903970e+01 -3.568689382427e+00 9.100000000000e-01
   endloop
 endfacet
 facet normal 1.308576848556e-01 9.914011631596e-01 -0.000000000000e+00
   outer loop
     vertex 1.835000000000e+01 -3.608918000000e+00 0.000000000000e+00
     vertex 1.827236300068e+01 -3.598670485303e+00 9.100000000000e-01
     vertex 1.835000000000e+01 -3.608918000000e+00 9.100000000000e-01
   endloop
 endfacet
 facet normal 1.308576848556e-01 9.914011631596e-01 0.000000000000e+00
   outer loop
     vertex 1.835000000000e+01 -3.608918000000e+00 0.000000000000e+00
     vertex 1.827236300068e+01 -3.598670485303e+00 0.000000000000e+00
     vertex 1.827236300068e+01 -3.598670485303e+00 9.100000000000e-01
   endloop
 endfacet
 facet normal -4.000000000559e-07 9.999999999999e-01 0.000000000000e+00
   outer loop
     vertex 2.085000000000e+01 -3.608917000000e+00 0.000000000000e+00
     vertex 1.835000000000e+01 -3.608918000000e+00 0.000000000000e+00
     vertex 1.835000000000e+01 -3.608918000000e+00 9.100000000000e-01
   endloop
 endfacet
 facet normal -4.000000000559e-07 9.999999999999e-01 0.000000000000e+00
   outer loop
     vertex 2.085000000000e+01 -3.608917000000e+00 0.000000000000e+00
     vertex 1.835000000000e+01 -3.608918000000e+00 9.100000000000e-01
     vertex 2.085000000000e+01 -3.608917000000e+00 9.100000000000e-01
   endloop
 endfacet
 facet normal 1.305265152620e-01 9.914448188445e-01 0.000000000000e+00
   outer loop
     vertex 2.092764570213e+01 -3.619139276350e+00 0.000000000000e+00
     vertex 2.085000000000e+01 -3.608917000000e+00 0.000000000000e+00
     vertex 2.085000000000e+01 -3.608917000000e+00 9.100000000000e-01
   endloop
 endfacet
 facet normal 1.305265152620e-01 9.914448188445e-01 -0.000000000000e+00
   outer loop
     vertex 2.092764570213e+01 -3.619139276350e+00 0.000000000000e+00
     vertex 2.085000000000e+01 -3.608917000000e+00 9.100000000000e-01
     vertex 2.092764570213e+01 -3.619139276350e+00 9.100000000000e-01
   endloop
 endfacet
 facet normal 3.826836129814e-01 9.238794576975e-01 -0.000000000000e+00
   outer loop
     vertex 2.099999997521e+01 -3.649109414129e+00 0.000000000000e+00
     vertex 2.092764570213e+01 -3.619139276350e+00 9.100000000000e-01
     vertex 2.099999997521e+01 -3.649109414129e+00 9.100000000000e-01
   endloop
 endfacet
 facet normal 3.826836129814e-01 9.238794576975e-01 0.000000000000e+00
   outer loop
     vertex 2.099999997521e+01 -3.649109414129e+00 0.000000000000e+00
     vertex 2.092764570213e+01 -3.619139276350e+00 0.000000000000e+00
     vertex 2.092764570213e+01 -3.619139276350e+00 9.100000000000e-01
   endloop
 endfacet
 facet normal 6.087614807083e-01 7.933533006207e-01 -0.000000000000e+00
   outer loop
     vertex 2.106213200000e+01 -3.696785000000e+00 0.000000000000e+00
     vertex 2.099999997521e+01 -3.649109414129e+00 9.100000000000e-01
     vertex 2.106213200000e+01 -3.696785000000e+00 9.100000000000e-01
   endloop
 endfacet
 facet normal 6.087614807083e-01 7.933533006207e-01 0.000000000000e+00
   outer loop
     vertex 2.106213200000e+01 -3.696785000000e+00 0.000000000000e+00
     vertex 2.099999997521e+01 -3.649109414129e+00 0.000000000000e+00
     vertex 2.099999997521e+01 -3.649109414129e+00 9.100000000000e-01
   endloop
 endfacet
 facet normal 7.933533006207e-01 6.087614807083e-01 -0.000000000000e+00
   outer loop
     vertex 2.110980758587e+01 -3.758917024788e+00 0.000000000000e+00
     vertex 2.106213200000e+01 -3.696785000000e+00 9.100000000000e-01
     vertex 2.110980758587e+01 -3.758917024788e+00 9.100000000000e-01
   endloop
 endfacet
 facet normal 7.933533006207e-01 6.087614807083e-01 0.000000000000e+00
   outer loop
     vertex 2.110980758587e+01 -3.758917024788e+00 0.000000000000e+00
     vertex 2.106213200000e+01 -3.696785000000e+00 0.000000000000e+00
     vertex 2.106213200000e+01 -3.696785000000e+00 9.100000000000e-01
   endloop
 endfacet
 facet normal 9.238794576975e-01 3.826836129814e-01 -0.000000000000e+00
   outer loop
     vertex 2.113977772365e+01 -3.831271297874e+00 0.000000000000e+00
     vertex 2.110980758587e+01 -3.758917024788e+00 9.100000000000e-01
     vertex 2.113977772365e+01 -3.831271297874e+00 9.100000000000e-01
   endloop
 endfacet
 facet normal 9.238794576975e-01 3.826836129814e-01 0.000000000000e+00
   outer loop
     vertex 2.113977772365e+01 -3.831271297874e+00 0.000000000000e+00
     vertex 2.110980758587e+01 -3.758917024788e+00 0.000000000000e+00
     vertex 2.110980758587e+01 -3.758917024788e+00 9.100000000000e-01
   endloop
 endfacet
 facet normal 9.914448188445e-01 1.305265152620e-01 -0.000000000000e+00
   outer loop
     vertex 2.115000000000e+01 -3.908917000000e+00 0.000000000000e+00
     vertex 2.113977772365e+01 -3.831271297874e+00 9.100000000000e-01
     vertex 2.115000000000e+01 -3.908917000000e+00 9.100000000000e-01
   endloop
 endfacet
 facet normal 9.914448188445e-01 1.305265152620e-01 0.000000000000e+00
   outer loop
     vertex 2.115000000000e+01 -3.908917000000e+00 0.000000000000e+00
     vertex 2.113977772365e+01 -3.831271297874e+00 0.000000000000e+00
     vertex 2.113977772365e+01 -3.831271297874e+00 9.100000000000e-01
   endloop
 endfacet
 facet normal 1.000000000000e+00 0.000000000000e+00 0.000000000000e+00
   outer loop
     vertex 2.115000000000e+01 -5.408917000000e+00 0.000000000000e+00
     vertex 2.115000000000e+01 -3.908917000000e+00 0.000000000000e+00
     vertex 2.115000000000e+01 -3.908917000000e+00 9.100000000000e-01
   endloop
 endfacet
 facet normal 1.000000000000e+00 0.000000000000e+00 0.000000000000e+00
   outer loop
     vertex 2.115000000000e+01 -5.408917000000e+00 0.000000000000e+00
     vertex 2.115000000000e+01 -3.908917000000e+00 9.100000000000e-01
     vertex 2.115000000000e+01 -5.408917000000e+00 9.100000000000e-01
   endloop
 endfacet
 facet normal 9.914448188445e-01 1.305265152620e-01 0.000000000000e+00
   outer loop
     vertex 2.116022227635e+01 -5.486562702126e+00 0.000000000000e+00
     vertex 2.115000000000e+01 -5.408917000000e+00 0.000000000000e+00
     vertex 2.115000000000e+01 -5.408917000000e+00 9.100000000000e-01
   endloop
 endfacet
 facet normal 9.914448188445e-01 1.305265152620e-01 -0.000000000000e+00
   outer loop
     vertex 2.116022227635e+01 -5.486562702126e+00 0.000000000000e+00
     vertex 2.115000000000e+01 -5.408917000000e+00 9.100000000000e-01
     vertex 2.116022227635e+01 -5.486562702126e+00 9.100000000000e-01
   endloop
 endfacet
 facet normal 9.238794576975e-01 3.826836129814e-01 -0.000000000000e+00
   outer loop
     vertex 2.119019241413e+01 -5.558916975212e+00 0.000000000000e+00
     vertex 2.116022227635e+01 -5.486562702126e+00 9.100000000000e-01
     vertex 2.119019241413e+01 -5.558916975212e+00 9.100000000000e-01
   endloop
 endfacet
 facet normal 9.238794576975e-01 3.826836129814e-01 0.000000000000e+00
   outer loop
     vertex 2.119019241413e+01 -5.558916975212e+00 0.000000000000e+00
     vertex 2.116022227635e+01 -5.486562702126e+00 0.000000000000e+00
     vertex 2.116022227635e+01 -5.486562702126e+00 9.100000000000e-01
   endloop
 endfacet
 facet normal 7.933533006207e-01 6.087614807083e-01 -0.000000000000e+00
   outer loop
     vertex 2.123786800000e+01 -5.621049000000e+00 0.000000000000e+00
     vertex 2.119019241413e+01 -5.558916975212e+00 9.100000000000e-01
     vertex 2.123786800000e+01 -5.621049000000e+00 9.100000000000e-01
   endloop
 endfacet
 facet normal 7.933533006207e-01 6.087614807083e-01 0.000000000000e+00
   outer loop
     vertex 2.123786800000e+01 -5.621049000000e+00 0.000000000000e+00
     vertex 2.119019241413e+01 -5.558916975212e+00 0.000000000000e+00
     vertex 2.119019241413e+01 -5.558916975212e+00 9.100000000000e-01
   endloop
 endfacet
 facet normal 6.087614807083e-01 7.933533006208e-01 -0.000000000000e+00
   outer loop
     vertex 2.130000002479e+01 -5.668724585871e+00 0.000000000000e+00
     vertex 2.123786800000e+01 -5.621049000000e+00 9.100000000000e-01
     vertex 2.130000002479e+01 -5.668724585871e+00 9.100000000000e-01
   endloop
 endfacet
 facet normal 6.087614807083e-01 7.933533006208e-01 0.000000000000e+00
   outer loop
     vertex 2.130000002479e+01 -5.668724585871e+00 0.000000000000e+00
     vertex 2.123786800000e+01 -5.621049000000e+00 0.000000000000e+00
     vertex 2.123786800000e+01 -5.621049000000e+00 9.100000000000e-01
   endloop
 endfacet
 facet normal 3.826836129814e-01 9.238794576975e-01 -0.000000000000e+00
   outer loop
     vertex 2.137235429787e+01 -5.698694723650e+00 0.000000000000e+00
     vertex 2.130000002479e+01 -5.668724585871e+00 9.100000000000e-01
     vertex 2.137235429787e+01 -5.698694723650e+00 9.100000000000e-01
   endloop
 endfacet
 facet normal 3.826836129814e-01 9.238794576975e-01 0.000000000000e+00
   outer loop
     vertex 2.137235429787e+01 -5.698694723650e+00 0.000000000000e+00
     vertex 2.130000002479e+01 -5.668724585871e+00 0.000000000000e+00
     vertex 2.130000002479e+01 -5.668724585871e+00 9.100000000000e-01
   endloop
 endfacet
 facet normal 1.305265152620e-01 9.914448188445e-01 -0.000000000000e+00
   outer loop
     vertex 2.145000000000e+01 -5.708917000000e+00 0.000000000000e+00
     vertex 2.137235429787e+01 -5.698694723650e+00 9.100000000000e-01
     vertex 2.145000000000e+01 -5.708917000000e+00 9.100000000000e-01
   endloop
 endfacet
 facet normal 1.305265152620e-01 9.914448188445e-01 0.000000000000e+00
   outer loop
     vertex 2.145000000000e+01 -5.708917000000e+00 0.000000000000e+00
     vertex 2.137235429787e+01 -5.698694723650e+00 0.000000000000e+00
     vertex 2.137235429787e+01 -5.698694723650e+00 9.100000000000e-01
   endloop
 endfacet
 facet normal 0.000000000000e+00 1.000000000000e+00 0.000000000000e+00
   outer loop
     vertex 2.195000000000e+01 -5.708917000000e+00 0.000000000000e+00
     vertex 2.145000000000e+01 -5.708917000000e+00 0.000000000000e+00
     vertex 2.145000000000e+01 -5.708917000000e+00 9.100000000000e-01
   endloop
 endfacet
 facet normal 0.000000000000e+00 1.000000000000e+00 -0.000000000000e+00
   outer loop
     vertex 2.195000000000e+01 -5.708917000000e+00 0.000000000000e+00
     vertex 2.145000000000e+01 -5.708917000000e+00 9.100000000000e-01
     vertex 2.195000000000e+01 -5.708917000000e+00 9.100000000000e-01
   endloop
 endfacet
 facet normal 1.305265152620e-01 9.914448188445e-01 0.000000000000e+00
   outer loop
     vertex 2.202764570213e+01 -5.719139276350e+00 0.000000000000e+00
     vertex 2.195000000000e+01 -5.708917000000e+00 0.000000000000e+00
     vertex 2.195000000000e+01 -5.708917000000e+00 9.100000000000e-01
   endloop
 endfacet
 facet normal 1.305265152620e-01 9.914448188445e-01 -0.000000000000e+00
   outer loop
     vertex 2.202764570213e+01 -5.719139276350e+00 0.000000000000e+00
     vertex 2.195000000000e+01 -5.708917000000e+00 9.100000000000e-01
     vertex 2.202764570213e+01 -5.719139276350e+00 9.100000000000e-01
   endloop
 endfacet
 facet normal 3.826836129814e-01 9.238794576975e-01 -0.000000000000e+00
   outer loop
     vertex 2.209999997521e+01 -5.749109414129e+00 0.000000000000e+00
     vertex 2.202764570213e+01 -5.719139276350e+00 9.100000000000e-01
     vertex 2.209999997521e+01 -5.749109414129e+00 9.100000000000e-01
   endloop
 endfacet
 facet normal 3.826836129814e-01 9.238794576975e-01 0.000000000000e+00
   outer loop
     vertex 2.209999997521e+01 -5.749109414129e+00 0.000000000000e+00
     vertex 2.202764570213e+01 -5.719139276350e+00 0.000000000000e+00
     vertex 2.202764570213e+01 -5.719139276350e+00 9.100000000000e-01
   endloop
 endfacet
 facet normal 6.087614807083e-01 7.933533006208e-01 -0.000000000000e+00
   outer loop
     vertex 2.216213200000e+01 -5.796785000000e+00 0.000000000000e+00
     vertex 2.209999997521e+01 -5.749109414129e+00 9.100000000000e-01
     vertex 2.216213200000e+01 -5.796785000000e+00 9.100000000000e-01
   endloop
 endfacet
 facet normal 6.087614807083e-01 7.933533006208e-01 0.000000000000e+00
   outer loop
     vertex 2.216213200000e+01 -5.796785000000e+00 0.000000000000e+00
     vertex 2.209999997521e+01 -5.749109414129e+00 0.000000000000e+00
     vertex 2.209999997521e+01 -5.749109414129e+00 9.100000000000e-01
   endloop
 endfacet
 facet normal 7.933533006208e-01 6.087614807083e-01 -0.000000000000e+00
   outer loop
     vertex 2.220980758587e+01 -5.858917024788e+00 0.000000000000e+00
     vertex 2.216213200000e+01 -5.796785000000e+00 9.100000000000e-01
     vertex 2.220980758587e+01 -5.858917024788e+00 9.100000000000e-01
   endloop
 endfacet
 facet normal 7.933533006208e-01 6.087614807083e-01 0.000000000000e+00
   outer loop
     vertex 2.220980758587e+01 -5.858917024788e+00 0.000000000000e+00
     vertex 2.216213200000e+01 -5.796785000000e+00 0.000000000000e+00
     vertex 2.216213200000e+01 -5.796785000000e+00 9.100000000000e-01
   endloop
 endfacet
 facet normal 9.238794576975e-01 3.826836129814e-01 -0.000000000000e+00
   outer loop
     vertex 2.223977772365e+01 -5.931271297874e+00 0.000000000000e+00
     vertex 2.220980758587e+01 -5.858917024788e+00 9.100000000000e-01
     vertex 2.223977772365e+01 -5.931271297874e+00 9.100000000000e-01
   endloop
 endfacet
 facet normal 9.238794576975e-01 3.826836129814e-01 0.000000000000e+00
   outer loop
     vertex 2.223977772365e+01 -5.931271297874e+00 0.000000000000e+00
     vertex 2.220980758587e+01 -5.858917024788e+00 0.000000000000e+00
     vertex 2.220980758587e+01 -5.858917024788e+00 9.100000000000e-01
   endloop
 endfacet
 facet normal 9.914448188445e-01 1.305265152620e-01 -0.000000000000e+00
   outer loop
     vertex 2.225000000000e+01 -6.008917000000e+00 0.000000000000e+00
     vertex 2.223977772365e+01 -5.931271297874e+00 9.100000000000e-01
     vertex 2.225000000000e+01 -6.008917000000e+00 9.100000000000e-01
   endloop
 endfacet
 facet normal 9.914448188445e-01 1.305265152620e-01 0.000000000000e+00
   outer loop
     vertex 2.225000000000e+01 -6.008917000000e+00 0.000000000000e+00
     vertex 2.223977772365e+01 -5.931271297874e+00 0.000000000000e+00
     vertex 2.223977772365e+01 -5.931271297874e+00 9.100000000000e-01
   endloop
 endfacet
 facet normal 1.000000000000e+00 0.000000000000e+00 0.000000000000e+00
   outer loop
     vertex 2.225000000000e+01 -1.430891700000e+01 0.000000000000e+00
     vertex 2.225000000000e+01 -6.008917000000e+00 0.000000000000e+00
     vertex 2.225000000000e+01 -6.008917000000e+00 9.100000000000e-01
   endloop
 endfacet
 facet normal 1.000000000000e+00 0.000000000000e+00 0.000000000000e+00
   outer loop
     vertex 2.225000000000e+01 -1.430891700000e+01 0.000000000000e+00
     vertex 2.225000000000e+01 -6.008917000000e+00 9.100000000000e-01
     vertex 2.225000000000e+01 -1.430891700000e+01 9.100000000000e-01
   endloop
 endfacet
 facet normal 9.937122220151e-01 -1.119643685186e-01 0.000000000000e+00
   outer loop
     vertex 2.197420728967e+01 -1.675664738620e+01 0.000000000000e+00
     vertex 2.225000000000e+01 -1.430891700000e+01 0.000000000000e+00
     vertex 2.225000000000e+01 -1.430891700000e+01 9.100000000000e-01
   endloop
 endfacet
 facet normal 9.937122220151e-01 -1.119643685186e-01 0.000000000000e+00
   outer loop
     vertex 2.197420728967e+01 -1.675664738620e+01 0.000000000000e+00
     vertex 2.225000000000e+01 -1.430891700000e+01 9.100000000000e-01
     vertex 2.197420728967e+01 -1.675664738620e+01 9.100000000000e-01
   endloop
 endfacet
 facet normal 9.438833541469e-01 -3.302789938285e-01 0.000000000000e+00
   outer loop
     vertex 2.116065794288e+01 -1.908163838037e+01 0.000000000000e+00
     vertex 2.197420728967e+01 -1.675664738620e+01 9.100000000000e-01
     vertex 2.116065794288e+01 -1.908163838037e+01 9.100000000000e-01
   endloop
 endfacet
 facet normal 9.438833541469e-01 -3.302789938285e-01 0.000000000000e+00
   outer loop
     vertex 2.116065794288e+01 -1.908163838037e+01 0.000000000000e+00
     vertex 2.197420728967e+01 -1.675664738620e+01 0.000000000000e+00
     vertex 2.197420728967e+01 -1.675664738620e+01 9.100000000000e-01
   endloop
 endfacet
 facet normal 8.467242184285e-01 -5.320320459583e-01 0.000000000000e+00
   outer loop
     vertex 1.985014673403e+01 -2.116730518839e+01 0.000000000000e+00
     vertex 2.116065794288e+01 -1.908163838037e+01 9.100000000000e-01
     vertex 1.985014673403e+01 -2.116730518839e+01 9.100000000000e-01
   endloop
 endfacet
 facet normal 8.467242184285e-01 -5.320320459583e-01 0.000000000000e+00
   outer loop
     vertex 1.985014673403e+01 -2.116730518839e+01 0.000000000000e+00
     vertex 2.116065794288e+01 -1.908163838037e+01 0.000000000000e+00
     vertex 2.116065794288e+01 -1.908163838037e+01 9.100000000000e-01
   endloop
 endfacet
 facet normal 7.071067811865e-01 -7.071067811865e-01 0.000000000000e+00
   outer loop
     vertex 1.810838818839e+01 -2.290906373403e+01 0.000000000000e+00
     vertex 1.985014673403e+01 -2.116730518839e+01 9.100000000000e-01
     vertex 1.810838818839e+01 -2.290906373403e+01 9.100000000000e-01
   endloop
 endfacet
 facet normal 7.071067811865e-01 -7.071067811865e-01 0.000000000000e+00
   outer loop
     vertex 1.810838818839e+01 -2.290906373403e+01 0.000000000000e+00
     vertex 1.985014673403e+01 -2.116730518839e+01 0.000000000000e+00
     vertex 1.985014673403e+01 -2.116730518839e+01 9.100000000000e-01
   endloop
 endfacet
 facet normal 5.320320459583e-01 -8.467242184285e-01 0.000000000000e+00
   outer loop
     vertex 1.602272138037e+01 -2.421957494288e+01 0.000000000000e+00
     vertex 1.810838818839e+01 -2.290906373403e+01 9.100000000000e-01
     vertex 1.602272138037e+01 -2.421957494288e+01 9.100000000000e-01
   endloop
 endfacet
 facet normal 5.320320459583e-01 -8.467242184285e-01 0.000000000000e+00
   outer loop
     vertex 1.602272138037e+01 -2.421957494288e+01 0.000000000000e+00
     vertex 1.810838818839e+01 -2.290906373403e+01 0.000000000000e+00
     vertex 1.810838818839e+01 -2.290906373403e+01 9.100000000000e-01
   endloop
 endfacet
 facet normal 3.302789938285e-01 -9.438833541469e-01 0.000000000000e+00
   outer loop
     vertex 1.369773038620e+01 -2.503312428967e+01 0.000000000000e+00
     vertex 1.602272138037e+01 -2.421957494288e+01 9.100000000000e-01
     vertex 1.369773038620e+01 -2.503312428967e+01 9.100000000000e-01
   endloop
 endfacet
 facet normal 3.302789938285e-01 -9.438833541469e-01 0.000000000000e+00
   outer loop
     vertex 1.369773038620e+01 -2.503312428967e+01 0.000000000000e+00
     vertex 1.602272138037e+01 -2.421957494288e+01 0.000000000000e+00
     vertex 1.602272138037e+01 -2.421957494288e+01 9.100000000000e-01
   endloop
 endfacet
 facet normal 1.119643685186e-01 -9.937122220151e-01 0.000000000000e+00
   outer loop
     vertex 1.125000000000e+01 -2.530891700000e+01 0.000000000000e+00
     vertex 1.369773038620e+01 -2.503312428967e+01 9.100000000000e-01
     vertex 1.125000000000e+01 -2.530891700000e+01 9.100000000000e-01
   endloop
 endfacet
 facet normal 1.119643685186e-01 -9.937122220151e-01 0.000000000000e+00
   outer loop
     vertex 1.125000000000e+01 -2.530891700000e+01 0.000000000000e+00
     vertex 1.369773038620e+01 -2.503312428967e+01 0.000000000000e+00
     vertex 1.369773038620e+01 -2.503312428967e+01 9.100000000000e-01
   endloop
 endfacet
 facet normal 0.000000000000e+00 -1.000000000000e+00 0.000000000000e+00
   outer loop
     vertex -1.125000000000e+01 -2.530891700000e+01 0.000000000000e+00
     vertex 1.125000000000e+01 -2.530891700000e+01 0.000000000000e+00
     vertex 1.125000000000e+01 -2.530891700000e+01 9.100000000000e-01
   endloop
 endfacet
 facet normal 0.000000000000e+00 -1.000000000000e+00 0.000000000000e+00
   outer loop
     vertex -1.125000000000e+01 -2.530891700000e+01 0.000000000000e+00
     vertex 1.125000000000e+01 -2.530891700000e+01 9.100000000000e-01
     vertex -1.125000000000e+01 -2.530891700000e+01 9.100000000000e-01
   endloop
 endfacet
 facet normal -1.119643685186e-01 -9.937122220151e-01 0.000000000000e+00
   outer loop
     vertex -1.369773038620e+01 -2.503312428967e+01 0.000000000000e+00
     vertex -1.125000000000e+01 -2.530891700000e+01 0.000000000000e+00
     vertex -1.125000000000e+01 -2.530891700000e+01 9.100000000000e-01
   endloop
 endfacet
 facet normal -1.119643685186e-01 -9.937122220151e-01 0.000000000000e+00
   outer loop
     vertex -1.369773038620e+01 -2.503312428967e+01 0.000000000000e+00
     vertex -1.125000000000e+01 -2.530891700000e+01 9.100000000000e-01
     vertex -1.369773038620e+01 -2.503312428967e+01 9.100000000000e-01
   endloop
 endfacet
 facet normal -3.302789938285e-01 -9.438833541469e-01 0.000000000000e+00
   outer loop
     vertex -1.602272138037e+01 -2.421957494288e+01 0.000000000000e+00
     vertex -1.369773038620e+01 -2.503312428967e+01 9.100000000000e-01
     vertex -1.602272138037e+01 -2.421957494288e+01 9.100000000000e-01
   endloop
 endfacet
 facet normal -3.302789938285e-01 -9.438833541469e-01 0.000000000000e+00
   outer loop
     vertex -1.602272138037e+01 -2.421957494288e+01 0.000000000000e+00
     vertex -1.369773038620e+01 -2.503312428967e+01 0.000000000000e+00
     vertex -1.369773038620e+01 -2.503312428967e+01 9.100000000000e-01
   endloop
 endfacet
 facet normal -5.320320459583e-01 -8.467242184285e-01 0.000000000000e+00
   outer loop
     vertex -1.810838818839e+01 -2.290906373403e+01 0.000000000000e+00
     vertex -1.602272138037e+01 -2.421957494288e+01 9.100000000000e-01
     vertex -1.810838818839e+01 -2.290906373403e+01 9.100000000000e-01
   endloop
 endfacet
 facet normal -5.320320459583e-01 -8.467242184285e-01 0.000000000000e+00
   outer loop
     vertex -1.810838818839e+01 -2.290906373403e+01 0.000000000000e+00
     vertex -1.602272138037e+01 -2.421957494288e+01 0.000000000000e+00
     vertex -1.602272138037e+01 -2.421957494288e+01 9.100000000000e-01
   endloop
 endfacet
 facet normal -7.071067811865e-01 -7.071067811865e-01 0.000000000000e+00
   outer loop
     vertex -1.985014673403e+01 -2.116730518839e+01 0.000000000000e+00
     vertex -1.810838818839e+01 -2.290906373403e+01 9.100000000000e-01
     vertex -1.985014673403e+01 -2.116730518839e+01 9.100000000000e-01
   endloop
 endfacet
 facet normal -7.071067811865e-01 -7.071067811865e-01 0.000000000000e+00
   outer loop
     vertex -1.985014673403e+01 -2.116730518839e+01 0.000000000000e+00
     vertex -1.810838818839e+01 -2.290906373403e+01 0.000000000000e+00
     vertex -1.810838818839e+01 -2.290906373403e+01 9.100000000000e-01
   endloop
 endfacet
 facet normal -8.467242184285e-01 -5.320320459583e-01 0.000000000000e+00
   outer loop
     vertex -2.116065794288e+01 -1.908163838037e+01 0.000000000000e+00
     vertex -1.985014673403e+01 -2.116730518839e+01 9.100000000000e-01
     vertex -2.116065794288e+01 -1.908163838037e+01 9.100000000000e-01
   endloop
 endfacet
 facet normal -8.467242184285e-01 -5.320320459583e-01 0.000000000000e+00
   outer loop
     vertex -2.116065794288e+01 -1.908163838037e+01 0.000000000000e+00
     vertex -1.985014673403e+01 -2.116730518839e+01 0.000000000000e+00
     vertex -1.985014673403e+01 -2.116730518839e+01 9.100000000000e-01
   endloop
 endfacet
 facet normal -9.438833541469e-01 -3.302789938285e-01 0.000000000000e+00
   outer loop
     vertex -2.197420728967e+01 -1.675664738620e+01 0.000000000000e+00
     vertex -2.116065794288e+01 -1.908163838037e+01 9.100000000000e-01
     vertex -2.197420728967e+01 -1.675664738620e+01 9.100000000000e-01
   endloop
 endfacet
 facet normal -9.438833541469e-01 -3.302789938285e-01 0.000000000000e+00
   outer loop
     vertex -2.197420728967e+01 -1.675664738620e+01 0.000000000000e+00
     vertex -2.116065794288e+01 -1.908163838037e+01 0.000000000000e+00
     vertex -2.116065794288e+01 -1.908163838037e+01 9.100000000000e-01
   endloop
 endfacet
 facet normal -9.937122220151e-01 -1.119643685186e-01 0.000000000000e+00
   outer loop
     vertex -2.225000000000e+01 -1.430891700000e+01 0.000000000000e+00
     vertex -2.197420728967e+01 -1.675664738620e+01 9.100000000000e-01
     vertex -2.225000000000e+01 -1.430891700000e+01 9.100000000000e-01
   endloop
 endfacet
 facet normal -9.937122220151e-01 -1.119643685186e-01 0.000000000000e+00
   outer loop
     vertex -2.225000000000e+01 -1.430891700000e+01 0.000000000000e+00
     vertex -2.197420728967e+01 -1.675664738620e+01 0.000000000000e+00
     vertex -2.197420728967e+01 -1.675664738620e+01 9.100000000000e-01
   endloop
 endfacet
 facet normal -1.000000000000e+00 0.000000000000e+00 0.000000000000e+00
   outer loop
     vertex -2.225000000000e+01 -1.008917000000e+00 0.000000000000e+00
     vertex -2.225000000000e+01 -1.430891700000e+01 0.000000000000e+00
     vertex -2.225000000000e+01 -1.430891700000e+01 9.100000000000e-01
   endloop
 endfacet
 facet normal -1.000000000000e+00 0.000000000000e+00 0.000000000000e+00
   outer loop
     vertex -2.225000000000e+01 -1.008917000000e+00 0.000000000000e+00
     vertex -2.225000000000e+01 -1.430891700000e+01 9.100000000000e-01
     vertex -2.225000000000e+01 -1.008917000000e+00 9.100000000000e-01
   endloop
 endfacet
 facet normal -9.937122220151e-01 1.119643685186e-01 0.000000000000e+00
   outer loop
     vertex -2.197420728967e+01 1.438813386203e+00 0.000000000000e+00
     vertex -2.225000000000e+01 -1.008917000000e+00 0.000000000000e+00
     vertex -2.225000000000e+01 -1.008917000000e+00 9.100000000000e-01
   endloop
 endfacet
 facet normal -9.937122220151e-01 1.119643685186e-01 0.000000000000e+00
   outer loop
     vertex -2.197420728967e+01 1.438813386203e+00 0.000000000000e+00
     vertex -2.225000000000e+01 -1.008917000000e+00 9.100000000000e-01
     vertex -2.197420728967e+01 1.438813386203e+00 9.100000000000e-01
   endloop
 endfacet
 facet normal -9.438833541469e-01 3.302789938285e-01 0.000000000000e+00
   outer loop
     vertex -2.116065794288e+01 3.763804380368e+00 0.000000000000e+00
     vertex -2.197420728967e+01 1.438813386203e+00 9.100000000000e-01
     vertex -2.116065794288e+01 3.763804380368e+00 9.100000000000e-01
   endloop
 endfacet
 facet normal -9.438833541469e-01 3.302789938285e-01 0.000000000000e+00
   outer loop
     vertex -2.116065794288e+01 3.763804380368e+00 0.000000000000e+00
     vertex -2.197420728967e+01 1.438813386203e+00 0.000000000000e+00
     vertex -2.197420728967e+01 1.438813386203e+00 9.100000000000e-01
   endloop
 endfacet
 facet normal -8.467242184285e-01 5.320320459583e-01 0.000000000000e+00
   outer loop
     vertex -1.985014673403e+01 5.849471188389e+00 0.000000000000e+00
     vertex -2.116065794288e+01 3.763804380368e+00 9.100000000000e-01
     vertex -1.985014673403e+01 5.849471188389e+00 9.100000000000e-01
   endloop
 endfacet
 facet normal -8.467242184285e-01 5.320320459583e-01 0.000000000000e+00
   outer loop
     vertex -1.985014673403e+01 5.849471188389e+00 0.000000000000e+00
     vertex -2.116065794288e+01 3.763804380368e+00 0.000000000000e+00
     vertex -2.116065794288e+01 3.763804380368e+00 9.100000000000e-01
   endloop
 endfacet
 facet normal -7.071067811865e-01 7.071067811865e-01 0.000000000000e+00
   outer loop
     vertex -1.810838818839e+01 7.591229734028e+00 0.000000000000e+00
     vertex -1.985014673403e+01 5.849471188389e+00 9.100000000000e-01
     vertex -1.810838818839e+01 7.591229734028e+00 9.100000000000e-01
   endloop
 endfacet
 facet normal -7.071067811865e-01 7.071067811865e-01 0.000000000000e+00
   outer loop
     vertex -1.810838818839e+01 7.591229734028e+00 0.000000000000e+00
     vertex -1.985014673403e+01 5.849471188389e+00 0.000000000000e+00
     vertex -1.985014673403e+01 5.849471188389e+00 9.100000000000e-01
   endloop
 endfacet
 facet normal -5.320320459583e-01 8.467242184285e-01 0.000000000000e+00
   outer loop
     vertex -1.602272138037e+01 8.901740942882e+00 0.000000000000e+00
     vertex -1.810838818839e+01 7.591229734028e+00 9.100000000000e-01
     vertex -1.602272138037e+01 8.901740942882e+00 9.100000000000e-01
   endloop
 endfacet
 facet normal -5.320320459583e-01 8.467242184285e-01 0.000000000000e+00
   outer loop
     vertex -1.602272138037e+01 8.901740942882e+00 0.000000000000e+00
     vertex -1.810838818839e+01 7.591229734028e+00 0.000000000000e+00
     vertex -1.810838818839e+01 7.591229734028e+00 9.100000000000e-01
   endloop
 endfacet
 facet normal -3.302789938285e-01 9.438833541469e-01 0.000000000000e+00
   outer loop
     vertex -1.369773038620e+01 9.715290289673e+00 0.000000000000e+00
     vertex -1.602272138037e+01 8.901740942882e+00 9.100000000000e-01
     vertex -1.369773038620e+01 9.715290289673e+00 9.100000000000e-01
   endloop
 endfacet
 facet normal -3.302789938285e-01 9.438833541469e-01 0.000000000000e+00
   outer loop
     vertex -1.369773038620e+01 9.715290289673e+00 0.000000000000e+00
     vertex -1.602272138037e+01 8.901740942882e+00 0.000000000000e+00
     vertex -1.602272138037e+01 8.901740942882e+00 9.100000000000e-01
   endloop
 endfacet
 facet normal -1.119643685186e-01 9.937122220151e-01 0.000000000000e+00
   outer loop
     vertex -1.125000000000e+01 9.991083000000e+00 0.000000000000e+00
     vertex -1.369773038620e+01 9.715290289673e+00 9.100000000000e-01
     vertex -1.125000000000e+01 9.991083000000e+00 9.100000000000e-01
   endloop
 endfacet
 facet normal -1.119643685186e-01 9.937122220151e-01 0.000000000000e+00
   outer loop
     vertex -1.125000000000e+01 9.991083000000e+00 0.000000000000e+00
     vertex -1.369773038620e+01 9.715290289673e+00 0.000000000000e+00
     vertex -1.369773038620e+01 9.715290289673e+00 9.100000000000e-01
   endloop
 endfacet
 facet normal 2.691449756667e-16 1.000000000000e+00 0.000000000000e+00
   outer loop
     vertex -4.650000000000e+00 9.991083000000e+00 0.000000000000e+00
     vertex -1.125000000000e+01 9.991083000000e+00 0.000000000000e+00
     vertex -1.125000000000e+01 9.991083000000e+00 9.100000000000e-01
   endloop
 endfacet
 facet normal 2.691449756667e-16 1.000000000000e+00 -0.000000000000e+00
   outer loop
     vertex -4.650000000000e+00 9.991083000000e+00 0.000000000000e+00
     vertex -1.125000000000e+01 9.991083000000e+00 9.100000000000e-01
     vertex -4.650000000000e+00 9.991083000000e+00 9.100000000000e-01
   endloop
 endfacet
 facet normal -1.597952577958e-03 9.999987232730e-01 0.000000000000e+00
   outer loop
     vertex -4.628097000000e+00 9.991118000000e+00 0.000000000000e+00
     vertex -4.650000000000e+00 9.991083000000e+00 0.000000000000e+00
     vertex -4.650000000000e+00 9.991083000000e+00 9.100000000000e-01
   endloop
 endfacet
 facet normal -1.597952577958e-03 9.999987232730e-01 0.000000000000e+00
   outer loop
     vertex -4.628097000000e+00 9.991118000000e+00 0.000000000000e+00
     vertex -4.650000000000e+00 9.991083000000e+00 9.100000000000e-01
     vertex -4.628097000000e+00 9.991118000000e+00 9.100000000000e-01
   endloop
 endfacet
 facet normal -3.043538356415e-02 9.995367364071e-01 0.000000000000e+00
   outer loop
     vertex -4.283395000000e+00 1.000161400000e+01 0.000000000000e+00
     vertex -4.628097000000e+00 9.991118000000e+00 0.000000000000e+00
     vertex -4.628097000000e+00 9.991118000000e+00 9.100000000000e-01
   endloop
 endfacet
 facet normal -3.043538356415e-02 9.995367364071e-01 0.000000000000e+00
   outer loop
     vertex -4.283395000000e+00 1.000161400000e+01 0.000000000000e+00
     vertex -4.628097000000e+00 9.991118000000e+00 9.100000000000e-01
     vertex -4.283395000000e+00 1.000161400000e+01 9.100000000000e-01
   endloop
 endfacet
 facet normal -8.967396335364e-02 9.959711744305e-01 0.000000000000e+00
   outer loop
     vertex -3.969001000000e+00 1.002992100000e+01 0.000000000000e+00
     vertex -4.283395000000e+00 1.000161400000e+01 0.000000000000e+00
     vertex -4.283395000000e+00 1.000161400000e+01 9.100000000000e-01
   endloop
 endfacet
 facet normal -8.967396335364e-02 9.959711744305e-01 0.000000000000e+00
   outer loop
     vertex -3.969001000000e+00 1.002992100000e+01 0.000000000000e+00
     vertex -4.283395000000e+00 1.000161400000e+01 9.100000000000e-01
     vertex -3.969001000000e+00 1.002992100000e+01 9.100000000000e-01
   endloop
 endfacet
 facet normal -1.888095001831e-01 9.820137334277e-01 0.000000000000e+00
   outer loop
     vertex -3.438423000000e+00 1.013193400000e+01 0.000000000000e+00
     vertex -3.969001000000e+00 1.002992100000e+01 0.000000000000e+00
     vertex -3.969001000000e+00 1.002992100000e+01 9.100000000000e-01
   endloop
 endfacet
 facet normal -1.888095001831e-01 9.820137334277e-01 0.000000000000e+00
   outer loop
     vertex -3.438423000000e+00 1.013193400000e+01 0.000000000000e+00
     vertex -3.969001000000e+00 1.002992100000e+01 9.100000000000e-01
     vertex -3.438423000000e+00 1.013193400000e+01 9.100000000000e-01
   endloop
 endfacet
 facet normal -3.031299686145e-01 9.529492232684e-01 0.000000000000e+00
   outer loop
     vertex -3.217968000000e+00 1.020206000000e+01 0.000000000000e+00
     vertex -3.438423000000e+00 1.013193400000e+01 0.000000000000e+00
     vertex -3.438423000000e+00 1.013193400000e+01 9.100000000000e-01
   endloop
 endfacet
 facet normal -3.031299686145e-01 9.529492232684e-01 0.000000000000e+00
   outer loop
     vertex -3.217968000000e+00 1.020206000000e+01 0.000000000000e+00
     vertex -3.438423000000e+00 1.013193400000e+01 9.100000000000e-01
     vertex -3.217968000000e+00 1.020206000000e+01 9.100000000000e-01
   endloop
 endfacet
 facet normal -3.862151087978e-01 9.224087433108e-01 0.000000000000e+00
   outer loop
     vertex -3.022457000000e+00 1.028392100000e+01 0.000000000000e+00
     vertex -3.217968000000e+00 1.020206000000e+01 0.000000000000e+00
     vertex -3.217968000000e+00 1.020206000000e+01 9.100000000000e-01
   endloop
 endfacet
 facet normal -3.862151087978e-01 9.224087433108e-01 0.000000000000e+00
   outer loop
     vertex -3.022457000000e+00 1.028392100000e+01 0.000000000000e+00
     vertex -3.217968000000e+00 1.020206000000e+01 9.100000000000e-01
     vertex -3.022457000000e+00 1.028392100000e+01 9.100000000000e-01
   endloop
 endfacet
 facet normal -4.743829578532e-01 8.803185839788e-01 0.000000000000e+00
   outer loop
     vertex -2.853563000000e+00 1.037493400000e+01 0.000000000000e+00
     vertex -3.022457000000e+00 1.028392100000e+01 0.000000000000e+00
     vertex -3.022457000000e+00 1.028392100000e+01 9.100000000000e-01
   endloop
 endfacet
 facet normal -4.743829578532e-01 8.803185839788e-01 0.000000000000e+00
   outer loop
     vertex -2.853563000000e+00 1.037493400000e+01 0.000000000000e+00
     vertex -3.022457000000e+00 1.028392100000e+01 9.100000000000e-01
     vertex -2.853563000000e+00 1.037493400000e+01 9.100000000000e-01
   endloop
 endfacet
 facet normal -5.658076536949e-01 8.245372635729e-01 0.000000000000e+00
   outer loop
     vertex -2.707512000000e+00 1.047515600000e+01 0.000000000000e+00
     vertex -2.853563000000e+00 1.037493400000e+01 0.000000000000e+00
     vertex -2.853563000000e+00 1.037493400000e+01 9.100000000000e-01
   endloop
 endfacet
 facet normal -5.658076536949e-01 8.245372635729e-01 0.000000000000e+00
   outer loop
     vertex -2.707512000000e+00 1.047515600000e+01 0.000000000000e+00
     vertex -2.853563000000e+00 1.037493400000e+01 9.100000000000e-01
     vertex -2.707512000000e+00 1.047515600000e+01 9.100000000000e-01
   endloop
 endfacet
 facet normal -6.582104271683e-01 7.528340013356e-01 0.000000000000e+00
   outer loop
     vertex -2.583930000000e+00 1.058320500000e+01 0.000000000000e+00
     vertex -2.707512000000e+00 1.047515600000e+01 0.000000000000e+00
     vertex -2.707512000000e+00 1.047515600000e+01 9.100000000000e-01
   endloop
 endfacet
 facet normal -6.582104271683e-01 7.528340013356e-01 0.000000000000e+00
   outer loop
     vertex -2.583930000000e+00 1.058320500000e+01 0.000000000000e+00
     vertex -2.707512000000e+00 1.047515600000e+01 9.100000000000e-01
     vertex -2.583930000000e+00 1.058320500000e+01 9.100000000000e-01
   endloop
 endfacet
 facet normal -7.476433743696e-01 6.641004327368e-01 0.000000000000e+00
   outer loop
     vertex -2.481727000000e+00 1.069826500000e+01 0.000000000000e+00
     vertex -2.583930000000e+00 1.058320500000e+01 0.000000000000e+00
     vertex -2.583930000000e+00 1.058320500000e+01 9.100000000000e-01
   endloop
 endfacet
 facet normal -7.476433743696e-01 6.641004327368e-01 0.000000000000e+00
   outer loop
     vertex -2.481727000000e+00 1.069826500000e+01 0.000000000000e+00
     vertex -2.583930000000e+00 1.058320500000e+01 9.100000000000e-01
     vertex -2.481727000000e+00 1.069826500000e+01 9.100000000000e-01
   endloop
 endfacet
 facet normal -8.300331533309e-01 5.577140525140e-01 0.000000000000e+00
   outer loop
     vertex -2.399067000000e+00 1.082128600000e+01 0.000000000000e+00
     vertex -2.481727000000e+00 1.069826500000e+01 0.000000000000e+00
     vertex -2.481727000000e+00 1.069826500000e+01 9.100000000000e-01
   endloop
 endfacet
 facet normal -8.300331533309e-01 5.577140525140e-01 0.000000000000e+00
   outer loop
     vertex -2.399067000000e+00 1.082128600000e+01 0.000000000000e+00
     vertex -2.481727000000e+00 1.069826500000e+01 9.100000000000e-01
     vertex -2.399067000000e+00 1.082128600000e+01 9.100000000000e-01
   endloop
 endfacet
 facet normal -9.000904179537e-01 4.357031552650e-01 0.000000000000e+00
   outer loop
     vertex -2.337093000000e+00 1.094931400000e+01 0.000000000000e+00
     vertex -2.399067000000e+00 1.082128600000e+01 0.000000000000e+00
     vertex -2.399067000000e+00 1.082128600000e+01 9.100000000000e-01
   endloop
 endfacet
 facet normal -9.000904179537e-01 4.357031552650e-01 0.000000000000e+00
   outer loop
     vertex -2.337093000000e+00 1.094931400000e+01 0.000000000000e+00
     vertex -2.399067000000e+00 1.082128600000e+01 9.100000000000e-01
     vertex -2.337093000000e+00 1.094931400000e+01 9.100000000000e-01
   endloop
 endfacet
 facet normal -9.536820053024e-01 3.008166098511e-01 0.000000000000e+00
   outer loop
     vertex -2.293913000000e+00 1.108620800000e+01 0.000000000000e+00
     vertex -2.337093000000e+00 1.094931400000e+01 0.000000000000e+00
     vertex -2.337093000000e+00 1.094931400000e+01 9.100000000000e-01
   endloop
 endfacet
 facet normal -9.536820053024e-01 3.008166098511e-01 0.000000000000e+00
   outer loop
     vertex -2.293913000000e+00 1.108620800000e+01 0.000000000000e+00
     vertex -2.337093000000e+00 1.094931400000e+01 9.100000000000e-01
     vertex -2.293913000000e+00 1.108620800000e+01 9.100000000000e-01
   endloop
 endfacet
 facet normal -9.873371270462e-01 1.586360537712e-01 0.000000000000e+00
   outer loop
     vertex -2.271449000000e+00 1.122602200000e+01 0.000000000000e+00
     vertex -2.293913000000e+00 1.108620800000e+01 0.000000000000e+00
     vertex -2.293913000000e+00 1.108620800000e+01 9.100000000000e-01
   endloop
 endfacet
 facet normal -9.873371270462e-01 1.586360537712e-01 0.000000000000e+00
   outer loop
     vertex -2.271449000000e+00 1.122602200000e+01 0.000000000000e+00
     vertex -2.293913000000e+00 1.108620800000e+01 9.100000000000e-01
     vertex -2.271449000000e+00 1.122602200000e+01 9.100000000000e-01
   endloop
 endfacet
 facet normal -9.998955848727e-01 1.445058310496e-02 0.000000000000e+00
   outer loop
     vertex -2.269301000000e+00 1.137465100000e+01 0.000000000000e+00
     vertex -2.271449000000e+00 1.122602200000e+01 0.000000000000e+00
     vertex -2.271449000000e+00 1.122602200000e+01 9.100000000000e-01
   endloop
 endfacet
 facet normal -9.998955848727e-01 1.445058310496e-02 0.000000000000e+00
   outer loop
     vertex -2.269301000000e+00 1.137465100000e+01 0.000000000000e+00
     vertex -2.271449000000e+00 1.122602200000e+01 9.100000000000e-01
     vertex -2.269301000000e+00 1.137465100000e+01 9.100000000000e-01
   endloop
 endfacet
 facet normal -9.920240725229e-01 -1.260485602263e-01 0.000000000000e+00
   outer loop
     vertex -2.288234000000e+00 1.152365700000e+01 0.000000000000e+00
     vertex -2.269301000000e+00 1.137465100000e+01 0.000000000000e+00
     vertex -2.269301000000e+00 1.137465100000e+01 9.100000000000e-01
   endloop
 endfacet
 facet normal -9.920240725229e-01 -1.260485602263e-01 0.000000000000e+00
   outer loop
     vertex -2.288234000000e+00 1.152365700000e+01 0.000000000000e+00
     vertex -2.269301000000e+00 1.137465100000e+01 9.100000000000e-01
     vertex -2.288234000000e+00 1.152365700000e+01 9.100000000000e-01
   endloop
 endfacet
 facet normal -9.660243441964e-01 -2.584510909631e-01 0.000000000000e+00
   outer loop
     vertex -2.329667000000e+00 1.167852300000e+01 0.000000000000e+00
     vertex -2.288234000000e+00 1.152365700000e+01 0.000000000000e+00
     vertex -2.288234000000e+00 1.152365700000e+01 9.100000000000e-01
   endloop
 endfacet
 facet normal -9.660243441964e-01 -2.584510909631e-01 0.000000000000e+00
   outer loop
     vertex -2.329667000000e+00 1.167852300000e+01 0.000000000000e+00
     vertex -2.288234000000e+00 1.152365700000e+01 9.100000000000e-01
     vertex -2.329667000000e+00 1.167852300000e+01 9.100000000000e-01
   endloop
 endfacet
 facet normal -9.248565441542e-01 -3.803161484017e-01 0.000000000000e+00
   outer loop
     vertex -2.392176000000e+00 1.183053300000e+01 0.000000000000e+00
     vertex -2.329667000000e+00 1.167852300000e+01 0.000000000000e+00
     vertex -2.329667000000e+00 1.167852300000e+01 9.100000000000e-01
   endloop
 endfacet
 facet normal -9.248565441542e-01 -3.803161484017e-01 0.000000000000e+00
   outer loop
     vertex -2.392176000000e+00 1.183053300000e+01 0.000000000000e+00
     vertex -2.329667000000e+00 1.167852300000e+01 9.100000000000e-01
     vertex -2.392176000000e+00 1.183053300000e+01 9.100000000000e-01
   endloop
 endfacet
 facet normal -8.718171078670e-01 -4.898315327032e-01 0.000000000000e+00
   outer loop
     vertex -2.477374000000e+00 1.198217100000e+01 0.000000000000e+00
     vertex -2.392176000000e+00 1.183053300000e+01 0.000000000000e+00
     vertex -2.392176000000e+00 1.183053300000e+01 9.100000000000e-01
   endloop
 endfacet
 facet normal -8.718171078670e-01 -4.898315327032e-01 0.000000000000e+00
   outer loop
     vertex -2.477374000000e+00 1.198217100000e+01 0.000000000000e+00
     vertex -2.392176000000e+00 1.183053300000e+01 9.100000000000e-01
     vertex -2.477374000000e+00 1.198217100000e+01 9.100000000000e-01
   endloop
 endfacet
 facet normal -8.092999190883e-01 -5.873956426155e-01 0.000000000000e+00
   outer loop
     vertex -2.582632000000e+00 1.212719300000e+01 0.000000000000e+00
     vertex -2.477374000000e+00 1.198217100000e+01 0.000000000000e+00
     vertex -2.477374000000e+00 1.198217100000e+01 9.100000000000e-01
   endloop
 endfacet
 facet normal -8.092999190883e-01 -5.873956426155e-01 0.000000000000e+00
   outer loop
     vertex -2.582632000000e+00 1.212719300000e+01 0.000000000000e+00
     vertex -2.477374000000e+00 1.198217100000e+01 9.100000000000e-01
     vertex -2.582632000000e+00 1.212719300000e+01 9.100000000000e-01
   endloop
 endfacet
 facet normal -1.305261922201e-01 9.914448613738e-01 0.000000000000e+00
   outer loop
     vertex -1.669470857294e+01 -1.858847249577e+01 0.000000000000e+00
     vertex -1.685000000000e+01 -1.860891700000e+01 0.000000000000e+00
     vertex -1.685000000000e+01 -1.860891700000e+01 9.100000000000e-01
   endloop
 endfacet
 facet normal -1.305261922201e-01 9.914448613738e-01 0.000000000000e+00
   outer loop
     vertex -1.669470857294e+01 -1.858847249577e+01 0.000000000000e+00
     vertex -1.685000000000e+01 -1.860891700000e+01 9.100000000000e-01
     vertex -1.669470857294e+01 -1.858847249577e+01 9.100000000000e-01
   endloop
 endfacet
 facet normal -3.826834323651e-01 9.238795325113e-01 0.000000000000e+00
   outer loop
     vertex -1.655000000000e+01 -1.852853224227e+01 0.000000000000e+00
     vertex -1.669470857294e+01 -1.858847249577e+01 9.100000000000e-01
     vertex -1.655000000000e+01 -1.852853224227e+01 9.100000000000e-01
   endloop
 endfacet
 facet normal -3.826834323651e-01 9.238795325113e-01 0.000000000000e+00
   outer loop
     vertex -1.655000000000e+01 -1.852853224227e+01 0.000000000000e+00
     vertex -1.669470857294e+01 -1.858847249577e+01 0.000000000000e+00
     vertex -1.669470857294e+01 -1.858847249577e+01 9.100000000000e-01
   endloop
 endfacet
 facet normal -6.087614290087e-01 7.933533402912e-01 0.000000000000e+00
   outer loop
     vertex -1.642573593129e+01 -1.843318106871e+01 0.000000000000e+00
     vertex -1.655000000000e+01 -1.852853224227e+01 9.100000000000e-01
     vertex -1.642573593129e+01 -1.843318106871e+01 9.100000000000e-01
   endloop
 endfacet
 facet normal -6.087614290087e-01 7.933533402912e-01 0.000000000000e+00
   outer loop
     vertex -1.642573593129e+01 -1.843318106871e+01 0.000000000000e+00
     vertex -1.655000000000e+01 -1.852853224227e+01 0.000000000000e+00
     vertex -1.655000000000e+01 -1.852853224227e+01 9.100000000000e-01
   endloop
 endfacet
 facet normal -7.933533402912e-01 6.087614290087e-01 0.000000000000e+00
   outer loop
     vertex -1.633038475773e+01 -1.830891700000e+01 0.000000000000e+00
     vertex -1.642573593129e+01 -1.843318106871e+01 9.100000000000e-01
     vertex -1.633038475773e+01 -1.830891700000e+01 9.100000000000e-01
   endloop
 endfacet
 facet normal -7.933533402912e-01 6.087614290087e-01 0.000000000000e+00
   outer loop
     vertex -1.633038475773e+01 -1.830891700000e+01 0.000000000000e+00
     vertex -1.642573593129e+01 -1.843318106871e+01 0.000000000000e+00
     vertex -1.642573593129e+01 -1.843318106871e+01 9.100000000000e-01
   endloop
 endfacet
 facet normal -9.238795325113e-01 3.826834323651e-01 0.000000000000e+00
   outer loop
     vertex -1.627044450423e+01 -1.816420842706e+01 0.000000000000e+00
     vertex -1.633038475773e+01 -1.830891700000e+01 9.100000000000e-01
     vertex -1.627044450423e+01 -1.816420842706e+01 9.100000000000e-01
   endloop
 endfacet
 facet normal -9.238795325113e-01 3.826834323651e-01 0.000000000000e+00
   outer loop
     vertex -1.627044450423e+01 -1.816420842706e+01 0.000000000000e+00
     vertex -1.633038475773e+01 -1.830891700000e+01 0.000000000000e+00
     vertex -1.633038475773e+01 -1.830891700000e+01 9.100000000000e-01
   endloop
 endfacet
 facet normal -9.914448613738e-01 1.305261922201e-01 0.000000000000e+00
   outer loop
     vertex -1.625000000000e+01 -1.800891700000e+01 0.000000000000e+00
     vertex -1.627044450423e+01 -1.816420842706e+01 9.100000000000e-01
     vertex -1.625000000000e+01 -1.800891700000e+01 9.100000000000e-01
   endloop
 endfacet
 facet normal -9.914448613738e-01 1.305261922201e-01 0.000000000000e+00
   outer loop
     vertex -1.625000000000e+01 -1.800891700000e+01 0.000000000000e+00
     vertex -1.627044450423e+01 -1.816420842706e+01 0.000000000000e+00
     vertex -1.627044450423e+01 -1.816420842706e+01 9.100000000000e-01
   endloop
 endfacet
 facet normal -9.914448613738e-01 -1.305261922201e-01 0.000000000000e+00
   outer loop
     vertex -1.627044450423e+01 -1.785362557294e+01 0.000000000000e+00
     vertex -1.625000000000e+01 -1.800891700000e+01 9.100000000000e-01
     vertex -1.627044450423e+01 -1.785362557294e+01 9.100000000000e-01
   endloop
 endfacet
 facet normal -9.914448613738e-01 -1.305261922201e-01 0.000000000000e+00
   outer loop
     vertex -1.627044450423e+01 -1.785362557294e+01 0.000000000000e+00
     vertex -1.625000000000e+01 -1.800891700000e+01 0.000000000000e+00
     vertex -1.625000000000e+01 -1.800891700000e+01 9.100000000000e-01
   endloop
 endfacet
 facet normal -9.238795325113e-01 -3.826834323651e-01 0.000000000000e+00
   outer loop
     vertex -1.633038475773e+01 -1.770891700000e+01 0.000000000000e+00
     vertex -1.627044450423e+01 -1.785362557294e+01 9.100000000000e-01
     vertex -1.633038475773e+01 -1.770891700000e+01 9.100000000000e-01
   endloop
 endfacet
 facet normal -9.238795325113e-01 -3.826834323651e-01 0.000000000000e+00
   outer loop
     vertex -1.633038475773e+01 -1.770891700000e+01 0.000000000000e+00
     vertex -1.627044450423e+01 -1.785362557294e+01 0.000000000000e+00
     vertex -1.627044450423e+01 -1.785362557294e+01 9.100000000000e-01
   endloop
 endfacet
 facet normal -7.933533402912e-01 -6.087614290087e-01 0.000000000000e+00
   outer loop
     vertex -1.642573593129e+01 -1.758465293129e+01 0.000000000000e+00
     vertex -1.633038475773e+01 -1.770891700000e+01 9.100000000000e-01
     vertex -1.642573593129e+01 -1.758465293129e+01 9.100000000000e-01
   endloop
 endfacet
 facet normal -7.933533402912e-01 -6.087614290087e-01 0.000000000000e+00
   outer loop
     vertex -1.642573593129e+01 -1.758465293129e+01 0.000000000000e+00
     vertex -1.633038475773e+01 -1.770891700000e+01 0.000000000000e+00
     vertex -1.633038475773e+01 -1.770891700000e+01 9.100000000000e-01
   endloop
 endfacet
 facet normal -6.087614290087e-01 -7.933533402912e-01 0.000000000000e+00
   outer loop
     vertex -1.655000000000e+01 -1.748930175773e+01 0.000000000000e+00
     vertex -1.642573593129e+01 -1.758465293129e+01 9.100000000000e-01
     vertex -1.655000000000e+01 -1.748930175773e+01 9.100000000000e-01
   endloop
 endfacet
 facet normal -6.087614290087e-01 -7.933533402912e-01 0.000000000000e+00
   outer loop
     vertex -1.655000000000e+01 -1.748930175773e+01 0.000000000000e+00
     vertex -1.642573593129e+01 -1.758465293129e+01 0.000000000000e+00
     vertex -1.642573593129e+01 -1.758465293129e+01 9.100000000000e-01
   endloop
 endfacet
 facet normal -1.305261922201e-01 -9.914448613738e-01 0.000000000000e+00
   outer loop
     vertex -1.669470857294e+01 -1.742936150423e+01 0.000000000000e+00
     vertex -1.669470857294e+01 -1.742936150423e+01 9.100000000000e-01
     vertex -1.685000000000e+01 -1.740891700000e+01 9.100000000000e-01
   endloop
 endfacet
 facet normal -3.826834323651e-01 -9.238795325113e-01 0.000000000000e+00
   outer loop
     vertex -1.669470857294e+01 -1.742936150423e+01 0.000000000000e+00
     vertex -1.655000000000e+01 -1.748930175773e+01 9.100000000000e-01
     vertex -1.669470857294e+01 -1.742936150423e+01 9.100000000000e-01
   endloop
 endfacet
 facet normal -3.826834323651e-01 -9.238795325113e-01 0.000000000000e+00
   outer loop
     vertex -1.669470857294e+01 -1.742936150423e+01 0.000000000000e+00
     vertex -1.655000000000e+01 -1.748930175773e+01 0.000000000000e+00
     vertex -1.655000000000e+01 -1.748930175773e+01 9.100000000000e-01
   endloop
 endfacet
 facet normal -1.305261922201e-01 -9.914448613738e-01 0.000000000000e+00
   outer loop
     vertex -1.685000000000e+01 -1.740891700000e+01 0.000000000000e+00
     vertex -1.669470857294e+01 -1.742936150423e+01 0.000000000000e+00
     vertex -1.685000000000e+01 -1.740891700000e+01 9.100000000000e-01
   endloop
 endfacet
 facet normal 1.305261922201e-01 -9.914448613738e-01 0.000000000000e+00
   outer loop
     vertex -1.700529142706e+01 -1.742936150423e+01 0.000000000000e+00
     vertex -1.685000000000e+01 -1.740891700000e+01 0.000000000000e+00
     vertex -1.685000000000e+01 -1.740891700000e+01 9.100000000000e-01
   endloop
 endfacet
 facet normal 1.305261922201e-01 -9.914448613738e-01 0.000000000000e+00
   outer loop
     vertex -1.700529142706e+01 -1.742936150423e+01 0.000000000000e+00
     vertex -1.685000000000e+01 -1.740891700000e+01 9.100000000000e-01
     vertex -1.700529142706e+01 -1.742936150423e+01 9.100000000000e-01
   endloop
 endfacet
 facet normal 3.826834323651e-01 -9.238795325113e-01 0.000000000000e+00
   outer loop
     vertex -1.715000000000e+01 -1.748930175773e+01 0.000000000000e+00
     vertex -1.700529142706e+01 -1.742936150423e+01 0.000000000000e+00
     vertex -1.700529142706e+01 -1.742936150423e+01 9.100000000000e-01
   endloop
 endfacet
 facet normal 3.826834323651e-01 -9.238795325113e-01 0.000000000000e+00
   outer loop
     vertex -1.715000000000e+01 -1.748930175773e+01 0.000000000000e+00
     vertex -1.700529142706e+01 -1.742936150423e+01 9.100000000000e-01
     vertex -1.715000000000e+01 -1.748930175773e+01 9.100000000000e-01
   endloop
 endfacet
 facet normal 6.087614290087e-01 -7.933533402912e-01 0.000000000000e+00
   outer loop
     vertex -1.727426406871e+01 -1.758465293129e+01 0.000000000000e+00
     vertex -1.715000000000e+01 -1.748930175773e+01 0.000000000000e+00
     vertex -1.715000000000e+01 -1.748930175773e+01 9.100000000000e-01
   endloop
 endfacet
 facet normal 7.933533402912e-01 -6.087614290087e-01 0.000000000000e+00
   outer loop
     vertex -1.727426406871e+01 -1.758465293129e+01 0.000000000000e+00
     vertex -1.727426406871e+01 -1.758465293129e+01 9.100000000000e-01
     vertex -1.736961524227e+01 -1.770891700000e+01 9.100000000000e-01
   endloop
 endfacet
 facet normal 6.087614290087e-01 -7.933533402912e-01 0.000000000000e+00
   outer loop
     vertex -1.727426406871e+01 -1.758465293129e+01 0.000000000000e+00
     vertex -1.715000000000e+01 -1.748930175773e+01 9.100000000000e-01
     vertex -1.727426406871e+01 -1.758465293129e+01 9.100000000000e-01
   endloop
 endfacet
 facet normal 7.933533402912e-01 -6.087614290087e-01 0.000000000000e+00
   outer loop
     vertex -1.736961524227e+01 -1.770891700000e+01 0.000000000000e+00
     vertex -1.727426406871e+01 -1.758465293129e+01 0.000000000000e+00
     vertex -1.736961524227e+01 -1.770891700000e+01 9.100000000000e-01
   endloop
 endfacet
 facet normal 9.238795325113e-01 -3.826834323651e-01 0.000000000000e+00
   outer loop
     vertex -1.742955549577e+01 -1.785362557294e+01 0.000000000000e+00
     vertex -1.736961524227e+01 -1.770891700000e+01 0.000000000000e+00
     vertex -1.736961524227e+01 -1.770891700000e+01 9.100000000000e-01
   endloop
 endfacet
 facet normal 9.238795325113e-01 -3.826834323651e-01 0.000000000000e+00
   outer loop
     vertex -1.742955549577e+01 -1.785362557294e+01 0.000000000000e+00
     vertex -1.736961524227e+01 -1.770891700000e+01 9.100000000000e-01
     vertex -1.742955549577e+01 -1.785362557294e+01 9.100000000000e-01
   endloop
 endfacet
 facet normal 9.914448613738e-01 -1.305261922201e-01 0.000000000000e+00
   outer loop
     vertex -1.745000000000e+01 -1.800891700000e+01 0.000000000000e+00
     vertex -1.742955549577e+01 -1.785362557294e+01 0.000000000000e+00
     vertex -1.742955549577e+01 -1.785362557294e+01 9.100000000000e-01
   endloop
 endfacet
 facet normal 9.914448613738e-01 -1.305261922201e-01 0.000000000000e+00
   outer loop
     vertex -1.745000000000e+01 -1.800891700000e+01 0.000000000000e+00
     vertex -1.742955549577e+01 -1.785362557294e+01 9.100000000000e-01
     vertex -1.745000000000e+01 -1.800891700000e+01 9.100000000000e-01
   endloop
 endfacet
 facet normal 9.914448613738e-01 1.305261922201e-01 -0.000000000000e+00
   outer loop
     vertex -1.742955549577e+01 -1.816420842706e+01 0.000000000000e+00
     vertex -1.745000000000e+01 -1.800891700000e+01 9.100000000000e-01
     vertex -1.742955549577e+01 -1.816420842706e+01 9.100000000000e-01
   endloop
 endfacet
 facet normal 9.914448613738e-01 1.305261922201e-01 0.000000000000e+00
   outer loop
     vertex -1.742955549577e+01 -1.816420842706e+01 0.000000000000e+00
     vertex -1.745000000000e+01 -1.800891700000e+01 0.000000000000e+00
     vertex -1.745000000000e+01 -1.800891700000e+01 9.100000000000e-01
   endloop
 endfacet
 facet normal 9.238795325113e-01 3.826834323651e-01 -0.000000000000e+00
   outer loop
     vertex -1.736961524227e+01 -1.830891700000e+01 0.000000000000e+00
     vertex -1.742955549577e+01 -1.816420842706e+01 9.100000000000e-01
     vertex -1.736961524227e+01 -1.830891700000e+01 9.100000000000e-01
   endloop
 endfacet
 facet normal 9.238795325113e-01 3.826834323651e-01 0.000000000000e+00
   outer loop
     vertex -1.736961524227e+01 -1.830891700000e+01 0.000000000000e+00
     vertex -1.742955549577e+01 -1.816420842706e+01 0.000000000000e+00
     vertex -1.742955549577e+01 -1.816420842706e+01 9.100000000000e-01
   endloop
 endfacet
 facet normal 7.933533402912e-01 6.087614290087e-01 -0.000000000000e+00
   outer loop
     vertex -1.727426406871e+01 -1.843318106871e+01 0.000000000000e+00
     vertex -1.736961524227e+01 -1.830891700000e+01 9.100000000000e-01
     vertex -1.727426406871e+01 -1.843318106871e+01 9.100000000000e-01
   endloop
 endfacet
 facet normal 7.933533402912e-01 6.087614290087e-01 0.000000000000e+00
   outer loop
     vertex -1.727426406871e+01 -1.843318106871e+01 0.000000000000e+00
     vertex -1.736961524227e+01 -1.830891700000e+01 0.000000000000e+00
     vertex -1.736961524227e+01 -1.830891700000e+01 9.100000000000e-01
   endloop
 endfacet
 facet normal 6.087614290087e-01 7.933533402912e-01 -0.000000000000e+00
   outer loop
     vertex -1.715000000000e+01 -1.852853224227e+01 0.000000000000e+00
     vertex -1.727426406871e+01 -1.843318106871e+01 9.100000000000e-01
     vertex -1.715000000000e+01 -1.852853224227e+01 9.100000000000e-01
   endloop
 endfacet
 facet normal 6.087614290087e-01 7.933533402912e-01 0.000000000000e+00
   outer loop
     vertex -1.715000000000e+01 -1.852853224227e+01 0.000000000000e+00
     vertex -1.727426406871e+01 -1.843318106871e+01 0.000000000000e+00
     vertex -1.727426406871e+01 -1.843318106871e+01 9.100000000000e-01
   endloop
 endfacet
 facet normal 3.826834323651e-01 9.238795325113e-01 -0.000000000000e+00
   outer loop
     vertex -1.700529142706e+01 -1.858847249577e+01 0.000000000000e+00
     vertex -1.715000000000e+01 -1.852853224227e+01 9.100000000000e-01
     vertex -1.700529142706e+01 -1.858847249577e+01 9.100000000000e-01
   endloop
 endfacet
 facet normal 3.826834323651e-01 9.238795325113e-01 0.000000000000e+00
   outer loop
     vertex -1.700529142706e+01 -1.858847249577e+01 0.000000000000e+00
     vertex -1.715000000000e+01 -1.852853224227e+01 0.000000000000e+00
     vertex -1.715000000000e+01 -1.852853224227e+01 9.100000000000e-01
   endloop
 endfacet
 facet normal 1.305261922201e-01 9.914448613738e-01 -0.000000000000e+00
   outer loop
     vertex -1.685000000000e+01 -1.860891700000e+01 0.000000000000e+00
     vertex -1.700529142706e+01 -1.858847249577e+01 9.100000000000e-01
     vertex -1.685000000000e+01 -1.860891700000e+01 9.100000000000e-01
   endloop
 endfacet
 facet normal 1.305261922201e-01 9.914448613738e-01 0.000000000000e+00
   outer loop
     vertex -1.685000000000e+01 -1.860891700000e+01 0.000000000000e+00
     vertex -1.700529142706e+01 -1.858847249577e+01 0.000000000000e+00
     vertex -1.700529142706e+01 -1.858847249577e+01 9.100000000000e-01
   endloop
 endfacet
 facet normal -1.305261922200e-01 9.914448613738e-01 0.000000000000e+00
   outer loop
     vertex -8.694708572938e+00 -1.858847249577e+01 0.000000000000e+00
     vertex -8.850000000000e+00 -1.860891700000e+01 0.000000000000e+00
     vertex -8.850000000000e+00 -1.860891700000e+01 9.100000000000e-01
   endloop
 endfacet
 facet normal -1.305261922200e-01 9.914448613738e-01 0.000000000000e+00
   outer loop
     vertex -8.694708572938e+00 -1.858847249577e+01 0.000000000000e+00
     vertex -8.850000000000e+00 -1.860891700000e+01 9.100000000000e-01
     vertex -8.694708572938e+00 -1.858847249577e+01 9.100000000000e-01
   endloop
 endfacet
 facet normal -3.826834323651e-01 9.238795325113e-01 0.000000000000e+00
   outer loop
     vertex -8.550000000000e+00 -1.852853224227e+01 0.000000000000e+00
     vertex -8.694708572938e+00 -1.858847249577e+01 9.100000000000e-01
     vertex -8.550000000000e+00 -1.852853224227e+01 9.100000000000e-01
   endloop
 endfacet
 facet normal -3.826834323651e-01 9.238795325113e-01 0.000000000000e+00
   outer loop
     vertex -8.550000000000e+00 -1.852853224227e+01 0.000000000000e+00
     vertex -8.694708572938e+00 -1.858847249577e+01 0.000000000000e+00
     vertex -8.694708572938e+00 -1.858847249577e+01 9.100000000000e-01
   endloop
 endfacet
 facet normal -6.087614290087e-01 7.933533402912e-01 0.000000000000e+00
   outer loop
     vertex -8.425735931288e+00 -1.843318106871e+01 0.000000000000e+00
     vertex -8.550000000000e+00 -1.852853224227e+01 9.100000000000e-01
     vertex -8.425735931288e+00 -1.843318106871e+01 9.100000000000e-01
   endloop
 endfacet
 facet normal -6.087614290087e-01 7.933533402912e-01 0.000000000000e+00
   outer loop
     vertex -8.425735931288e+00 -1.843318106871e+01 0.000000000000e+00
     vertex -8.550000000000e+00 -1.852853224227e+01 0.000000000000e+00
     vertex -8.550000000000e+00 -1.852853224227e+01 9.100000000000e-01
   endloop
 endfacet
 facet normal -7.933533402912e-01 6.087614290087e-01 0.000000000000e+00
   outer loop
     vertex -8.330384757729e+00 -1.830891700000e+01 0.000000000000e+00
     vertex -8.425735931288e+00 -1.843318106871e+01 9.100000000000e-01
     vertex -8.330384757729e+00 -1.830891700000e+01 9.100000000000e-01
   endloop
 endfacet
 facet normal -7.933533402912e-01 6.087614290087e-01 0.000000000000e+00
   outer loop
     vertex -8.330384757729e+00 -1.830891700000e+01 0.000000000000e+00
     vertex -8.425735931288e+00 -1.843318106871e+01 0.000000000000e+00
     vertex -8.425735931288e+00 -1.843318106871e+01 9.100000000000e-01
   endloop
 endfacet
 facet normal -9.238795325113e-01 3.826834323651e-01 0.000000000000e+00
   outer loop
     vertex -8.270444504227e+00 -1.816420842706e+01 0.000000000000e+00
     vertex -8.330384757729e+00 -1.830891700000e+01 9.100000000000e-01
     vertex -8.270444504227e+00 -1.816420842706e+01 9.100000000000e-01
   endloop
 endfacet
 facet normal -9.238795325113e-01 3.826834323651e-01 0.000000000000e+00
   outer loop
     vertex -8.270444504227e+00 -1.816420842706e+01 0.000000000000e+00
     vertex -8.330384757729e+00 -1.830891700000e+01 0.000000000000e+00
     vertex -8.330384757729e+00 -1.830891700000e+01 9.100000000000e-01
   endloop
 endfacet
 facet normal -9.914448613738e-01 1.305261922201e-01 0.000000000000e+00
   outer loop
     vertex -8.250000000000e+00 -1.800891700000e+01 0.000000000000e+00
     vertex -8.270444504227e+00 -1.816420842706e+01 9.100000000000e-01
     vertex -8.250000000000e+00 -1.800891700000e+01 9.100000000000e-01
   endloop
 endfacet
 facet normal -9.914448613738e-01 1.305261922201e-01 0.000000000000e+00
   outer loop
     vertex -8.250000000000e+00 -1.800891700000e+01 0.000000000000e+00
     vertex -8.270444504227e+00 -1.816420842706e+01 0.000000000000e+00
     vertex -8.270444504227e+00 -1.816420842706e+01 9.100000000000e-01
   endloop
 endfacet
 facet normal -9.914448613738e-01 -1.305261922201e-01 0.000000000000e+00
   outer loop
     vertex -8.270444504227e+00 -1.785362557294e+01 0.000000000000e+00
     vertex -8.250000000000e+00 -1.800891700000e+01 9.100000000000e-01
     vertex -8.270444504227e+00 -1.785362557294e+01 9.100000000000e-01
   endloop
 endfacet
 facet normal -9.914448613738e-01 -1.305261922201e-01 0.000000000000e+00
   outer loop
     vertex -8.270444504227e+00 -1.785362557294e+01 0.000000000000e+00
     vertex -8.250000000000e+00 -1.800891700000e+01 0.000000000000e+00
     vertex -8.250000000000e+00 -1.800891700000e+01 9.100000000000e-01
   endloop
 endfacet
 facet normal -9.238795325113e-01 -3.826834323651e-01 0.000000000000e+00
   outer loop
     vertex -8.330384757729e+00 -1.770891700000e+01 0.000000000000e+00
     vertex -8.270444504227e+00 -1.785362557294e+01 9.100000000000e-01
     vertex -8.330384757729e+00 -1.770891700000e+01 9.100000000000e-01
   endloop
 endfacet
 facet normal -9.238795325113e-01 -3.826834323651e-01 0.000000000000e+00
   outer loop
     vertex -8.330384757729e+00 -1.770891700000e+01 0.000000000000e+00
     vertex -8.270444504227e+00 -1.785362557294e+01 0.000000000000e+00
     vertex -8.270444504227e+00 -1.785362557294e+01 9.100000000000e-01
   endloop
 endfacet
 facet normal -7.933533402912e-01 -6.087614290087e-01 0.000000000000e+00
   outer loop
     vertex -8.425735931288e+00 -1.758465293129e+01 0.000000000000e+00
     vertex -8.330384757729e+00 -1.770891700000e+01 9.100000000000e-01
     vertex -8.425735931288e+00 -1.758465293129e+01 9.100000000000e-01
   endloop
 endfacet
 facet normal -7.933533402912e-01 -6.087614290087e-01 0.000000000000e+00
   outer loop
     vertex -8.425735931288e+00 -1.758465293129e+01 0.000000000000e+00
     vertex -8.330384757729e+00 -1.770891700000e+01 0.000000000000e+00
     vertex -8.330384757729e+00 -1.770891700000e+01 9.100000000000e-01
   endloop
 endfacet
 facet normal -6.087614290087e-01 -7.933533402912e-01 0.000000000000e+00
   outer loop
     vertex -8.550000000000e+00 -1.748930175773e+01 0.000000000000e+00
     vertex -8.425735931288e+00 -1.758465293129e+01 9.100000000000e-01
     vertex -8.550000000000e+00 -1.748930175773e+01 9.100000000000e-01
   endloop
 endfacet
 facet normal -6.087614290087e-01 -7.933533402912e-01 0.000000000000e+00
   outer loop
     vertex -8.550000000000e+00 -1.748930175773e+01 0.000000000000e+00
     vertex -8.425735931288e+00 -1.758465293129e+01 0.000000000000e+00
     vertex -8.425735931288e+00 -1.758465293129e+01 9.100000000000e-01
   endloop
 endfacet
 facet normal -1.305261922200e-01 -9.914448613738e-01 0.000000000000e+00
   outer loop
     vertex -8.694708572938e+00 -1.742936150423e+01 0.000000000000e+00
     vertex -8.694708572938e+00 -1.742936150423e+01 9.100000000000e-01
     vertex -8.850000000000e+00 -1.740891700000e+01 9.100000000000e-01
   endloop
 endfacet
 facet normal -3.826834323651e-01 -9.238795325113e-01 0.000000000000e+00
   outer loop
     vertex -8.694708572938e+00 -1.742936150423e+01 0.000000000000e+00
     vertex -8.550000000000e+00 -1.748930175773e+01 9.100000000000e-01
     vertex -8.694708572938e+00 -1.742936150423e+01 9.100000000000e-01
   endloop
 endfacet
 facet normal -3.826834323651e-01 -9.238795325113e-01 0.000000000000e+00
   outer loop
     vertex -8.694708572938e+00 -1.742936150423e+01 0.000000000000e+00
     vertex -8.550000000000e+00 -1.748930175773e+01 0.000000000000e+00
     vertex -8.550000000000e+00 -1.748930175773e+01 9.100000000000e-01
   endloop
 endfacet
 facet normal -1.305261922200e-01 -9.914448613738e-01 0.000000000000e+00
   outer loop
     vertex -8.850000000000e+00 -1.740891700000e+01 0.000000000000e+00
     vertex -8.694708572938e+00 -1.742936150423e+01 0.000000000000e+00
     vertex -8.850000000000e+00 -1.740891700000e+01 9.100000000000e-01
   endloop
 endfacet
 facet normal 1.305261922200e-01 -9.914448613738e-01 0.000000000000e+00
   outer loop
     vertex -9.005291427062e+00 -1.742936150423e+01 0.000000000000e+00
     vertex -8.850000000000e+00 -1.740891700000e+01 0.000000000000e+00
     vertex -8.850000000000e+00 -1.740891700000e+01 9.100000000000e-01
   endloop
 endfacet
 facet normal 1.305261922200e-01 -9.914448613738e-01 0.000000000000e+00
   outer loop
     vertex -9.005291427062e+00 -1.742936150423e+01 0.000000000000e+00
     vertex -8.850000000000e+00 -1.740891700000e+01 9.100000000000e-01
     vertex -9.005291427062e+00 -1.742936150423e+01 9.100000000000e-01
   endloop
 endfacet
 facet normal 3.826834323651e-01 -9.238795325113e-01 0.000000000000e+00
   outer loop
     vertex -9.150000000000e+00 -1.748930175773e+01 0.000000000000e+00
     vertex -9.005291427062e+00 -1.742936150423e+01 0.000000000000e+00
     vertex -9.005291427062e+00 -1.742936150423e+01 9.100000000000e-01
   endloop
 endfacet
 facet normal 3.826834323651e-01 -9.238795325113e-01 0.000000000000e+00
   outer loop
     vertex -9.150000000000e+00 -1.748930175773e+01 0.000000000000e+00
     vertex -9.005291427062e+00 -1.742936150423e+01 9.100000000000e-01
     vertex -9.150000000000e+00 -1.748930175773e+01 9.100000000000e-01
   endloop
 endfacet
 facet normal 6.087614290087e-01 -7.933533402912e-01 0.000000000000e+00
   outer loop
     vertex -9.274264068712e+00 -1.758465293129e+01 0.000000000000e+00
     vertex -9.150000000000e+00 -1.748930175773e+01 0.000000000000e+00
     vertex -9.150000000000e+00 -1.748930175773e+01 9.100000000000e-01
   endloop
 endfacet
 facet normal 7.933533402912e-01 -6.087614290087e-01 0.000000000000e+00
   outer loop
     vertex -9.274264068712e+00 -1.758465293129e+01 0.000000000000e+00
     vertex -9.274264068712e+00 -1.758465293129e+01 9.100000000000e-01
     vertex -9.369615242271e+00 -1.770891700000e+01 9.100000000000e-01
   endloop
 endfacet
 facet normal 6.087614290087e-01 -7.933533402912e-01 0.000000000000e+00
   outer loop
     vertex -9.274264068712e+00 -1.758465293129e+01 0.000000000000e+00
     vertex -9.150000000000e+00 -1.748930175773e+01 9.100000000000e-01
     vertex -9.274264068712e+00 -1.758465293129e+01 9.100000000000e-01
   endloop
 endfacet
 facet normal 7.933533402912e-01 -6.087614290087e-01 0.000000000000e+00
   outer loop
     vertex -9.369615242271e+00 -1.770891700000e+01 0.000000000000e+00
     vertex -9.274264068712e+00 -1.758465293129e+01 0.000000000000e+00
     vertex -9.369615242271e+00 -1.770891700000e+01 9.100000000000e-01
   endloop
 endfacet
 facet normal 9.238795325113e-01 -3.826834323651e-01 0.000000000000e+00
   outer loop
     vertex -9.429555495773e+00 -1.785362557294e+01 0.000000000000e+00
     vertex -9.369615242271e+00 -1.770891700000e+01 0.000000000000e+00
     vertex -9.369615242271e+00 -1.770891700000e+01 9.100000000000e-01
   endloop
 endfacet
 facet normal 9.238795325113e-01 -3.826834323651e-01 0.000000000000e+00
   outer loop
     vertex -9.429555495773e+00 -1.785362557294e+01 0.000000000000e+00
     vertex -9.369615242271e+00 -1.770891700000e+01 9.100000000000e-01
     vertex -9.429555495773e+00 -1.785362557294e+01 9.100000000000e-01
   endloop
 endfacet
 facet normal 9.914448613738e-01 -1.305261922201e-01 0.000000000000e+00
   outer loop
     vertex -9.450000000000e+00 -1.800891700000e+01 0.000000000000e+00
     vertex -9.429555495773e+00 -1.785362557294e+01 0.000000000000e+00
     vertex -9.429555495773e+00 -1.785362557294e+01 9.100000000000e-01
   endloop
 endfacet
 facet normal 9.914448613738e-01 -1.305261922201e-01 0.000000000000e+00
   outer loop
     vertex -9.450000000000e+00 -1.800891700000e+01 0.000000000000e+00
     vertex -9.429555495773e+00 -1.785362557294e+01 9.100000000000e-01
     vertex -9.450000000000e+00 -1.800891700000e+01 9.100000000000e-01
   endloop
 endfacet
 facet normal 9.914448613738e-01 1.305261922201e-01 -0.000000000000e+00
   outer loop
     vertex -9.429555495773e+00 -1.816420842706e+01 0.000000000000e+00
     vertex -9.450000000000e+00 -1.800891700000e+01 9.100000000000e-01
     vertex -9.429555495773e+00 -1.816420842706e+01 9.100000000000e-01
   endloop
 endfacet
 facet normal 9.914448613738e-01 1.305261922201e-01 0.000000000000e+00
   outer loop
     vertex -9.429555495773e+00 -1.816420842706e+01 0.000000000000e+00
     vertex -9.450000000000e+00 -1.800891700000e+01 0.000000000000e+00
     vertex -9.450000000000e+00 -1.800891700000e+01 9.100000000000e-01
   endloop
 endfacet
 facet normal 9.238795325113e-01 3.826834323651e-01 -0.000000000000e+00
   outer loop
     vertex -9.369615242271e+00 -1.830891700000e+01 0.000000000000e+00
     vertex -9.429555495773e+00 -1.816420842706e+01 9.100000000000e-01
     vertex -9.369615242271e+00 -1.830891700000e+01 9.100000000000e-01
   endloop
 endfacet
 facet normal 9.238795325113e-01 3.826834323651e-01 0.000000000000e+00
   outer loop
     vertex -9.369615242271e+00 -1.830891700000e+01 0.000000000000e+00
     vertex -9.429555495773e+00 -1.816420842706e+01 0.000000000000e+00
     vertex -9.429555495773e+00 -1.816420842706e+01 9.100000000000e-01
   endloop
 endfacet
 facet normal 7.933533402912e-01 6.087614290087e-01 -0.000000000000e+00
   outer loop
     vertex -9.274264068712e+00 -1.843318106871e+01 0.000000000000e+00
     vertex -9.369615242271e+00 -1.830891700000e+01 9.100000000000e-01
     vertex -9.274264068712e+00 -1.843318106871e+01 9.100000000000e-01
   endloop
 endfacet
 facet normal 7.933533402912e-01 6.087614290087e-01 0.000000000000e+00
   outer loop
     vertex -9.274264068712e+00 -1.843318106871e+01 0.000000000000e+00
     vertex -9.369615242271e+00 -1.830891700000e+01 0.000000000000e+00
     vertex -9.369615242271e+00 -1.830891700000e+01 9.100000000000e-01
   endloop
 endfacet
 facet normal 6.087614290087e-01 7.933533402912e-01 -0.000000000000e+00
   outer loop
     vertex -9.150000000000e+00 -1.852853224227e+01 0.000000000000e+00
     vertex -9.274264068712e+00 -1.843318106871e+01 9.100000000000e-01
     vertex -9.150000000000e+00 -1.852853224227e+01 9.100000000000e-01
   endloop
 endfacet
 facet normal 6.087614290087e-01 7.933533402912e-01 0.000000000000e+00
   outer loop
     vertex -9.150000000000e+00 -1.852853224227e+01 0.000000000000e+00
     vertex -9.274264068712e+00 -1.843318106871e+01 0.000000000000e+00
     vertex -9.274264068712e+00 -1.843318106871e+01 9.100000000000e-01
   endloop
 endfacet
 facet normal 3.826834323651e-01 9.238795325113e-01 -0.000000000000e+00
   outer loop
     vertex -9.005291427062e+00 -1.858847249577e+01 0.000000000000e+00
     vertex -9.150000000000e+00 -1.852853224227e+01 9.100000000000e-01
     vertex -9.005291427062e+00 -1.858847249577e+01 9.100000000000e-01
   endloop
 endfacet
 facet normal 3.826834323651e-01 9.238795325113e-01 0.000000000000e+00
   outer loop
     vertex -9.005291427062e+00 -1.858847249577e+01 0.000000000000e+00
     vertex -9.150000000000e+00 -1.852853224227e+01 0.000000000000e+00
     vertex -9.150000000000e+00 -1.852853224227e+01 9.100000000000e-01
   endloop
 endfacet
 facet normal 1.305261922200e-01 9.914448613738e-01 -0.000000000000e+00
   outer loop
     vertex -8.850000000000e+00 -1.860891700000e+01 0.000000000000e+00
     vertex -9.005291427062e+00 -1.858847249577e+01 9.100000000000e-01
     vertex -8.850000000000e+00 -1.860891700000e+01 9.100000000000e-01
   endloop
 endfacet
 facet normal 1.305261922200e-01 9.914448613738e-01 0.000000000000e+00
   outer loop
     vertex -8.850000000000e+00 -1.860891700000e+01 0.000000000000e+00
     vertex -9.005291427062e+00 -1.858847249577e+01 0.000000000000e+00
     vertex -9.005291427062e+00 -1.858847249577e+01 9.100000000000e-01
   endloop
 endfacet
 facet normal -1.205366802553e-01 9.927088740981e-01 0.000000000000e+00
   outer loop
     vertex -1.749018221214e+01 -5.651664105658e+00 0.000000000000e+00
     vertex -1.755001400000e+01 -5.658929000000e+00 0.000000000000e+00
     vertex -1.755001400000e+01 -5.658929000000e+00 9.100000000000e-01
   endloop
 endfacet
 facet normal -1.205366802553e-01 9.927088740981e-01 0.000000000000e+00
   outer loop
     vertex -1.749018221214e+01 -5.651664105658e+00 0.000000000000e+00
     vertex -1.755001400000e+01 -5.658929000000e+00 9.100000000000e-01
     vertex -1.749018221214e+01 -5.651664105658e+00 9.100000000000e-01
   endloop
 endfacet
 facet normal -3.546048870425e-01 9.350162426854e-01 0.000000000000e+00
   outer loop
     vertex -1.743382763031e+01 -5.630291631886e+00 0.000000000000e+00
     vertex -1.749018221214e+01 -5.651664105658e+00 9.100000000000e-01
     vertex -1.743382763031e+01 -5.630291631886e+00 9.100000000000e-01
   endloop
 endfacet
 facet normal -3.546048870425e-01 9.350162426854e-01 0.000000000000e+00
   outer loop
     vertex -1.743382763031e+01 -5.630291631886e+00 0.000000000000e+00
     vertex -1.749018221214e+01 -5.651664105658e+00 0.000000000000e+00
     vertex -1.749018221214e+01 -5.651664105658e+00 9.100000000000e-01
   endloop
 endfacet
 facet normal -5.680647467311e-01 8.229838658937e-01 0.000000000000e+00
   outer loop
     vertex -1.738422537797e+01 -5.596053669172e+00 0.000000000000e+00
     vertex -1.743382763031e+01 -5.630291631886e+00 9.100000000000e-01
     vertex -1.738422537797e+01 -5.596053669172e+00 9.100000000000e-01
   endloop
 endfacet
 facet normal -5.680647467311e-01 8.229838658937e-01 0.000000000000e+00
   outer loop
     vertex -1.738422537797e+01 -5.596053669172e+00 0.000000000000e+00
     vertex -1.743382763031e+01 -5.630291631886e+00 0.000000000000e+00
     vertex -1.743382763031e+01 -5.630291631886e+00 9.100000000000e-01
   endloop
 endfacet
 facet normal -7.485107481711e-01 6.631226582408e-01 0.000000000000e+00
   outer loop
     vertex -1.734425815772e+01 -5.550940003460e+00 0.000000000000e+00
     vertex -1.738422537797e+01 -5.596053669172e+00 9.100000000000e-01
     vertex -1.734425815772e+01 -5.550940003460e+00 9.100000000000e-01
   endloop
 endfacet
 facet normal -7.485107481711e-01 6.631226582408e-01 0.000000000000e+00
   outer loop
     vertex -1.734425815772e+01 -5.550940003460e+00 0.000000000000e+00
     vertex -1.738422537797e+01 -5.596053669172e+00 0.000000000000e+00
     vertex -1.738422537797e+01 -5.596053669172e+00 9.100000000000e-01
   endloop
 endfacet
 facet normal -8.854560256532e-01 4.647231720438e-01 0.000000000000e+00
   outer loop
     vertex -1.731624871913e+01 -5.497572477019e+00 0.000000000000e+00
     vertex -1.734425815772e+01 -5.550940003460e+00 9.100000000000e-01
     vertex -1.731624871913e+01 -5.497572477019e+00 9.100000000000e-01
   endloop
 endfacet
 facet normal -8.854560256532e-01 4.647231720438e-01 0.000000000000e+00
   outer loop
     vertex -1.731624871913e+01 -5.497572477019e+00 0.000000000000e+00
     vertex -1.734425815772e+01 -5.550940003460e+00 0.000000000000e+00
     vertex -1.734425815772e+01 -5.550940003460e+00 9.100000000000e-01
   endloop
 endfacet
 facet normal -1.000000000000e+00 0.000000000000e+00 0.000000000000e+00
   outer loop
     vertex -1.730182486897e+01 -5.439052616504e+00 0.000000000000e+00
     vertex -1.730182486897e+01 -5.439052616504e+00 9.100000000000e-01
     vertex -1.730182486897e+01 -5.378781383496e+00 9.100000000000e-01
   endloop
 endfacet
 facet normal -9.709418174261e-01 2.393156642875e-01 0.000000000000e+00
   outer loop
     vertex -1.730182486897e+01 -5.439052616504e+00 0.000000000000e+00
     vertex -1.731624871913e+01 -5.497572477019e+00 9.100000000000e-01
     vertex -1.730182486897e+01 -5.439052616504e+00 9.100000000000e-01
   endloop
 endfacet
 facet normal -9.709418174261e-01 2.393156642875e-01 0.000000000000e+00
   outer loop
     vertex -1.730182486897e+01 -5.439052616504e+00 0.000000000000e+00
     vertex -1.731624871913e+01 -5.497572477019e+00 0.000000000000e+00
     vertex -1.731624871913e+01 -5.497572477019e+00 9.100000000000e-01
   endloop
 endfacet
 facet normal -1.000000000000e+00 0.000000000000e+00 0.000000000000e+00
   outer loop
     vertex -1.730182486897e+01 -5.378781383496e+00 0.000000000000e+00
     vertex -1.730182486897e+01 -5.439052616504e+00 0.000000000000e+00
     vertex -1.730182486897e+01 -5.378781383496e+00 9.100000000000e-01
   endloop
 endfacet
 facet normal -9.709418174261e-01 -2.393156642875e-01 0.000000000000e+00
   outer loop
     vertex -1.731624871913e+01 -5.320261522981e+00 0.000000000000e+00
     vertex -1.730182486897e+01 -5.378781383496e+00 9.100000000000e-01
     vertex -1.731624871913e+01 -5.320261522981e+00 9.100000000000e-01
   endloop
 endfacet
 facet normal -9.709418174261e-01 -2.393156642875e-01 0.000000000000e+00
   outer loop
     vertex -1.731624871913e+01 -5.320261522981e+00 0.000000000000e+00
     vertex -1.730182486897e+01 -5.378781383496e+00 0.000000000000e+00
     vertex -1.730182486897e+01 -5.378781383496e+00 9.100000000000e-01
   endloop
 endfacet
 facet normal -8.854560256532e-01 -4.647231720438e-01 0.000000000000e+00
   outer loop
     vertex -1.734425815772e+01 -5.266893996540e+00 0.000000000000e+00
     vertex -1.731624871913e+01 -5.320261522981e+00 9.100000000000e-01
     vertex -1.734425815772e+01 -5.266893996540e+00 9.100000000000e-01
   endloop
 endfacet
 facet normal -8.854560256532e-01 -4.647231720438e-01 0.000000000000e+00
   outer loop
     vertex -1.734425815772e+01 -5.266893996540e+00 0.000000000000e+00
     vertex -1.731624871913e+01 -5.320261522981e+00 0.000000000000e+00
     vertex -1.731624871913e+01 -5.320261522981e+00 9.100000000000e-01
   endloop
 endfacet
 facet normal -7.485107481711e-01 -6.631226582408e-01 0.000000000000e+00
   outer loop
     vertex -1.738422537797e+01 -5.221780330828e+00 0.000000000000e+00
     vertex -1.734425815772e+01 -5.266893996540e+00 9.100000000000e-01
     vertex -1.738422537797e+01 -5.221780330828e+00 9.100000000000e-01
   endloop
 endfacet
 facet normal -7.485107481711e-01 -6.631226582408e-01 0.000000000000e+00
   outer loop
     vertex -1.738422537797e+01 -5.221780330828e+00 0.000000000000e+00
     vertex -1.734425815772e+01 -5.266893996540e+00 0.000000000000e+00
     vertex -1.734425815772e+01 -5.266893996540e+00 9.100000000000e-01
   endloop
 endfacet
 facet normal -5.680647467311e-01 -8.229838658937e-01 0.000000000000e+00
   outer loop
     vertex -1.743382763031e+01 -5.187542368114e+00 0.000000000000e+00
     vertex -1.738422537797e+01 -5.221780330828e+00 9.100000000000e-01
     vertex -1.743382763031e+01 -5.187542368114e+00 9.100000000000e-01
   endloop
 endfacet
 facet normal -5.680647467311e-01 -8.229838658937e-01 0.000000000000e+00
   outer loop
     vertex -1.743382763031e+01 -5.187542368114e+00 0.000000000000e+00
     vertex -1.738422537797e+01 -5.221780330828e+00 0.000000000000e+00
     vertex -1.738422537797e+01 -5.221780330828e+00 9.100000000000e-01
   endloop
 endfacet
 facet normal -1.205366802553e-01 -9.927088740981e-01 0.000000000000e+00
   outer loop
     vertex -1.749018221214e+01 -5.166169894342e+00 0.000000000000e+00
     vertex -1.749018221214e+01 -5.166169894342e+00 9.100000000000e-01
     vertex -1.755001400000e+01 -5.158905000000e+00 9.100000000000e-01
   endloop
 endfacet
 facet normal -3.546048870425e-01 -9.350162426854e-01 0.000000000000e+00
   outer loop
     vertex -1.749018221214e+01 -5.166169894342e+00 0.000000000000e+00
     vertex -1.743382763031e+01 -5.187542368114e+00 9.100000000000e-01
     vertex -1.749018221214e+01 -5.166169894342e+00 9.100000000000e-01
   endloop
 endfacet
 facet normal -3.546048870425e-01 -9.350162426854e-01 0.000000000000e+00
   outer loop
     vertex -1.749018221214e+01 -5.166169894342e+00 0.000000000000e+00
     vertex -1.743382763031e+01 -5.187542368114e+00 0.000000000000e+00
     vertex -1.743382763031e+01 -5.187542368114e+00 9.100000000000e-01
   endloop
 endfacet
 facet normal -1.205366802553e-01 -9.927088740981e-01 0.000000000000e+00
   outer loop
     vertex -1.755001400000e+01 -5.158905000000e+00 0.000000000000e+00
     vertex -1.749018221214e+01 -5.166169894342e+00 0.000000000000e+00
     vertex -1.755001400000e+01 -5.158905000000e+00 9.100000000000e-01
   endloop
 endfacet
 facet normal 0.000000000000e+00 -1.000000000000e+00 0.000000000000e+00
   outer loop
     vertex -1.894998600000e+01 -5.158905000000e+00 0.000000000000e+00
     vertex -1.755001400000e+01 -5.158905000000e+00 0.000000000000e+00
     vertex -1.755001400000e+01 -5.158905000000e+00 9.100000000000e-01
   endloop
 endfacet
 facet normal 0.000000000000e+00 -1.000000000000e+00 0.000000000000e+00
   outer loop
     vertex -1.894998600000e+01 -5.158905000000e+00 0.000000000000e+00
     vertex -1.755001400000e+01 -5.158905000000e+00 9.100000000000e-01
     vertex -1.894998600000e+01 -5.158905000000e+00 9.100000000000e-01
   endloop
 endfacet
 facet normal 1.205366802553e-01 -9.927088740981e-01 0.000000000000e+00
   outer loop
     vertex -1.900981778786e+01 -5.166169894342e+00 0.000000000000e+00
     vertex -1.894998600000e+01 -5.158905000000e+00 0.000000000000e+00
     vertex -1.894998600000e+01 -5.158905000000e+00 9.100000000000e-01
   endloop
 endfacet
 facet normal 1.205366802553e-01 -9.927088740981e-01 0.000000000000e+00
   outer loop
     vertex -1.900981778786e+01 -5.166169894342e+00 0.000000000000e+00
     vertex -1.894998600000e+01 -5.158905000000e+00 9.100000000000e-01
     vertex -1.900981778786e+01 -5.166169894342e+00 9.100000000000e-01
   endloop
 endfacet
 facet normal 3.546048870425e-01 -9.350162426854e-01 0.000000000000e+00
   outer loop
     vertex -1.906617236969e+01 -5.187542368114e+00 0.000000000000e+00
     vertex -1.900981778786e+01 -5.166169894342e+00 9.100000000000e-01
     vertex -1.906617236969e+01 -5.187542368114e+00 9.100000000000e-01
   endloop
 endfacet
 facet normal 3.546048870425e-01 -9.350162426854e-01 0.000000000000e+00
   outer loop
     vertex -1.906617236969e+01 -5.187542368114e+00 0.000000000000e+00
     vertex -1.900981778786e+01 -5.166169894342e+00 0.000000000000e+00
     vertex -1.900981778786e+01 -5.166169894342e+00 9.100000000000e-01
   endloop
 endfacet
 facet normal 5.680647467311e-01 -8.229838658937e-01 0.000000000000e+00
   outer loop
     vertex -1.911577462203e+01 -5.221780330828e+00 0.000000000000e+00
     vertex -1.906617236969e+01 -5.187542368114e+00 9.100000000000e-01
     vertex -1.911577462203e+01 -5.221780330828e+00 9.100000000000e-01
   endloop
 endfacet
 facet normal 5.680647467311e-01 -8.229838658937e-01 0.000000000000e+00
   outer loop
     vertex -1.911577462203e+01 -5.221780330828e+00 0.000000000000e+00
     vertex -1.906617236969e+01 -5.187542368114e+00 0.000000000000e+00
     vertex -1.906617236969e+01 -5.187542368114e+00 9.100000000000e-01
   endloop
 endfacet
 facet normal 7.485107481711e-01 -6.631226582408e-01 0.000000000000e+00
   outer loop
     vertex -1.915574184228e+01 -5.266893996540e+00 0.000000000000e+00
     vertex -1.911577462203e+01 -5.221780330828e+00 9.100000000000e-01
     vertex -1.915574184228e+01 -5.266893996540e+00 9.100000000000e-01
   endloop
 endfacet
 facet normal 7.485107481711e-01 -6.631226582408e-01 0.000000000000e+00
   outer loop
     vertex -1.915574184228e+01 -5.266893996540e+00 0.000000000000e+00
     vertex -1.911577462203e+01 -5.221780330828e+00 0.000000000000e+00
     vertex -1.911577462203e+01 -5.221780330828e+00 9.100000000000e-01
   endloop
 endfacet
 facet normal 8.854560256532e-01 -4.647231720438e-01 0.000000000000e+00
   outer loop
     vertex -1.918375128087e+01 -5.320261522981e+00 0.000000000000e+00
     vertex -1.915574184228e+01 -5.266893996540e+00 9.100000000000e-01
     vertex -1.918375128087e+01 -5.320261522981e+00 9.100000000000e-01
   endloop
 endfacet
 facet normal 8.854560256532e-01 -4.647231720438e-01 0.000000000000e+00
   outer loop
     vertex -1.918375128087e+01 -5.320261522981e+00 0.000000000000e+00
     vertex -1.915574184228e+01 -5.266893996540e+00 0.000000000000e+00
     vertex -1.915574184228e+01 -5.266893996540e+00 9.100000000000e-01
   endloop
 endfacet
 facet normal 1.000000000000e+00 0.000000000000e+00 -0.000000000000e+00
   outer loop
     vertex -1.919817513103e+01 -5.378781383496e+00 0.000000000000e+00
     vertex -1.919817513103e+01 -5.378781383496e+00 9.100000000000e-01
     vertex -1.919817513103e+01 -5.439052616504e+00 9.100000000000e-01
   endloop
 endfacet
 facet normal 9.709418174261e-01 -2.393156642875e-01 0.000000000000e+00
   outer loop
     vertex -1.919817513103e+01 -5.378781383496e+00 0.000000000000e+00
     vertex -1.918375128087e+01 -5.320261522981e+00 9.100000000000e-01
     vertex -1.919817513103e+01 -5.378781383496e+00 9.100000000000e-01
   endloop
 endfacet
 facet normal 9.709418174261e-01 -2.393156642875e-01 0.000000000000e+00
   outer loop
     vertex -1.919817513103e+01 -5.378781383496e+00 0.000000000000e+00
     vertex -1.918375128087e+01 -5.320261522981e+00 0.000000000000e+00
     vertex -1.918375128087e+01 -5.320261522981e+00 9.100000000000e-01
   endloop
 endfacet
 facet normal 1.000000000000e+00 0.000000000000e+00 0.000000000000e+00
   outer loop
     vertex -1.919817513103e+01 -5.439052616504e+00 0.000000000000e+00
     vertex -1.919817513103e+01 -5.378781383496e+00 0.000000000000e+00
     vertex -1.919817513103e+01 -5.439052616504e+00 9.100000000000e-01
   endloop
 endfacet
 facet normal 9.709418174261e-01 2.393156642875e-01 -0.000000000000e+00
   outer loop
     vertex -1.918375128087e+01 -5.497572477019e+00 0.000000000000e+00
     vertex -1.919817513103e+01 -5.439052616504e+00 9.100000000000e-01
     vertex -1.918375128087e+01 -5.497572477019e+00 9.100000000000e-01
   endloop
 endfacet
 facet normal 9.709418174261e-01 2.393156642875e-01 0.000000000000e+00
   outer loop
     vertex -1.918375128087e+01 -5.497572477019e+00 0.000000000000e+00
     vertex -1.919817513103e+01 -5.439052616504e+00 0.000000000000e+00
     vertex -1.919817513103e+01 -5.439052616504e+00 9.100000000000e-01
   endloop
 endfacet
 facet normal 8.854560256532e-01 4.647231720438e-01 -0.000000000000e+00
   outer loop
     vertex -1.915574184228e+01 -5.550940003460e+00 0.000000000000e+00
     vertex -1.918375128087e+01 -5.497572477019e+00 9.100000000000e-01
     vertex -1.915574184228e+01 -5.550940003460e+00 9.100000000000e-01
   endloop
 endfacet
 facet normal 8.854560256532e-01 4.647231720438e-01 0.000000000000e+00
   outer loop
     vertex -1.915574184228e+01 -5.550940003460e+00 0.000000000000e+00
     vertex -1.918375128087e+01 -5.497572477019e+00 0.000000000000e+00
     vertex -1.918375128087e+01 -5.497572477019e+00 9.100000000000e-01
   endloop
 endfacet
 facet normal 7.485107481711e-01 6.631226582408e-01 -0.000000000000e+00
   outer loop
     vertex -1.911577462203e+01 -5.596053669172e+00 0.000000000000e+00
     vertex -1.915574184228e+01 -5.550940003460e+00 9.100000000000e-01
     vertex -1.911577462203e+01 -5.596053669172e+00 9.100000000000e-01
   endloop
 endfacet
 facet normal 7.485107481711e-01 6.631226582408e-01 0.000000000000e+00
   outer loop
     vertex -1.911577462203e+01 -5.596053669172e+00 0.000000000000e+00
     vertex -1.915574184228e+01 -5.550940003460e+00 0.000000000000e+00
     vertex -1.915574184228e+01 -5.550940003460e+00 9.100000000000e-01
   endloop
 endfacet
 facet normal 5.680647467311e-01 8.229838658937e-01 -0.000000000000e+00
   outer loop
     vertex -1.906617236969e+01 -5.630291631886e+00 0.000000000000e+00
     vertex -1.911577462203e+01 -5.596053669172e+00 9.100000000000e-01
     vertex -1.906617236969e+01 -5.630291631886e+00 9.100000000000e-01
   endloop
 endfacet
 facet normal 5.680647467311e-01 8.229838658937e-01 0.000000000000e+00
   outer loop
     vertex -1.906617236969e+01 -5.630291631886e+00 0.000000000000e+00
     vertex -1.911577462203e+01 -5.596053669172e+00 0.000000000000e+00
     vertex -1.911577462203e+01 -5.596053669172e+00 9.100000000000e-01
   endloop
 endfacet
 facet normal 1.205366802553e-01 9.927088740981e-01 -0.000000000000e+00
   outer loop
     vertex -1.900981778786e+01 -5.651664105658e+00 0.000000000000e+00
     vertex -1.900981778786e+01 -5.651664105658e+00 9.100000000000e-01
     vertex -1.894998600000e+01 -5.658929000000e+00 9.100000000000e-01
   endloop
 endfacet
 facet normal 3.546048870425e-01 9.350162426854e-01 -0.000000000000e+00
   outer loop
     vertex -1.900981778786e+01 -5.651664105658e+00 0.000000000000e+00
     vertex -1.906617236969e+01 -5.630291631886e+00 9.100000000000e-01
     vertex -1.900981778786e+01 -5.651664105658e+00 9.100000000000e-01
   endloop
 endfacet
 facet normal 3.546048870425e-01 9.350162426854e-01 0.000000000000e+00
   outer loop
     vertex -1.900981778786e+01 -5.651664105658e+00 0.000000000000e+00
     vertex -1.906617236969e+01 -5.630291631886e+00 0.000000000000e+00
     vertex -1.906617236969e+01 -5.630291631886e+00 9.100000000000e-01
   endloop
 endfacet
 facet normal 1.205366802553e-01 9.927088740981e-01 -0.000000000000e+00
   outer loop
     vertex -1.894998600000e+01 -5.658929000000e+00 0.000000000000e+00
     vertex -1.900981778786e+01 -5.651664105658e+00 0.000000000000e+00
     vertex -1.894998600000e+01 -5.658929000000e+00 9.100000000000e-01
   endloop
 endfacet
 facet normal 0.000000000000e+00 1.000000000000e+00 0.000000000000e+00
   outer loop
     vertex -1.755001400000e+01 -5.658929000000e+00 0.000000000000e+00
     vertex -1.894998600000e+01 -5.658929000000e+00 0.000000000000e+00
     vertex -1.894998600000e+01 -5.658929000000e+00 9.100000000000e-01
   endloop
 endfacet
 facet normal 0.000000000000e+00 1.000000000000e+00 -0.000000000000e+00
   outer loop
     vertex -1.755001400000e+01 -5.658929000000e+00 0.000000000000e+00
     vertex -1.894998600000e+01 -5.658929000000e+00 9.100000000000e-01
     vertex -1.755001400000e+01 -5.658929000000e+00 9.100000000000e-01
   endloop
 endfacet
 facet normal -1.305261922201e-01 9.914448613738e-01 0.000000000000e+00
   outer loop
     vertex -1.672706195358e+01 -4.217731767487e+00 0.000000000000e+00
     vertex -1.685000100000e+01 -4.233917000000e+00 0.000000000000e+00
     vertex -1.685000100000e+01 -4.233917000000e+00 9.100000000000e-01
   endloop
 endfacet
 facet normal -1.305261922201e-01 9.914448613738e-01 0.000000000000e+00
   outer loop
     vertex -1.672706195358e+01 -4.217731767487e+00 0.000000000000e+00
     vertex -1.685000100000e+01 -4.233917000000e+00 9.100000000000e-01
     vertex -1.672706195358e+01 -4.217731767487e+00 9.100000000000e-01
   endloop
 endfacet
 facet normal -3.826834323651e-01 9.238795325113e-01 0.000000000000e+00
   outer loop
     vertex -1.661250100000e+01 -4.170279066798e+00 0.000000000000e+00
     vertex -1.672706195358e+01 -4.217731767487e+00 9.100000000000e-01
     vertex -1.661250100000e+01 -4.170279066798e+00 9.100000000000e-01
   endloop
 endfacet
 facet normal -3.826834323651e-01 9.238795325113e-01 0.000000000000e+00
   outer loop
     vertex -1.661250100000e+01 -4.170279066798e+00 0.000000000000e+00
     vertex -1.672706195358e+01 -4.217731767487e+00 0.000000000000e+00
     vertex -1.672706195358e+01 -4.217731767487e+00 9.100000000000e-01
   endloop
 endfacet
 facet normal -6.087614290087e-01 7.933533402912e-01 0.000000000000e+00
   outer loop
     vertex -1.651412527894e+01 -4.094792721064e+00 0.000000000000e+00
     vertex -1.661250100000e+01 -4.170279066798e+00 9.100000000000e-01
     vertex -1.651412527894e+01 -4.094792721064e+00 9.100000000000e-01
   endloop
 endfacet
 facet normal -6.087614290087e-01 7.933533402912e-01 0.000000000000e+00
   outer loop
     vertex -1.651412527894e+01 -4.094792721064e+00 0.000000000000e+00
     vertex -1.661250100000e+01 -4.170279066798e+00 0.000000000000e+00
     vertex -1.661250100000e+01 -4.170279066798e+00 9.100000000000e-01
   endloop
 endfacet
 facet normal -7.933533402912e-01 6.087614290087e-01 0.000000000000e+00
   outer loop
     vertex -1.643863893320e+01 -3.996417000000e+00 0.000000000000e+00
     vertex -1.651412527894e+01 -4.094792721064e+00 9.100000000000e-01
     vertex -1.643863893320e+01 -3.996417000000e+00 9.100000000000e-01
   endloop
 endfacet
 facet normal -7.933533402912e-01 6.087614290087e-01 0.000000000000e+00
   outer loop
     vertex -1.643863893320e+01 -3.996417000000e+00 0.000000000000e+00
     vertex -1.651412527894e+01 -4.094792721064e+00 0.000000000000e+00
     vertex -1.651412527894e+01 -4.094792721064e+00 9.100000000000e-01
   endloop
 endfacet
 facet normal -9.238795325113e-01 3.826834323651e-01 0.000000000000e+00
   outer loop
     vertex -1.639118623251e+01 -3.881856046424e+00 0.000000000000e+00
     vertex -1.643863893320e+01 -3.996417000000e+00 9.100000000000e-01
     vertex -1.639118623251e+01 -3.881856046424e+00 9.100000000000e-01
   endloop
 endfacet
 facet normal -9.238795325113e-01 3.826834323651e-01 0.000000000000e+00
   outer loop
     vertex -1.639118623251e+01 -3.881856046424e+00 0.000000000000e+00
     vertex -1.643863893320e+01 -3.996417000000e+00 0.000000000000e+00
     vertex -1.643863893320e+01 -3.996417000000e+00 9.100000000000e-01
   endloop
 endfacet
 facet normal -9.914448613738e-01 1.305261922200e-01 0.000000000000e+00
   outer loop
     vertex -1.637500100000e+01 -3.758917000000e+00 0.000000000000e+00
     vertex -1.639118623251e+01 -3.881856046424e+00 9.100000000000e-01
     vertex -1.637500100000e+01 -3.758917000000e+00 9.100000000000e-01
   endloop
 endfacet
 facet normal -9.914448613738e-01 1.305261922200e-01 0.000000000000e+00
   outer loop
     vertex -1.637500100000e+01 -3.758917000000e+00 0.000000000000e+00
     vertex -1.639118623251e+01 -3.881856046424e+00 0.000000000000e+00
     vertex -1.639118623251e+01 -3.881856046424e+00 9.100000000000e-01
   endloop
 endfacet
 facet normal -9.914448613738e-01 -1.305261922201e-01 0.000000000000e+00
   outer loop
     vertex -1.639118623251e+01 -3.635977953576e+00 0.000000000000e+00
     vertex -1.637500100000e+01 -3.758917000000e+00 9.100000000000e-01
     vertex -1.639118623251e+01 -3.635977953576e+00 9.100000000000e-01
   endloop
 endfacet
 facet normal -9.914448613738e-01 -1.305261922201e-01 0.000000000000e+00
   outer loop
     vertex -1.639118623251e+01 -3.635977953576e+00 0.000000000000e+00
     vertex -1.637500100000e+01 -3.758917000000e+00 0.000000000000e+00
     vertex -1.637500100000e+01 -3.758917000000e+00 9.100000000000e-01
   endloop
 endfacet
 facet normal -9.238795325113e-01 -3.826834323651e-01 0.000000000000e+00
   outer loop
     vertex -1.643863893320e+01 -3.521417000000e+00 0.000000000000e+00
     vertex -1.639118623251e+01 -3.635977953576e+00 9.100000000000e-01
     vertex -1.643863893320e+01 -3.521417000000e+00 9.100000000000e-01
   endloop
 endfacet
 facet normal -9.238795325113e-01 -3.826834323651e-01 0.000000000000e+00
   outer loop
     vertex -1.643863893320e+01 -3.521417000000e+00 0.000000000000e+00
     vertex -1.639118623251e+01 -3.635977953576e+00 0.000000000000e+00
     vertex -1.639118623251e+01 -3.635977953576e+00 9.100000000000e-01
   endloop
 endfacet
 facet normal -7.933533402912e-01 -6.087614290087e-01 0.000000000000e+00
   outer loop
     vertex -1.651412527894e+01 -3.423041278936e+00 0.000000000000e+00
     vertex -1.643863893320e+01 -3.521417000000e+00 9.100000000000e-01
     vertex -1.651412527894e+01 -3.423041278936e+00 9.100000000000e-01
   endloop
 endfacet
 facet normal -7.933533402912e-01 -6.087614290087e-01 0.000000000000e+00
   outer loop
     vertex -1.651412527894e+01 -3.423041278936e+00 0.000000000000e+00
     vertex -1.643863893320e+01 -3.521417000000e+00 0.000000000000e+00
     vertex -1.643863893320e+01 -3.521417000000e+00 9.100000000000e-01
   endloop
 endfacet
 facet normal -6.087614290087e-01 -7.933533402912e-01 0.000000000000e+00
   outer loop
     vertex -1.661250100000e+01 -3.347554933202e+00 0.000000000000e+00
     vertex -1.651412527894e+01 -3.423041278936e+00 9.100000000000e-01
     vertex -1.661250100000e+01 -3.347554933202e+00 9.100000000000e-01
   endloop
 endfacet
 facet normal -6.087614290087e-01 -7.933533402912e-01 0.000000000000e+00
   outer loop
     vertex -1.661250100000e+01 -3.347554933202e+00 0.000000000000e+00
     vertex -1.651412527894e+01 -3.423041278936e+00 0.000000000000e+00
     vertex -1.651412527894e+01 -3.423041278936e+00 9.100000000000e-01
   endloop
 endfacet
 facet normal -1.305261922201e-01 -9.914448613738e-01 0.000000000000e+00
   outer loop
     vertex -1.672706195358e+01 -3.300102232513e+00 0.000000000000e+00
     vertex -1.672706195358e+01 -3.300102232513e+00 9.100000000000e-01
     vertex -1.685000100000e+01 -3.283917000000e+00 9.100000000000e-01
   endloop
 endfacet
 facet normal -3.826834323651e-01 -9.238795325113e-01 0.000000000000e+00
   outer loop
     vertex -1.672706195358e+01 -3.300102232513e+00 0.000000000000e+00
     vertex -1.661250100000e+01 -3.347554933202e+00 9.100000000000e-01
     vertex -1.672706195358e+01 -3.300102232513e+00 9.100000000000e-01
   endloop
 endfacet
 facet normal -3.826834323651e-01 -9.238795325113e-01 0.000000000000e+00
   outer loop
     vertex -1.672706195358e+01 -3.300102232513e+00 0.000000000000e+00
     vertex -1.661250100000e+01 -3.347554933202e+00 0.000000000000e+00
     vertex -1.661250100000e+01 -3.347554933202e+00 9.100000000000e-01
   endloop
 endfacet
 facet normal -1.305261922201e-01 -9.914448613738e-01 0.000000000000e+00
   outer loop
     vertex -1.685000100000e+01 -3.283917000000e+00 0.000000000000e+00
     vertex -1.672706195358e+01 -3.300102232513e+00 0.000000000000e+00
     vertex -1.685000100000e+01 -3.283917000000e+00 9.100000000000e-01
   endloop
 endfacet
 facet normal 1.305261922201e-01 -9.914448613738e-01 0.000000000000e+00
   outer loop
     vertex -1.697294004642e+01 -3.300102232513e+00 0.000000000000e+00
     vertex -1.685000100000e+01 -3.283917000000e+00 0.000000000000e+00
     vertex -1.685000100000e+01 -3.283917000000e+00 9.100000000000e-01
   endloop
 endfacet
 facet normal 1.305261922201e-01 -9.914448613738e-01 0.000000000000e+00
   outer loop
     vertex -1.697294004642e+01 -3.300102232513e+00 0.000000000000e+00
     vertex -1.685000100000e+01 -3.283917000000e+00 9.100000000000e-01
     vertex -1.697294004642e+01 -3.300102232513e+00 9.100000000000e-01
   endloop
 endfacet
 facet normal 3.826834323651e-01 -9.238795325113e-01 0.000000000000e+00
   outer loop
     vertex -1.708750100000e+01 -3.347554933202e+00 0.000000000000e+00
     vertex -1.697294004642e+01 -3.300102232513e+00 0.000000000000e+00
     vertex -1.697294004642e+01 -3.300102232513e+00 9.100000000000e-01
   endloop
 endfacet
 facet normal 3.826834323651e-01 -9.238795325113e-01 0.000000000000e+00
   outer loop
     vertex -1.708750100000e+01 -3.347554933202e+00 0.000000000000e+00
     vertex -1.697294004642e+01 -3.300102232513e+00 9.100000000000e-01
     vertex -1.708750100000e+01 -3.347554933202e+00 9.100000000000e-01
   endloop
 endfacet
 facet normal 6.087614290087e-01 -7.933533402912e-01 0.000000000000e+00
   outer loop
     vertex -1.718587672106e+01 -3.423041278936e+00 0.000000000000e+00
     vertex -1.708750100000e+01 -3.347554933202e+00 0.000000000000e+00
     vertex -1.708750100000e+01 -3.347554933202e+00 9.100000000000e-01
   endloop
 endfacet
 facet normal 7.933533402912e-01 -6.087614290087e-01 0.000000000000e+00
   outer loop
     vertex -1.718587672106e+01 -3.423041278936e+00 0.000000000000e+00
     vertex -1.718587672106e+01 -3.423041278936e+00 9.100000000000e-01
     vertex -1.726136306680e+01 -3.521417000000e+00 9.100000000000e-01
   endloop
 endfacet
 facet normal 6.087614290087e-01 -7.933533402912e-01 0.000000000000e+00
   outer loop
     vertex -1.718587672106e+01 -3.423041278936e+00 0.000000000000e+00
     vertex -1.708750100000e+01 -3.347554933202e+00 9.100000000000e-01
     vertex -1.718587672106e+01 -3.423041278936e+00 9.100000000000e-01
   endloop
 endfacet
 facet normal 7.933533402912e-01 -6.087614290087e-01 0.000000000000e+00
   outer loop
     vertex -1.726136306680e+01 -3.521417000000e+00 0.000000000000e+00
     vertex -1.718587672106e+01 -3.423041278936e+00 0.000000000000e+00
     vertex -1.726136306680e+01 -3.521417000000e+00 9.100000000000e-01
   endloop
 endfacet
 facet normal 9.238795325113e-01 -3.826834323651e-01 0.000000000000e+00
   outer loop
     vertex -1.730881576749e+01 -3.635977953576e+00 0.000000000000e+00
     vertex -1.726136306680e+01 -3.521417000000e+00 0.000000000000e+00
     vertex -1.726136306680e+01 -3.521417000000e+00 9.100000000000e-01
   endloop
 endfacet
 facet normal 9.238795325113e-01 -3.826834323651e-01 0.000000000000e+00
   outer loop
     vertex -1.730881576749e+01 -3.635977953576e+00 0.000000000000e+00
     vertex -1.726136306680e+01 -3.521417000000e+00 9.100000000000e-01
     vertex -1.730881576749e+01 -3.635977953576e+00 9.100000000000e-01
   endloop
 endfacet
 facet normal 9.914448613738e-01 -1.305261922200e-01 0.000000000000e+00
   outer loop
     vertex -1.732500100000e+01 -3.758917000000e+00 0.000000000000e+00
     vertex -1.730881576749e+01 -3.635977953576e+00 0.000000000000e+00
     vertex -1.730881576749e+01 -3.635977953576e+00 9.100000000000e-01
   endloop
 endfacet
 facet normal 9.914448613738e-01 -1.305261922200e-01 0.000000000000e+00
   outer loop
     vertex -1.732500100000e+01 -3.758917000000e+00 0.000000000000e+00
     vertex -1.730881576749e+01 -3.635977953576e+00 9.100000000000e-01
     vertex -1.732500100000e+01 -3.758917000000e+00 9.100000000000e-01
   endloop
 endfacet
 facet normal 9.914448613738e-01 1.305261922201e-01 -0.000000000000e+00
   outer loop
     vertex -1.730881576749e+01 -3.881856046424e+00 0.000000000000e+00
     vertex -1.732500100000e+01 -3.758917000000e+00 9.100000000000e-01
     vertex -1.730881576749e+01 -3.881856046424e+00 9.100000000000e-01
   endloop
 endfacet
 facet normal 9.914448613738e-01 1.305261922201e-01 0.000000000000e+00
   outer loop
     vertex -1.730881576749e+01 -3.881856046424e+00 0.000000000000e+00
     vertex -1.732500100000e+01 -3.758917000000e+00 0.000000000000e+00
     vertex -1.732500100000e+01 -3.758917000000e+00 9.100000000000e-01
   endloop
 endfacet
 facet normal 9.238795325113e-01 3.826834323651e-01 -0.000000000000e+00
   outer loop
     vertex -1.726136306680e+01 -3.996417000000e+00 0.000000000000e+00
     vertex -1.730881576749e+01 -3.881856046424e+00 9.100000000000e-01
     vertex -1.726136306680e+01 -3.996417000000e+00 9.100000000000e-01
   endloop
 endfacet
 facet normal 9.238795325113e-01 3.826834323651e-01 0.000000000000e+00
   outer loop
     vertex -1.726136306680e+01 -3.996417000000e+00 0.000000000000e+00
     vertex -1.730881576749e+01 -3.881856046424e+00 0.000000000000e+00
     vertex -1.730881576749e+01 -3.881856046424e+00 9.100000000000e-01
   endloop
 endfacet
 facet normal 7.933533402912e-01 6.087614290087e-01 -0.000000000000e+00
   outer loop
     vertex -1.718587672106e+01 -4.094792721064e+00 0.000000000000e+00
     vertex -1.726136306680e+01 -3.996417000000e+00 9.100000000000e-01
     vertex -1.718587672106e+01 -4.094792721064e+00 9.100000000000e-01
   endloop
 endfacet
 facet normal 7.933533402912e-01 6.087614290087e-01 0.000000000000e+00
   outer loop
     vertex -1.718587672106e+01 -4.094792721064e+00 0.000000000000e+00
     vertex -1.726136306680e+01 -3.996417000000e+00 0.000000000000e+00
     vertex -1.726136306680e+01 -3.996417000000e+00 9.100000000000e-01
   endloop
 endfacet
 facet normal 6.087614290087e-01 7.933533402912e-01 -0.000000000000e+00
   outer loop
     vertex -1.708750100000e+01 -4.170279066798e+00 0.000000000000e+00
     vertex -1.718587672106e+01 -4.094792721064e+00 9.100000000000e-01
     vertex -1.708750100000e+01 -4.170279066798e+00 9.100000000000e-01
   endloop
 endfacet
 facet normal 6.087614290087e-01 7.933533402912e-01 0.000000000000e+00
   outer loop
     vertex -1.708750100000e+01 -4.170279066798e+00 0.000000000000e+00
     vertex -1.718587672106e+01 -4.094792721064e+00 0.000000000000e+00
     vertex -1.718587672106e+01 -4.094792721064e+00 9.100000000000e-01
   endloop
 endfacet
 facet normal 3.826834323651e-01 9.238795325113e-01 -0.000000000000e+00
   outer loop
     vertex -1.697294004642e+01 -4.217731767487e+00 0.000000000000e+00
     vertex -1.708750100000e+01 -4.170279066798e+00 9.100000000000e-01
     vertex -1.697294004642e+01 -4.217731767487e+00 9.100000000000e-01
   endloop
 endfacet
 facet normal 3.826834323651e-01 9.238795325113e-01 0.000000000000e+00
   outer loop
     vertex -1.697294004642e+01 -4.217731767487e+00 0.000000000000e+00
     vertex -1.708750100000e+01 -4.170279066798e+00 0.000000000000e+00
     vertex -1.708750100000e+01 -4.170279066798e+00 9.100000000000e-01
   endloop
 endfacet
 facet normal 1.305261922201e-01 9.914448613738e-01 -0.000000000000e+00
   outer loop
     vertex -1.685000100000e+01 -4.233917000000e+00 0.000000000000e+00
     vertex -1.697294004642e+01 -4.217731767487e+00 9.100000000000e-01
     vertex -1.685000100000e+01 -4.233917000000e+00 9.100000000000e-01
   endloop
 endfacet
 facet normal 1.305261922201e-01 9.914448613738e-01 0.000000000000e+00
   outer loop
     vertex -1.685000100000e+01 -4.233917000000e+00 0.000000000000e+00
     vertex -1.697294004642e+01 -4.217731767487e+00 0.000000000000e+00
     vertex -1.697294004642e+01 -4.217731767487e+00 9.100000000000e-01
   endloop
 endfacet
 facet normal -1.305261922200e-01 9.914448613738e-01 0.000000000000e+00
   outer loop
     vertex -1.672706195358e+01 2.282268232513e+00 0.000000000000e+00
     vertex -1.685000100000e+01 2.266083000000e+00 0.000000000000e+00
     vertex -1.685000100000e+01 2.266083000000e+00 9.100000000000e-01
   endloop
 endfacet
 facet normal -1.305261922200e-01 9.914448613738e-01 0.000000000000e+00
   outer loop
     vertex -1.672706195358e+01 2.282268232513e+00 0.000000000000e+00
     vertex -1.685000100000e+01 2.266083000000e+00 9.100000000000e-01
     vertex -1.672706195358e+01 2.282268232513e+00 9.100000000000e-01
   endloop
 endfacet
 facet normal -3.826834323651e-01 9.238795325113e-01 0.000000000000e+00
   outer loop
     vertex -1.661250100000e+01 2.329720933202e+00 0.000000000000e+00
     vertex -1.672706195358e+01 2.282268232513e+00 9.100000000000e-01
     vertex -1.661250100000e+01 2.329720933202e+00 9.100000000000e-01
   endloop
 endfacet
 facet normal -3.826834323651e-01 9.238795325113e-01 0.000000000000e+00
   outer loop
     vertex -1.661250100000e+01 2.329720933202e+00 0.000000000000e+00
     vertex -1.672706195358e+01 2.282268232513e+00 0.000000000000e+00
     vertex -1.672706195358e+01 2.282268232513e+00 9.100000000000e-01
   endloop
 endfacet
 facet normal -6.087614290087e-01 7.933533402912e-01 0.000000000000e+00
   outer loop
     vertex -1.651412527894e+01 2.405207278936e+00 0.000000000000e+00
     vertex -1.661250100000e+01 2.329720933202e+00 9.100000000000e-01
     vertex -1.651412527894e+01 2.405207278936e+00 9.100000000000e-01
   endloop
 endfacet
 facet normal -6.087614290087e-01 7.933533402912e-01 0.000000000000e+00
   outer loop
     vertex -1.651412527894e+01 2.405207278936e+00 0.000000000000e+00
     vertex -1.661250100000e+01 2.329720933202e+00 0.000000000000e+00
     vertex -1.661250100000e+01 2.329720933202e+00 9.100000000000e-01
   endloop
 endfacet
 facet normal -7.933533402912e-01 6.087614290087e-01 0.000000000000e+00
   outer loop
     vertex -1.643863893320e+01 2.503583000000e+00 0.000000000000e+00
     vertex -1.651412527894e+01 2.405207278936e+00 9.100000000000e-01
     vertex -1.643863893320e+01 2.503583000000e+00 9.100000000000e-01
   endloop
 endfacet
 facet normal -7.933533402912e-01 6.087614290087e-01 0.000000000000e+00
   outer loop
     vertex -1.643863893320e+01 2.503583000000e+00 0.000000000000e+00
     vertex -1.651412527894e+01 2.405207278936e+00 0.000000000000e+00
     vertex -1.651412527894e+01 2.405207278936e+00 9.100000000000e-01
   endloop
 endfacet
 facet normal -9.238795325113e-01 3.826834323651e-01 0.000000000000e+00
   outer loop
     vertex -1.639118623251e+01 2.618143953576e+00 0.000000000000e+00
     vertex -1.643863893320e+01 2.503583000000e+00 9.100000000000e-01
     vertex -1.639118623251e+01 2.618143953576e+00 9.100000000000e-01
   endloop
 endfacet
 facet normal -9.238795325113e-01 3.826834323651e-01 0.000000000000e+00
   outer loop
     vertex -1.639118623251e+01 2.618143953576e+00 0.000000000000e+00
     vertex -1.643863893320e+01 2.503583000000e+00 0.000000000000e+00
     vertex -1.643863893320e+01 2.503583000000e+00 9.100000000000e-01
   endloop
 endfacet
 facet normal -9.914448613738e-01 1.305261922200e-01 0.000000000000e+00
   outer loop
     vertex -1.637500100000e+01 2.741083000000e+00 0.000000000000e+00
     vertex -1.639118623251e+01 2.618143953576e+00 9.100000000000e-01
     vertex -1.637500100000e+01 2.741083000000e+00 9.100000000000e-01
   endloop
 endfacet
 facet normal -9.914448613738e-01 1.305261922200e-01 0.000000000000e+00
   outer loop
     vertex -1.637500100000e+01 2.741083000000e+00 0.000000000000e+00
     vertex -1.639118623251e+01 2.618143953576e+00 0.000000000000e+00
     vertex -1.639118623251e+01 2.618143953576e+00 9.100000000000e-01
   endloop
 endfacet
 facet normal -9.914448613738e-01 -1.305261922201e-01 0.000000000000e+00
   outer loop
     vertex -1.639118623251e+01 2.864022046424e+00 0.000000000000e+00
     vertex -1.637500100000e+01 2.741083000000e+00 9.100000000000e-01
     vertex -1.639118623251e+01 2.864022046424e+00 9.100000000000e-01
   endloop
 endfacet
 facet normal -9.914448613738e-01 -1.305261922201e-01 0.000000000000e+00
   outer loop
     vertex -1.639118623251e+01 2.864022046424e+00 0.000000000000e+00
     vertex -1.637500100000e+01 2.741083000000e+00 0.000000000000e+00
     vertex -1.637500100000e+01 2.741083000000e+00 9.100000000000e-01
   endloop
 endfacet
 facet normal -9.238795325113e-01 -3.826834323651e-01 0.000000000000e+00
   outer loop
     vertex -1.643863893320e+01 2.978583000000e+00 0.000000000000e+00
     vertex -1.639118623251e+01 2.864022046424e+00 9.100000000000e-01
     vertex -1.643863893320e+01 2.978583000000e+00 9.100000000000e-01
   endloop
 endfacet
 facet normal -9.238795325113e-01 -3.826834323651e-01 0.000000000000e+00
   outer loop
     vertex -1.643863893320e+01 2.978583000000e+00 0.000000000000e+00
     vertex -1.639118623251e+01 2.864022046424e+00 0.000000000000e+00
     vertex -1.639118623251e+01 2.864022046424e+00 9.100000000000e-01
   endloop
 endfacet
 facet normal -7.933533402912e-01 -6.087614290087e-01 0.000000000000e+00
   outer loop
     vertex -1.651412527894e+01 3.076958721064e+00 0.000000000000e+00
     vertex -1.643863893320e+01 2.978583000000e+00 9.100000000000e-01
     vertex -1.651412527894e+01 3.076958721064e+00 9.100000000000e-01
   endloop
 endfacet
 facet normal -7.933533402912e-01 -6.087614290087e-01 0.000000000000e+00
   outer loop
     vertex -1.651412527894e+01 3.076958721064e+00 0.000000000000e+00
     vertex -1.643863893320e+01 2.978583000000e+00 0.000000000000e+00
     vertex -1.643863893320e+01 2.978583000000e+00 9.100000000000e-01
   endloop
 endfacet
 facet normal -6.087614290087e-01 -7.933533402912e-01 0.000000000000e+00
   outer loop
     vertex -1.661250100000e+01 3.152445066798e+00 0.000000000000e+00
     vertex -1.651412527894e+01 3.076958721064e+00 9.100000000000e-01
     vertex -1.661250100000e+01 3.152445066798e+00 9.100000000000e-01
   endloop
 endfacet
 facet normal -6.087614290087e-01 -7.933533402912e-01 0.000000000000e+00
   outer loop
     vertex -1.661250100000e+01 3.152445066798e+00 0.000000000000e+00
     vertex -1.651412527894e+01 3.076958721064e+00 0.000000000000e+00
     vertex -1.651412527894e+01 3.076958721064e+00 9.100000000000e-01
   endloop
 endfacet
 facet normal -1.305261922201e-01 -9.914448613738e-01 0.000000000000e+00
   outer loop
     vertex -1.672706195358e+01 3.199897767487e+00 0.000000000000e+00
     vertex -1.672706195358e+01 3.199897767487e+00 9.100000000000e-01
     vertex -1.685000100000e+01 3.216083000000e+00 9.100000000000e-01
   endloop
 endfacet
 facet normal -3.826834323651e-01 -9.238795325113e-01 0.000000000000e+00
   outer loop
     vertex -1.672706195358e+01 3.199897767487e+00 0.000000000000e+00
     vertex -1.661250100000e+01 3.152445066798e+00 9.100000000000e-01
     vertex -1.672706195358e+01 3.199897767487e+00 9.100000000000e-01
   endloop
 endfacet
 facet normal -3.826834323651e-01 -9.238795325113e-01 0.000000000000e+00
   outer loop
     vertex -1.672706195358e+01 3.199897767487e+00 0.000000000000e+00
     vertex -1.661250100000e+01 3.152445066798e+00 0.000000000000e+00
     vertex -1.661250100000e+01 3.152445066798e+00 9.100000000000e-01
   endloop
 endfacet
 facet normal -1.305261922201e-01 -9.914448613738e-01 0.000000000000e+00
   outer loop
     vertex -1.685000100000e+01 3.216083000000e+00 0.000000000000e+00
     vertex -1.672706195358e+01 3.199897767487e+00 0.000000000000e+00
     vertex -1.685000100000e+01 3.216083000000e+00 9.100000000000e-01
   endloop
 endfacet
 facet normal 1.305261922201e-01 -9.914448613738e-01 0.000000000000e+00
   outer loop
     vertex -1.697294004642e+01 3.199897767487e+00 0.000000000000e+00
     vertex -1.685000100000e+01 3.216083000000e+00 0.000000000000e+00
     vertex -1.685000100000e+01 3.216083000000e+00 9.100000000000e-01
   endloop
 endfacet
 facet normal 1.305261922201e-01 -9.914448613738e-01 0.000000000000e+00
   outer loop
     vertex -1.697294004642e+01 3.199897767487e+00 0.000000000000e+00
     vertex -1.685000100000e+01 3.216083000000e+00 9.100000000000e-01
     vertex -1.697294004642e+01 3.199897767487e+00 9.100000000000e-01
   endloop
 endfacet
 facet normal 3.826834323651e-01 -9.238795325113e-01 0.000000000000e+00
   outer loop
     vertex -1.708750100000e+01 3.152445066798e+00 0.000000000000e+00
     vertex -1.697294004642e+01 3.199897767487e+00 0.000000000000e+00
     vertex -1.697294004642e+01 3.199897767487e+00 9.100000000000e-01
   endloop
 endfacet
 facet normal 3.826834323651e-01 -9.238795325113e-01 0.000000000000e+00
   outer loop
     vertex -1.708750100000e+01 3.152445066798e+00 0.000000000000e+00
     vertex -1.697294004642e+01 3.199897767487e+00 9.100000000000e-01
     vertex -1.708750100000e+01 3.152445066798e+00 9.100000000000e-01
   endloop
 endfacet
 facet normal 6.087614290087e-01 -7.933533402912e-01 0.000000000000e+00
   outer loop
     vertex -1.718587672106e+01 3.076958721064e+00 0.000000000000e+00
     vertex -1.708750100000e+01 3.152445066798e+00 0.000000000000e+00
     vertex -1.708750100000e+01 3.152445066798e+00 9.100000000000e-01
   endloop
 endfacet
 facet normal 7.933533402912e-01 -6.087614290087e-01 0.000000000000e+00
   outer loop
     vertex -1.718587672106e+01 3.076958721064e+00 0.000000000000e+00
     vertex -1.718587672106e+01 3.076958721064e+00 9.100000000000e-01
     vertex -1.726136306680e+01 2.978583000000e+00 9.100000000000e-01
   endloop
 endfacet
 facet normal 6.087614290087e-01 -7.933533402912e-01 0.000000000000e+00
   outer loop
     vertex -1.718587672106e+01 3.076958721064e+00 0.000000000000e+00
     vertex -1.708750100000e+01 3.152445066798e+00 9.100000000000e-01
     vertex -1.718587672106e+01 3.076958721064e+00 9.100000000000e-01
   endloop
 endfacet
 facet normal 7.933533402912e-01 -6.087614290087e-01 0.000000000000e+00
   outer loop
     vertex -1.726136306680e+01 2.978583000000e+00 0.000000000000e+00
     vertex -1.718587672106e+01 3.076958721064e+00 0.000000000000e+00
     vertex -1.726136306680e+01 2.978583000000e+00 9.100000000000e-01
   endloop
 endfacet
 facet normal 9.238795325113e-01 -3.826834323651e-01 0.000000000000e+00
   outer loop
     vertex -1.730881576749e+01 2.864022046424e+00 0.000000000000e+00
     vertex -1.726136306680e+01 2.978583000000e+00 0.000000000000e+00
     vertex -1.726136306680e+01 2.978583000000e+00 9.100000000000e-01
   endloop
 endfacet
 facet normal 9.238795325113e-01 -3.826834323651e-01 0.000000000000e+00
   outer loop
     vertex -1.730881576749e+01 2.864022046424e+00 0.000000000000e+00
     vertex -1.726136306680e+01 2.978583000000e+00 9.100000000000e-01
     vertex -1.730881576749e+01 2.864022046424e+00 9.100000000000e-01
   endloop
 endfacet
 facet normal 9.914448613738e-01 -1.305261922200e-01 0.000000000000e+00
   outer loop
     vertex -1.732500100000e+01 2.741083000000e+00 0.000000000000e+00
     vertex -1.730881576749e+01 2.864022046424e+00 0.000000000000e+00
     vertex -1.730881576749e+01 2.864022046424e+00 9.100000000000e-01
   endloop
 endfacet
 facet normal 9.914448613738e-01 -1.305261922200e-01 0.000000000000e+00
   outer loop
     vertex -1.732500100000e+01 2.741083000000e+00 0.000000000000e+00
     vertex -1.730881576749e+01 2.864022046424e+00 9.100000000000e-01
     vertex -1.732500100000e+01 2.741083000000e+00 9.100000000000e-01
   endloop
 endfacet
 facet normal 9.914448613738e-01 1.305261922201e-01 -0.000000000000e+00
   outer loop
     vertex -1.730881576749e+01 2.618143953576e+00 0.000000000000e+00
     vertex -1.732500100000e+01 2.741083000000e+00 9.100000000000e-01
     vertex -1.730881576749e+01 2.618143953576e+00 9.100000000000e-01
   endloop
 endfacet
 facet normal 9.914448613738e-01 1.305261922201e-01 0.000000000000e+00
   outer loop
     vertex -1.730881576749e+01 2.618143953576e+00 0.000000000000e+00
     vertex -1.732500100000e+01 2.741083000000e+00 0.000000000000e+00
     vertex -1.732500100000e+01 2.741083000000e+00 9.100000000000e-01
   endloop
 endfacet
 facet normal 9.238795325113e-01 3.826834323651e-01 -0.000000000000e+00
   outer loop
     vertex -1.726136306680e+01 2.503583000000e+00 0.000000000000e+00
     vertex -1.730881576749e+01 2.618143953576e+00 9.100000000000e-01
     vertex -1.726136306680e+01 2.503583000000e+00 9.100000000000e-01
   endloop
 endfacet
 facet normal 9.238795325113e-01 3.826834323651e-01 0.000000000000e+00
   outer loop
     vertex -1.726136306680e+01 2.503583000000e+00 0.000000000000e+00
     vertex -1.730881576749e+01 2.618143953576e+00 0.000000000000e+00
     vertex -1.730881576749e+01 2.618143953576e+00 9.100000000000e-01
   endloop
 endfacet
 facet normal 7.933533402912e-01 6.087614290087e-01 -0.000000000000e+00
   outer loop
     vertex -1.718587672106e+01 2.405207278936e+00 0.000000000000e+00
     vertex -1.726136306680e+01 2.503583000000e+00 9.100000000000e-01
     vertex -1.718587672106e+01 2.405207278936e+00 9.100000000000e-01
   endloop
 endfacet
 facet normal 7.933533402912e-01 6.087614290087e-01 0.000000000000e+00
   outer loop
     vertex -1.718587672106e+01 2.405207278936e+00 0.000000000000e+00
     vertex -1.726136306680e+01 2.503583000000e+00 0.000000000000e+00
     vertex -1.726136306680e+01 2.503583000000e+00 9.100000000000e-01
   endloop
 endfacet
 facet normal 6.087614290087e-01 7.933533402912e-01 -0.000000000000e+00
   outer loop
     vertex -1.708750100000e+01 2.329720933202e+00 0.000000000000e+00
     vertex -1.718587672106e+01 2.405207278936e+00 9.100000000000e-01
     vertex -1.708750100000e+01 2.329720933202e+00 9.100000000000e-01
   endloop
 endfacet
 facet normal 6.087614290087e-01 7.933533402912e-01 0.000000000000e+00
   outer loop
     vertex -1.708750100000e+01 2.329720933202e+00 0.000000000000e+00
     vertex -1.718587672106e+01 2.405207278936e+00 0.000000000000e+00
     vertex -1.718587672106e+01 2.405207278936e+00 9.100000000000e-01
   endloop
 endfacet
 facet normal 3.826834323651e-01 9.238795325113e-01 -0.000000000000e+00
   outer loop
     vertex -1.697294004642e+01 2.282268232513e+00 0.000000000000e+00
     vertex -1.708750100000e+01 2.329720933202e+00 9.100000000000e-01
     vertex -1.697294004642e+01 2.282268232513e+00 9.100000000000e-01
   endloop
 endfacet
 facet normal 3.826834323651e-01 9.238795325113e-01 0.000000000000e+00
   outer loop
     vertex -1.697294004642e+01 2.282268232513e+00 0.000000000000e+00
     vertex -1.708750100000e+01 2.329720933202e+00 0.000000000000e+00
     vertex -1.708750100000e+01 2.329720933202e+00 9.100000000000e-01
   endloop
 endfacet
 facet normal 1.305261922201e-01 9.914448613738e-01 -0.000000000000e+00
   outer loop
     vertex -1.685000100000e+01 2.266083000000e+00 0.000000000000e+00
     vertex -1.697294004642e+01 2.282268232513e+00 9.100000000000e-01
     vertex -1.685000100000e+01 2.266083000000e+00 9.100000000000e-01
   endloop
 endfacet
 facet normal 1.305261922201e-01 9.914448613738e-01 0.000000000000e+00
   outer loop
     vertex -1.685000100000e+01 2.266083000000e+00 0.000000000000e+00
     vertex -1.697294004642e+01 2.282268232513e+00 0.000000000000e+00
     vertex -1.697294004642e+01 2.282268232513e+00 9.100000000000e-01
   endloop
 endfacet
 facet normal -1.205366802553e-01 9.927088740981e-01 0.000000000000e+00
   outer loop
     vertex -1.749018221214e+01 4.148335894342e+00 0.000000000000e+00
     vertex -1.755001400000e+01 4.141071000000e+00 0.000000000000e+00
     vertex -1.755001400000e+01 4.141071000000e+00 9.100000000000e-01
   endloop
 endfacet
 facet normal -1.205366802553e-01 9.927088740981e-01 0.000000000000e+00
   outer loop
     vertex -1.749018221214e+01 4.148335894342e+00 0.000000000000e+00
     vertex -1.755001400000e+01 4.141071000000e+00 9.100000000000e-01
     vertex -1.749018221214e+01 4.148335894342e+00 9.100000000000e-01
   endloop
 endfacet
 facet normal -3.546048870425e-01 9.350162426854e-01 0.000000000000e+00
   outer loop
     vertex -1.743382763031e+01 4.169708368114e+00 0.000000000000e+00
     vertex -1.749018221214e+01 4.148335894342e+00 9.100000000000e-01
     vertex -1.743382763031e+01 4.169708368114e+00 9.100000000000e-01
   endloop
 endfacet
 facet normal -3.546048870425e-01 9.350162426854e-01 0.000000000000e+00
   outer loop
     vertex -1.743382763031e+01 4.169708368114e+00 0.000000000000e+00
     vertex -1.749018221214e+01 4.148335894342e+00 0.000000000000e+00
     vertex -1.749018221214e+01 4.148335894342e+00 9.100000000000e-01
   endloop
 endfacet
 facet normal -5.680647467311e-01 8.229838658937e-01 0.000000000000e+00
   outer loop
     vertex -1.738422537797e+01 4.203946330828e+00 0.000000000000e+00
     vertex -1.743382763031e+01 4.169708368114e+00 9.100000000000e-01
     vertex -1.738422537797e+01 4.203946330828e+00 9.100000000000e-01
   endloop
 endfacet
 facet normal -5.680647467311e-01 8.229838658937e-01 0.000000000000e+00
   outer loop
     vertex -1.738422537797e+01 4.203946330828e+00 0.000000000000e+00
     vertex -1.743382763031e+01 4.169708368114e+00 0.000000000000e+00
     vertex -1.743382763031e+01 4.169708368114e+00 9.100000000000e-01
   endloop
 endfacet
 facet normal -7.485107481711e-01 6.631226582408e-01 0.000000000000e+00
   outer loop
     vertex -1.734425815772e+01 4.249059996540e+00 0.000000000000e+00
     vertex -1.738422537797e+01 4.203946330828e+00 9.100000000000e-01
     vertex -1.734425815772e+01 4.249059996540e+00 9.100000000000e-01
   endloop
 endfacet
 facet normal -7.485107481711e-01 6.631226582408e-01 0.000000000000e+00
   outer loop
     vertex -1.734425815772e+01 4.249059996540e+00 0.000000000000e+00
     vertex -1.738422537797e+01 4.203946330828e+00 0.000000000000e+00
     vertex -1.738422537797e+01 4.203946330828e+00 9.100000000000e-01
   endloop
 endfacet
 facet normal -8.854560256532e-01 4.647231720438e-01 0.000000000000e+00
   outer loop
     vertex -1.731624871913e+01 4.302427522981e+00 0.000000000000e+00
     vertex -1.734425815772e+01 4.249059996540e+00 9.100000000000e-01
     vertex -1.731624871913e+01 4.302427522981e+00 9.100000000000e-01
   endloop
 endfacet
 facet normal -8.854560256532e-01 4.647231720438e-01 0.000000000000e+00
   outer loop
     vertex -1.731624871913e+01 4.302427522981e+00 0.000000000000e+00
     vertex -1.734425815772e+01 4.249059996540e+00 0.000000000000e+00
     vertex -1.734425815772e+01 4.249059996540e+00 9.100000000000e-01
   endloop
 endfacet
 facet normal -1.000000000000e+00 0.000000000000e+00 0.000000000000e+00
   outer loop
     vertex -1.730182486897e+01 4.360947383496e+00 0.000000000000e+00
     vertex -1.730182486897e+01 4.360947383496e+00 9.100000000000e-01
     vertex -1.730182486897e+01 4.421218616504e+00 9.100000000000e-01
   endloop
 endfacet
 facet normal -9.709418174261e-01 2.393156642875e-01 0.000000000000e+00
   outer loop
     vertex -1.730182486897e+01 4.360947383496e+00 0.000000000000e+00
     vertex -1.731624871913e+01 4.302427522981e+00 9.100000000000e-01
     vertex -1.730182486897e+01 4.360947383496e+00 9.100000000000e-01
   endloop
 endfacet
 facet normal -9.709418174261e-01 2.393156642875e-01 0.000000000000e+00
   outer loop
     vertex -1.730182486897e+01 4.360947383496e+00 0.000000000000e+00
     vertex -1.731624871913e+01 4.302427522981e+00 0.000000000000e+00
     vertex -1.731624871913e+01 4.302427522981e+00 9.100000000000e-01
   endloop
 endfacet
 facet normal -1.000000000000e+00 0.000000000000e+00 0.000000000000e+00
   outer loop
     vertex -1.730182486897e+01 4.421218616504e+00 0.000000000000e+00
     vertex -1.730182486897e+01 4.360947383496e+00 0.000000000000e+00
     vertex -1.730182486897e+01 4.421218616504e+00 9.100000000000e-01
   endloop
 endfacet
 facet normal -9.709418174261e-01 -2.393156642875e-01 0.000000000000e+00
   outer loop
     vertex -1.731624871913e+01 4.479738477019e+00 0.000000000000e+00
     vertex -1.730182486897e+01 4.421218616504e+00 9.100000000000e-01
     vertex -1.731624871913e+01 4.479738477019e+00 9.100000000000e-01
   endloop
 endfacet
 facet normal -9.709418174261e-01 -2.393156642875e-01 0.000000000000e+00
   outer loop
     vertex -1.731624871913e+01 4.479738477019e+00 0.000000000000e+00
     vertex -1.730182486897e+01 4.421218616504e+00 0.000000000000e+00
     vertex -1.730182486897e+01 4.421218616504e+00 9.100000000000e-01
   endloop
 endfacet
 facet normal -8.854560256532e-01 -4.647231720438e-01 0.000000000000e+00
   outer loop
     vertex -1.734425815772e+01 4.533106003460e+00 0.000000000000e+00
     vertex -1.731624871913e+01 4.479738477019e+00 9.100000000000e-01
     vertex -1.734425815772e+01 4.533106003460e+00 9.100000000000e-01
   endloop
 endfacet
 facet normal -8.854560256532e-01 -4.647231720438e-01 0.000000000000e+00
   outer loop
     vertex -1.734425815772e+01 4.533106003460e+00 0.000000000000e+00
     vertex -1.731624871913e+01 4.479738477019e+00 0.000000000000e+00
     vertex -1.731624871913e+01 4.479738477019e+00 9.100000000000e-01
   endloop
 endfacet
 facet normal -7.485107481711e-01 -6.631226582408e-01 0.000000000000e+00
   outer loop
     vertex -1.738422537797e+01 4.578219669172e+00 0.000000000000e+00
     vertex -1.734425815772e+01 4.533106003460e+00 9.100000000000e-01
     vertex -1.738422537797e+01 4.578219669172e+00 9.100000000000e-01
   endloop
 endfacet
 facet normal -7.485107481711e-01 -6.631226582408e-01 0.000000000000e+00
   outer loop
     vertex -1.738422537797e+01 4.578219669172e+00 0.000000000000e+00
     vertex -1.734425815772e+01 4.533106003460e+00 0.000000000000e+00
     vertex -1.734425815772e+01 4.533106003460e+00 9.100000000000e-01
   endloop
 endfacet
 facet normal -5.680647467311e-01 -8.229838658937e-01 0.000000000000e+00
   outer loop
     vertex -1.743382763031e+01 4.612457631886e+00 0.000000000000e+00
     vertex -1.738422537797e+01 4.578219669172e+00 9.100000000000e-01
     vertex -1.743382763031e+01 4.612457631886e+00 9.100000000000e-01
   endloop
 endfacet
 facet normal -5.680647467311e-01 -8.229838658937e-01 0.000000000000e+00
   outer loop
     vertex -1.743382763031e+01 4.612457631886e+00 0.000000000000e+00
     vertex -1.738422537797e+01 4.578219669172e+00 0.000000000000e+00
     vertex -1.738422537797e+01 4.578219669172e+00 9.100000000000e-01
   endloop
 endfacet
 facet normal -1.205366802553e-01 -9.927088740981e-01 0.000000000000e+00
   outer loop
     vertex -1.749018221214e+01 4.633830105658e+00 0.000000000000e+00
     vertex -1.749018221214e+01 4.633830105658e+00 9.100000000000e-01
     vertex -1.755001400000e+01 4.641095000000e+00 9.100000000000e-01
   endloop
 endfacet
 facet normal -3.546048870425e-01 -9.350162426854e-01 0.000000000000e+00
   outer loop
     vertex -1.749018221214e+01 4.633830105658e+00 0.000000000000e+00
     vertex -1.743382763031e+01 4.612457631886e+00 9.100000000000e-01
     vertex -1.749018221214e+01 4.633830105658e+00 9.100000000000e-01
   endloop
 endfacet
 facet normal -3.546048870425e-01 -9.350162426854e-01 0.000000000000e+00
   outer loop
     vertex -1.749018221214e+01 4.633830105658e+00 0.000000000000e+00
     vertex -1.743382763031e+01 4.612457631886e+00 0.000000000000e+00
     vertex -1.743382763031e+01 4.612457631886e+00 9.100000000000e-01
   endloop
 endfacet
 facet normal -1.205366802553e-01 -9.927088740981e-01 0.000000000000e+00
   outer loop
     vertex -1.755001400000e+01 4.641095000000e+00 0.000000000000e+00
     vertex -1.749018221214e+01 4.633830105658e+00 0.000000000000e+00
     vertex -1.755001400000e+01 4.641095000000e+00 9.100000000000e-01
   endloop
 endfacet
 facet normal 0.000000000000e+00 -1.000000000000e+00 0.000000000000e+00
   outer loop
     vertex -1.894998600000e+01 4.641095000000e+00 0.000000000000e+00
     vertex -1.755001400000e+01 4.641095000000e+00 0.000000000000e+00
     vertex -1.755001400000e+01 4.641095000000e+00 9.100000000000e-01
   endloop
 endfacet
 facet normal 0.000000000000e+00 -1.000000000000e+00 0.000000000000e+00
   outer loop
     vertex -1.894998600000e+01 4.641095000000e+00 0.000000000000e+00
     vertex -1.755001400000e+01 4.641095000000e+00 9.100000000000e-01
     vertex -1.894998600000e+01 4.641095000000e+00 9.100000000000e-01
   endloop
 endfacet
 facet normal 1.205366802553e-01 -9.927088740981e-01 0.000000000000e+00
   outer loop
     vertex -1.900981778786e+01 4.633830105658e+00 0.000000000000e+00
     vertex -1.894998600000e+01 4.641095000000e+00 0.000000000000e+00
     vertex -1.894998600000e+01 4.641095000000e+00 9.100000000000e-01
   endloop
 endfacet
 facet normal 1.205366802553e-01 -9.927088740981e-01 0.000000000000e+00
   outer loop
     vertex -1.900981778786e+01 4.633830105658e+00 0.000000000000e+00
     vertex -1.894998600000e+01 4.641095000000e+00 9.100000000000e-01
     vertex -1.900981778786e+01 4.633830105658e+00 9.100000000000e-01
   endloop
 endfacet
 facet normal 3.546048870425e-01 -9.350162426854e-01 0.000000000000e+00
   outer loop
     vertex -1.906617236969e+01 4.612457631886e+00 0.000000000000e+00
     vertex -1.900981778786e+01 4.633830105658e+00 9.100000000000e-01
     vertex -1.906617236969e+01 4.612457631886e+00 9.100000000000e-01
   endloop
 endfacet
 facet normal 3.546048870425e-01 -9.350162426854e-01 0.000000000000e+00
   outer loop
     vertex -1.906617236969e+01 4.612457631886e+00 0.000000000000e+00
     vertex -1.900981778786e+01 4.633830105658e+00 0.000000000000e+00
     vertex -1.900981778786e+01 4.633830105658e+00 9.100000000000e-01
   endloop
 endfacet
 facet normal 5.680647467311e-01 -8.229838658937e-01 0.000000000000e+00
   outer loop
     vertex -1.911577462203e+01 4.578219669172e+00 0.000000000000e+00
     vertex -1.906617236969e+01 4.612457631886e+00 9.100000000000e-01
     vertex -1.911577462203e+01 4.578219669172e+00 9.100000000000e-01
   endloop
 endfacet
 facet normal 5.680647467311e-01 -8.229838658937e-01 0.000000000000e+00
   outer loop
     vertex -1.911577462203e+01 4.578219669172e+00 0.000000000000e+00
     vertex -1.906617236969e+01 4.612457631886e+00 0.000000000000e+00
     vertex -1.906617236969e+01 4.612457631886e+00 9.100000000000e-01
   endloop
 endfacet
 facet normal 7.485107481711e-01 -6.631226582408e-01 0.000000000000e+00
   outer loop
     vertex -1.915574184228e+01 4.533106003460e+00 0.000000000000e+00
     vertex -1.911577462203e+01 4.578219669172e+00 9.100000000000e-01
     vertex -1.915574184228e+01 4.533106003460e+00 9.100000000000e-01
   endloop
 endfacet
 facet normal 7.485107481711e-01 -6.631226582408e-01 0.000000000000e+00
   outer loop
     vertex -1.915574184228e+01 4.533106003460e+00 0.000000000000e+00
     vertex -1.911577462203e+01 4.578219669172e+00 0.000000000000e+00
     vertex -1.911577462203e+01 4.578219669172e+00 9.100000000000e-01
   endloop
 endfacet
 facet normal 8.854560256532e-01 -4.647231720438e-01 0.000000000000e+00
   outer loop
     vertex -1.918375128087e+01 4.479738477019e+00 0.000000000000e+00
     vertex -1.915574184228e+01 4.533106003460e+00 9.100000000000e-01
     vertex -1.918375128087e+01 4.479738477019e+00 9.100000000000e-01
   endloop
 endfacet
 facet normal 8.854560256532e-01 -4.647231720438e-01 0.000000000000e+00
   outer loop
     vertex -1.918375128087e+01 4.479738477019e+00 0.000000000000e+00
     vertex -1.915574184228e+01 4.533106003460e+00 0.000000000000e+00
     vertex -1.915574184228e+01 4.533106003460e+00 9.100000000000e-01
   endloop
 endfacet
 facet normal 1.000000000000e+00 0.000000000000e+00 -0.000000000000e+00
   outer loop
     vertex -1.919817513103e+01 4.421218616504e+00 0.000000000000e+00
     vertex -1.919817513103e+01 4.421218616504e+00 9.100000000000e-01
     vertex -1.919817513103e+01 4.360947383496e+00 9.100000000000e-01
   endloop
 endfacet
 facet normal 9.709418174261e-01 -2.393156642875e-01 0.000000000000e+00
   outer loop
     vertex -1.919817513103e+01 4.421218616504e+00 0.000000000000e+00
     vertex -1.918375128087e+01 4.479738477019e+00 9.100000000000e-01
     vertex -1.919817513103e+01 4.421218616504e+00 9.100000000000e-01
   endloop
 endfacet
 facet normal 9.709418174261e-01 -2.393156642875e-01 0.000000000000e+00
   outer loop
     vertex -1.919817513103e+01 4.421218616504e+00 0.000000000000e+00
     vertex -1.918375128087e+01 4.479738477019e+00 0.000000000000e+00
     vertex -1.918375128087e+01 4.479738477019e+00 9.100000000000e-01
   endloop
 endfacet
 facet normal 1.000000000000e+00 0.000000000000e+00 0.000000000000e+00
   outer loop
     vertex -1.919817513103e+01 4.360947383496e+00 0.000000000000e+00
     vertex -1.919817513103e+01 4.421218616504e+00 0.000000000000e+00
     vertex -1.919817513103e+01 4.360947383496e+00 9.100000000000e-01
   endloop
 endfacet
 facet normal 9.709418174261e-01 2.393156642875e-01 -0.000000000000e+00
   outer loop
     vertex -1.918375128087e+01 4.302427522981e+00 0.000000000000e+00
     vertex -1.919817513103e+01 4.360947383496e+00 9.100000000000e-01
     vertex -1.918375128087e+01 4.302427522981e+00 9.100000000000e-01
   endloop
 endfacet
 facet normal 9.709418174261e-01 2.393156642875e-01 0.000000000000e+00
   outer loop
     vertex -1.918375128087e+01 4.302427522981e+00 0.000000000000e+00
     vertex -1.919817513103e+01 4.360947383496e+00 0.000000000000e+00
     vertex -1.919817513103e+01 4.360947383496e+00 9.100000000000e-01
   endloop
 endfacet
 facet normal 8.854560256532e-01 4.647231720438e-01 -0.000000000000e+00
   outer loop
     vertex -1.915574184228e+01 4.249059996540e+00 0.000000000000e+00
     vertex -1.918375128087e+01 4.302427522981e+00 9.100000000000e-01
     vertex -1.915574184228e+01 4.249059996540e+00 9.100000000000e-01
   endloop
 endfacet
 facet normal 8.854560256532e-01 4.647231720438e-01 0.000000000000e+00
   outer loop
     vertex -1.915574184228e+01 4.249059996540e+00 0.000000000000e+00
     vertex -1.918375128087e+01 4.302427522981e+00 0.000000000000e+00
     vertex -1.918375128087e+01 4.302427522981e+00 9.100000000000e-01
   endloop
 endfacet
 facet normal 7.485107481711e-01 6.631226582408e-01 -0.000000000000e+00
   outer loop
     vertex -1.911577462203e+01 4.203946330828e+00 0.000000000000e+00
     vertex -1.915574184228e+01 4.249059996540e+00 9.100000000000e-01
     vertex -1.911577462203e+01 4.203946330828e+00 9.100000000000e-01
   endloop
 endfacet
 facet normal 7.485107481711e-01 6.631226582408e-01 0.000000000000e+00
   outer loop
     vertex -1.911577462203e+01 4.203946330828e+00 0.000000000000e+00
     vertex -1.915574184228e+01 4.249059996540e+00 0.000000000000e+00
     vertex -1.915574184228e+01 4.249059996540e+00 9.100000000000e-01
   endloop
 endfacet
 facet normal 5.680647467311e-01 8.229838658937e-01 -0.000000000000e+00
   outer loop
     vertex -1.906617236969e+01 4.169708368114e+00 0.000000000000e+00
     vertex -1.911577462203e+01 4.203946330828e+00 9.100000000000e-01
     vertex -1.906617236969e+01 4.169708368114e+00 9.100000000000e-01
   endloop
 endfacet
 facet normal 5.680647467311e-01 8.229838658937e-01 0.000000000000e+00
   outer loop
     vertex -1.906617236969e+01 4.169708368114e+00 0.000000000000e+00
     vertex -1.911577462203e+01 4.203946330828e+00 0.000000000000e+00
     vertex -1.911577462203e+01 4.203946330828e+00 9.100000000000e-01
   endloop
 endfacet
 facet normal 1.205366802553e-01 9.927088740981e-01 -0.000000000000e+00
   outer loop
     vertex -1.900981778786e+01 4.148335894342e+00 0.000000000000e+00
     vertex -1.900981778786e+01 4.148335894342e+00 9.100000000000e-01
     vertex -1.894998600000e+01 4.141071000000e+00 9.100000000000e-01
   endloop
 endfacet
 facet normal 3.546048870425e-01 9.350162426854e-01 -0.000000000000e+00
   outer loop
     vertex -1.900981778786e+01 4.148335894342e+00 0.000000000000e+00
     vertex -1.906617236969e+01 4.169708368114e+00 9.100000000000e-01
     vertex -1.900981778786e+01 4.148335894342e+00 9.100000000000e-01
   endloop
 endfacet
 facet normal 3.546048870425e-01 9.350162426854e-01 0.000000000000e+00
   outer loop
     vertex -1.900981778786e+01 4.148335894342e+00 0.000000000000e+00
     vertex -1.906617236969e+01 4.169708368114e+00 0.000000000000e+00
     vertex -1.906617236969e+01 4.169708368114e+00 9.100000000000e-01
   endloop
 endfacet
 facet normal 1.205366802553e-01 9.927088740981e-01 -0.000000000000e+00
   outer loop
     vertex -1.894998600000e+01 4.141071000000e+00 0.000000000000e+00
     vertex -1.900981778786e+01 4.148335894342e+00 0.000000000000e+00
     vertex -1.894998600000e+01 4.141071000000e+00 9.100000000000e-01
   endloop
 endfacet
 facet normal 0.000000000000e+00 1.000000000000e+00 0.000000000000e+00
   outer loop
     vertex -1.755001400000e+01 4.141071000000e+00 0.000000000000e+00
     vertex -1.894998600000e+01 4.141071000000e+00 0.000000000000e+00
     vertex -1.894998600000e+01 4.141071000000e+00 9.100000000000e-01
   endloop
 endfacet
 facet normal 0.000000000000e+00 1.000000000000e+00 -0.000000000000e+00
   outer loop
     vertex -1.755001400000e+01 4.141071000000e+00 0.000000000000e+00
     vertex -1.894998600000e+01 4.141071000000e+00 9.100000000000e-01
     vertex -1.755001400000e+01 4.141071000000e+00 9.100000000000e-01
   endloop
 endfacet
 facet normal -1.305261922201e-01 9.914448613738e-01 0.000000000000e+00
   outer loop
     vertex 1.480352761804e+01 -1.535287330516e+00 0.000000000000e+00
     vertex 1.470000000000e+01 -1.548917000000e+00 0.000000000000e+00
     vertex 1.470000000000e+01 -1.548917000000e+00 9.100000000000e-01
   endloop
 endfacet
 facet normal -1.305261922201e-01 9.914448613738e-01 0.000000000000e+00
   outer loop
     vertex 1.480352761804e+01 -1.535287330516e+00 0.000000000000e+00
     vertex 1.470000000000e+01 -1.548917000000e+00 9.100000000000e-01
     vertex 1.480352761804e+01 -1.535287330516e+00 9.100000000000e-01
   endloop
 endfacet
 facet normal -3.826834323651e-01 9.238795325113e-01 0.000000000000e+00
   outer loop
     vertex 1.490000000000e+01 -1.495327161514e+00 0.000000000000e+00
     vertex 1.480352761804e+01 -1.535287330516e+00 9.100000000000e-01
     vertex 1.490000000000e+01 -1.495327161514e+00 9.100000000000e-01
   endloop
 endfacet
 facet normal -3.826834323651e-01 9.238795325113e-01 0.000000000000e+00
   outer loop
     vertex 1.490000000000e+01 -1.495327161514e+00 0.000000000000e+00
     vertex 1.480352761804e+01 -1.535287330516e+00 0.000000000000e+00
     vertex 1.480352761804e+01 -1.535287330516e+00 9.100000000000e-01
   endloop
 endfacet
 facet normal -6.087614290087e-01 7.933533402912e-01 0.000000000000e+00
   outer loop
     vertex 1.498284271247e+01 -1.431759712475e+00 0.000000000000e+00
     vertex 1.490000000000e+01 -1.495327161514e+00 9.100000000000e-01
     vertex 1.498284271247e+01 -1.431759712475e+00 9.100000000000e-01
   endloop
 endfacet
 facet normal -6.087614290087e-01 7.933533402912e-01 0.000000000000e+00
   outer loop
     vertex 1.498284271247e+01 -1.431759712475e+00 0.000000000000e+00
     vertex 1.490000000000e+01 -1.495327161514e+00 0.000000000000e+00
     vertex 1.490000000000e+01 -1.495327161514e+00 9.100000000000e-01
   endloop
 endfacet
 facet normal -7.933533402912e-01 6.087614290087e-01 0.000000000000e+00
   outer loop
     vertex 1.504641016151e+01 -1.348917000000e+00 0.000000000000e+00
     vertex 1.498284271247e+01 -1.431759712475e+00 9.100000000000e-01
     vertex 1.504641016151e+01 -1.348917000000e+00 9.100000000000e-01
   endloop
 endfacet
 facet normal -7.933533402912e-01 6.087614290087e-01 0.000000000000e+00
   outer loop
     vertex 1.504641016151e+01 -1.348917000000e+00 0.000000000000e+00
     vertex 1.498284271247e+01 -1.431759712475e+00 0.000000000000e+00
     vertex 1.498284271247e+01 -1.431759712475e+00 9.100000000000e-01
   endloop
 endfacet
 facet normal -9.238795325113e-01 3.826834323651e-01 0.000000000000e+00
   outer loop
     vertex 1.508637033052e+01 -1.252444618041e+00 0.000000000000e+00
     vertex 1.504641016151e+01 -1.348917000000e+00 9.100000000000e-01
     vertex 1.508637033052e+01 -1.252444618041e+00 9.100000000000e-01
   endloop
 endfacet
 facet normal -9.238795325113e-01 3.826834323651e-01 0.000000000000e+00
   outer loop
     vertex 1.508637033052e+01 -1.252444618041e+00 0.000000000000e+00
     vertex 1.504641016151e+01 -1.348917000000e+00 0.000000000000e+00
     vertex 1.504641016151e+01 -1.348917000000e+00 9.100000000000e-01
   endloop
 endfacet
 facet normal -9.914448613738e-01 1.305261922200e-01 0.000000000000e+00
   outer loop
     vertex 1.510000000000e+01 -1.148917000000e+00 0.000000000000e+00
     vertex 1.508637033052e+01 -1.252444618041e+00 9.100000000000e-01
     vertex 1.510000000000e+01 -1.148917000000e+00 9.100000000000e-01
   endloop
 endfacet
 facet normal -9.914448613738e-01 1.305261922200e-01 0.000000000000e+00
   outer loop
     vertex 1.510000000000e+01 -1.148917000000e+00 0.000000000000e+00
     vertex 1.508637033052e+01 -1.252444618041e+00 0.000000000000e+00
     vertex 1.508637033052e+01 -1.252444618041e+00 9.100000000000e-01
   endloop
 endfacet
 facet normal -9.914448613738e-01 -1.305261922200e-01 0.000000000000e+00
   outer loop
     vertex 1.508637033052e+01 -1.045389381959e+00 0.000000000000e+00
     vertex 1.510000000000e+01 -1.148917000000e+00 9.100000000000e-01
     vertex 1.508637033052e+01 -1.045389381959e+00 9.100000000000e-01
   endloop
 endfacet
 facet normal -9.914448613738e-01 -1.305261922200e-01 0.000000000000e+00
   outer loop
     vertex 1.508637033052e+01 -1.045389381959e+00 0.000000000000e+00
     vertex 1.510000000000e+01 -1.148917000000e+00 0.000000000000e+00
     vertex 1.510000000000e+01 -1.148917000000e+00 9.100000000000e-01
   endloop
 endfacet
 facet normal -9.238795325113e-01 -3.826834323651e-01 0.000000000000e+00
   outer loop
     vertex 1.504641016151e+01 -9.489170000000e-01 0.000000000000e+00
     vertex 1.508637033052e+01 -1.045389381959e+00 9.100000000000e-01
     vertex 1.504641016151e+01 -9.489170000000e-01 9.100000000000e-01
   endloop
 endfacet
 facet normal -9.238795325113e-01 -3.826834323651e-01 0.000000000000e+00
   outer loop
     vertex 1.504641016151e+01 -9.489170000000e-01 0.000000000000e+00
     vertex 1.508637033052e+01 -1.045389381959e+00 0.000000000000e+00
     vertex 1.508637033052e+01 -1.045389381959e+00 9.100000000000e-01
   endloop
 endfacet
 facet normal -7.933533402912e-01 -6.087614290087e-01 0.000000000000e+00
   outer loop
     vertex 1.498284271247e+01 -8.660742875254e-01 0.000000000000e+00
     vertex 1.504641016151e+01 -9.489170000000e-01 9.100000000000e-01
     vertex 1.498284271247e+01 -8.660742875254e-01 9.100000000000e-01
   endloop
 endfacet
 facet normal -7.933533402912e-01 -6.087614290087e-01 0.000000000000e+00
   outer loop
     vertex 1.498284271247e+01 -8.660742875254e-01 0.000000000000e+00
     vertex 1.504641016151e+01 -9.489170000000e-01 0.000000000000e+00
     vertex 1.504641016151e+01 -9.489170000000e-01 9.100000000000e-01
   endloop
 endfacet
 facet normal -6.087614290087e-01 -7.933533402912e-01 0.000000000000e+00
   outer loop
     vertex 1.490000000000e+01 -8.025068384862e-01 0.000000000000e+00
     vertex 1.498284271247e+01 -8.660742875254e-01 9.100000000000e-01
     vertex 1.490000000000e+01 -8.025068384862e-01 9.100000000000e-01
   endloop
 endfacet
 facet normal -6.087614290087e-01 -7.933533402912e-01 0.000000000000e+00
   outer loop
     vertex 1.490000000000e+01 -8.025068384862e-01 0.000000000000e+00
     vertex 1.498284271247e+01 -8.660742875254e-01 0.000000000000e+00
     vertex 1.498284271247e+01 -8.660742875254e-01 9.100000000000e-01
   endloop
 endfacet
 facet normal -1.305261922201e-01 -9.914448613738e-01 0.000000000000e+00
   outer loop
     vertex 1.480352761804e+01 -7.625466694844e-01 0.000000000000e+00
     vertex 1.480352761804e+01 -7.625466694844e-01 9.100000000000e-01
     vertex 1.470000000000e+01 -7.489170000000e-01 9.100000000000e-01
   endloop
 endfacet
 facet normal -3.826834323651e-01 -9.238795325113e-01 0.000000000000e+00
   outer loop
     vertex 1.480352761804e+01 -7.625466694844e-01 0.000000000000e+00
     vertex 1.490000000000e+01 -8.025068384862e-01 9.100000000000e-01
     vertex 1.480352761804e+01 -7.625466694844e-01 9.100000000000e-01
   endloop
 endfacet
 facet normal -3.826834323651e-01 -9.238795325113e-01 0.000000000000e+00
   outer loop
     vertex 1.480352761804e+01 -7.625466694844e-01 0.000000000000e+00
     vertex 1.490000000000e+01 -8.025068384862e-01 0.000000000000e+00
     vertex 1.490000000000e+01 -8.025068384862e-01 9.100000000000e-01
   endloop
 endfacet
 facet normal -1.305261922201e-01 -9.914448613738e-01 0.000000000000e+00
   outer loop
     vertex 1.470000000000e+01 -7.489170000000e-01 0.000000000000e+00
     vertex 1.480352761804e+01 -7.625466694844e-01 0.000000000000e+00
     vertex 1.470000000000e+01 -7.489170000000e-01 9.100000000000e-01
   endloop
 endfacet
 facet normal 1.305261922201e-01 -9.914448613738e-01 0.000000000000e+00
   outer loop
     vertex 1.459647238196e+01 -7.625466694844e-01 0.000000000000e+00
     vertex 1.470000000000e+01 -7.489170000000e-01 0.000000000000e+00
     vertex 1.470000000000e+01 -7.489170000000e-01 9.100000000000e-01
   endloop
 endfacet
 facet normal 1.305261922201e-01 -9.914448613738e-01 0.000000000000e+00
   outer loop
     vertex 1.459647238196e+01 -7.625466694844e-01 0.000000000000e+00
     vertex 1.470000000000e+01 -7.489170000000e-01 9.100000000000e-01
     vertex 1.459647238196e+01 -7.625466694844e-01 9.100000000000e-01
   endloop
 endfacet
 facet normal 3.826834323651e-01 -9.238795325113e-01 0.000000000000e+00
   outer loop
     vertex 1.450000000000e+01 -8.025068384862e-01 0.000000000000e+00
     vertex 1.459647238196e+01 -7.625466694844e-01 0.000000000000e+00
     vertex 1.459647238196e+01 -7.625466694844e-01 9.100000000000e-01
   endloop
 endfacet
 facet normal 3.826834323651e-01 -9.238795325113e-01 0.000000000000e+00
   outer loop
     vertex 1.450000000000e+01 -8.025068384862e-01 0.000000000000e+00
     vertex 1.459647238196e+01 -7.625466694844e-01 9.100000000000e-01
     vertex 1.450000000000e+01 -8.025068384862e-01 9.100000000000e-01
   endloop
 endfacet
 facet normal 6.087614290087e-01 -7.933533402912e-01 0.000000000000e+00
   outer loop
     vertex 1.441715728753e+01 -8.660742875254e-01 0.000000000000e+00
     vertex 1.450000000000e+01 -8.025068384862e-01 0.000000000000e+00
     vertex 1.450000000000e+01 -8.025068384862e-01 9.100000000000e-01
   endloop
 endfacet
 facet normal 7.933533402912e-01 -6.087614290087e-01 0.000000000000e+00
   outer loop
     vertex 1.441715728753e+01 -8.660742875254e-01 0.000000000000e+00
     vertex 1.441715728753e+01 -8.660742875254e-01 9.100000000000e-01
     vertex 1.435358983849e+01 -9.489170000000e-01 9.100000000000e-01
   endloop
 endfacet
 facet normal 6.087614290087e-01 -7.933533402912e-01 0.000000000000e+00
   outer loop
     vertex 1.441715728753e+01 -8.660742875254e-01 0.000000000000e+00
     vertex 1.450000000000e+01 -8.025068384862e-01 9.100000000000e-01
     vertex 1.441715728753e+01 -8.660742875254e-01 9.100000000000e-01
   endloop
 endfacet
 facet normal 7.933533402912e-01 -6.087614290087e-01 0.000000000000e+00
   outer loop
     vertex 1.435358983849e+01 -9.489170000000e-01 0.000000000000e+00
     vertex 1.441715728753e+01 -8.660742875254e-01 0.000000000000e+00
     vertex 1.435358983849e+01 -9.489170000000e-01 9.100000000000e-01
   endloop
 endfacet
 facet normal 9.238795325113e-01 -3.826834323651e-01 0.000000000000e+00
   outer loop
     vertex 1.431362966948e+01 -1.045389381959e+00 0.000000000000e+00
     vertex 1.435358983849e+01 -9.489170000000e-01 0.000000000000e+00
     vertex 1.435358983849e+01 -9.489170000000e-01 9.100000000000e-01
   endloop
 endfacet
 facet normal 9.238795325113e-01 -3.826834323651e-01 0.000000000000e+00
   outer loop
     vertex 1.431362966948e+01 -1.045389381959e+00 0.000000000000e+00
     vertex 1.435358983849e+01 -9.489170000000e-01 9.100000000000e-01
     vertex 1.431362966948e+01 -1.045389381959e+00 9.100000000000e-01
   endloop
 endfacet
 facet normal 9.914448613738e-01 -1.305261922200e-01 0.000000000000e+00
   outer loop
     vertex 1.430000000000e+01 -1.148917000000e+00 0.000000000000e+00
     vertex 1.431362966948e+01 -1.045389381959e+00 0.000000000000e+00
     vertex 1.431362966948e+01 -1.045389381959e+00 9.100000000000e-01
   endloop
 endfacet
 facet normal 9.914448613738e-01 -1.305261922200e-01 0.000000000000e+00
   outer loop
     vertex 1.430000000000e+01 -1.148917000000e+00 0.000000000000e+00
     vertex 1.431362966948e+01 -1.045389381959e+00 9.100000000000e-01
     vertex 1.430000000000e+01 -1.148917000000e+00 9.100000000000e-01
   endloop
 endfacet
 facet normal 9.914448613738e-01 1.305261922200e-01 -0.000000000000e+00
   outer loop
     vertex 1.431362966948e+01 -1.252444618041e+00 0.000000000000e+00
     vertex 1.430000000000e+01 -1.148917000000e+00 9.100000000000e-01
     vertex 1.431362966948e+01 -1.252444618041e+00 9.100000000000e-01
   endloop
 endfacet
 facet normal 9.914448613738e-01 1.305261922200e-01 0.000000000000e+00
   outer loop
     vertex 1.431362966948e+01 -1.252444618041e+00 0.000000000000e+00
     vertex 1.430000000000e+01 -1.148917000000e+00 0.000000000000e+00
     vertex 1.430000000000e+01 -1.148917000000e+00 9.100000000000e-01
   endloop
 endfacet
 facet normal 9.238795325113e-01 3.826834323651e-01 -0.000000000000e+00
   outer loop
     vertex 1.435358983849e+01 -1.348917000000e+00 0.000000000000e+00
     vertex 1.431362966948e+01 -1.252444618041e+00 9.100000000000e-01
     vertex 1.435358983849e+01 -1.348917000000e+00 9.100000000000e-01
   endloop
 endfacet
 facet normal 9.238795325113e-01 3.826834323651e-01 0.000000000000e+00
   outer loop
     vertex 1.435358983849e+01 -1.348917000000e+00 0.000000000000e+00
     vertex 1.431362966948e+01 -1.252444618041e+00 0.000000000000e+00
     vertex 1.431362966948e+01 -1.252444618041e+00 9.100000000000e-01
   endloop
 endfacet
 facet normal 7.933533402912e-01 6.087614290087e-01 -0.000000000000e+00
   outer loop
     vertex 1.441715728753e+01 -1.431759712475e+00 0.000000000000e+00
     vertex 1.435358983849e+01 -1.348917000000e+00 9.100000000000e-01
     vertex 1.441715728753e+01 -1.431759712475e+00 9.100000000000e-01
   endloop
 endfacet
 facet normal 7.933533402912e-01 6.087614290087e-01 0.000000000000e+00
   outer loop
     vertex 1.441715728753e+01 -1.431759712475e+00 0.000000000000e+00
     vertex 1.435358983849e+01 -1.348917000000e+00 0.000000000000e+00
     vertex 1.435358983849e+01 -1.348917000000e+00 9.100000000000e-01
   endloop
 endfacet
 facet normal 6.087614290087e-01 7.933533402912e-01 -0.000000000000e+00
   outer loop
     vertex 1.450000000000e+01 -1.495327161514e+00 0.000000000000e+00
     vertex 1.441715728753e+01 -1.431759712475e+00 9.100000000000e-01
     vertex 1.450000000000e+01 -1.495327161514e+00 9.100000000000e-01
   endloop
 endfacet
 facet normal 6.087614290087e-01 7.933533402912e-01 0.000000000000e+00
   outer loop
     vertex 1.450000000000e+01 -1.495327161514e+00 0.000000000000e+00
     vertex 1.441715728753e+01 -1.431759712475e+00 0.000000000000e+00
     vertex 1.441715728753e+01 -1.431759712475e+00 9.100000000000e-01
   endloop
 endfacet
 facet normal 3.826834323651e-01 9.238795325113e-01 -0.000000000000e+00
   outer loop
     vertex 1.459647238196e+01 -1.535287330516e+00 0.000000000000e+00
     vertex 1.450000000000e+01 -1.495327161514e+00 9.100000000000e-01
     vertex 1.459647238196e+01 -1.535287330516e+00 9.100000000000e-01
   endloop
 endfacet
 facet normal 3.826834323651e-01 9.238795325113e-01 0.000000000000e+00
   outer loop
     vertex 1.459647238196e+01 -1.535287330516e+00 0.000000000000e+00
     vertex 1.450000000000e+01 -1.495327161514e+00 0.000000000000e+00
     vertex 1.450000000000e+01 -1.495327161514e+00 9.100000000000e-01
   endloop
 endfacet
 facet normal 1.305261922201e-01 9.914448613738e-01 -0.000000000000e+00
   outer loop
     vertex 1.470000000000e+01 -1.548917000000e+00 0.000000000000e+00
     vertex 1.459647238196e+01 -1.535287330516e+00 9.100000000000e-01
     vertex 1.470000000000e+01 -1.548917000000e+00 9.100000000000e-01
   endloop
 endfacet
 facet normal 1.305261922201e-01 9.914448613738e-01 0.000000000000e+00
   outer loop
     vertex 1.470000000000e+01 -1.548917000000e+00 0.000000000000e+00
     vertex 1.459647238196e+01 -1.535287330516e+00 0.000000000000e+00
     vertex 1.459647238196e+01 -1.535287330516e+00 9.100000000000e-01
   endloop
 endfacet
 facet normal -1.305261922201e-01 9.914448613738e-01 0.000000000000e+00
   outer loop
     vertex 1.660352761804e+01 -1.535287330516e+00 0.000000000000e+00
     vertex 1.650000000000e+01 -1.548917000000e+00 0.000000000000e+00
     vertex 1.650000000000e+01 -1.548917000000e+00 9.100000000000e-01
   endloop
 endfacet
 facet normal -1.305261922201e-01 9.914448613738e-01 0.000000000000e+00
   outer loop
     vertex 1.660352761804e+01 -1.535287330516e+00 0.000000000000e+00
     vertex 1.650000000000e+01 -1.548917000000e+00 9.100000000000e-01
     vertex 1.660352761804e+01 -1.535287330516e+00 9.100000000000e-01
   endloop
 endfacet
 facet normal -3.826834323651e-01 9.238795325113e-01 0.000000000000e+00
   outer loop
     vertex 1.670000000000e+01 -1.495327161514e+00 0.000000000000e+00
     vertex 1.660352761804e+01 -1.535287330516e+00 9.100000000000e-01
     vertex 1.670000000000e+01 -1.495327161514e+00 9.100000000000e-01
   endloop
 endfacet
 facet normal -3.826834323651e-01 9.238795325113e-01 0.000000000000e+00
   outer loop
     vertex 1.670000000000e+01 -1.495327161514e+00 0.000000000000e+00
     vertex 1.660352761804e+01 -1.535287330516e+00 0.000000000000e+00
     vertex 1.660352761804e+01 -1.535287330516e+00 9.100000000000e-01
   endloop
 endfacet
 facet normal -6.087614290087e-01 7.933533402912e-01 0.000000000000e+00
   outer loop
     vertex 1.678284271247e+01 -1.431759712475e+00 0.000000000000e+00
     vertex 1.670000000000e+01 -1.495327161514e+00 9.100000000000e-01
     vertex 1.678284271247e+01 -1.431759712475e+00 9.100000000000e-01
   endloop
 endfacet
 facet normal -6.087614290087e-01 7.933533402912e-01 0.000000000000e+00
   outer loop
     vertex 1.678284271247e+01 -1.431759712475e+00 0.000000000000e+00
     vertex 1.670000000000e+01 -1.495327161514e+00 0.000000000000e+00
     vertex 1.670000000000e+01 -1.495327161514e+00 9.100000000000e-01
   endloop
 endfacet
 facet normal -7.933533402912e-01 6.087614290087e-01 0.000000000000e+00
   outer loop
     vertex 1.684641016151e+01 -1.348917000000e+00 0.000000000000e+00
     vertex 1.678284271247e+01 -1.431759712475e+00 9.100000000000e-01
     vertex 1.684641016151e+01 -1.348917000000e+00 9.100000000000e-01
   endloop
 endfacet
 facet normal -7.933533402912e-01 6.087614290087e-01 0.000000000000e+00
   outer loop
     vertex 1.684641016151e+01 -1.348917000000e+00 0.000000000000e+00
     vertex 1.678284271247e+01 -1.431759712475e+00 0.000000000000e+00
     vertex 1.678284271247e+01 -1.431759712475e+00 9.100000000000e-01
   endloop
 endfacet
 facet normal -9.238795325113e-01 3.826834323651e-01 0.000000000000e+00
   outer loop
     vertex 1.688637033052e+01 -1.252444618041e+00 0.000000000000e+00
     vertex 1.684641016151e+01 -1.348917000000e+00 9.100000000000e-01
     vertex 1.688637033052e+01 -1.252444618041e+00 9.100000000000e-01
   endloop
 endfacet
 facet normal -9.238795325113e-01 3.826834323651e-01 0.000000000000e+00
   outer loop
     vertex 1.688637033052e+01 -1.252444618041e+00 0.000000000000e+00
     vertex 1.684641016151e+01 -1.348917000000e+00 0.000000000000e+00
     vertex 1.684641016151e+01 -1.348917000000e+00 9.100000000000e-01
   endloop
 endfacet
 facet normal -9.914448613738e-01 1.305261922201e-01 0.000000000000e+00
   outer loop
     vertex 1.690000000000e+01 -1.148917000000e+00 0.000000000000e+00
     vertex 1.688637033052e+01 -1.252444618041e+00 9.100000000000e-01
     vertex 1.690000000000e+01 -1.148917000000e+00 9.100000000000e-01
   endloop
 endfacet
 facet normal -9.914448613738e-01 1.305261922201e-01 0.000000000000e+00
   outer loop
     vertex 1.690000000000e+01 -1.148917000000e+00 0.000000000000e+00
     vertex 1.688637033052e+01 -1.252444618041e+00 0.000000000000e+00
     vertex 1.688637033052e+01 -1.252444618041e+00 9.100000000000e-01
   endloop
 endfacet
 facet normal -9.914448613738e-01 -1.305261922201e-01 0.000000000000e+00
   outer loop
     vertex 1.688637033052e+01 -1.045389381959e+00 0.000000000000e+00
     vertex 1.690000000000e+01 -1.148917000000e+00 9.100000000000e-01
     vertex 1.688637033052e+01 -1.045389381959e+00 9.100000000000e-01
   endloop
 endfacet
 facet normal -9.914448613738e-01 -1.305261922201e-01 0.000000000000e+00
   outer loop
     vertex 1.688637033052e+01 -1.045389381959e+00 0.000000000000e+00
     vertex 1.690000000000e+01 -1.148917000000e+00 0.000000000000e+00
     vertex 1.690000000000e+01 -1.148917000000e+00 9.100000000000e-01
   endloop
 endfacet
 facet normal -9.238795325113e-01 -3.826834323651e-01 0.000000000000e+00
   outer loop
     vertex 1.684641016151e+01 -9.489170000000e-01 0.000000000000e+00
     vertex 1.688637033052e+01 -1.045389381959e+00 9.100000000000e-01
     vertex 1.684641016151e+01 -9.489170000000e-01 9.100000000000e-01
   endloop
 endfacet
 facet normal -9.238795325113e-01 -3.826834323651e-01 0.000000000000e+00
   outer loop
     vertex 1.684641016151e+01 -9.489170000000e-01 0.000000000000e+00
     vertex 1.688637033052e+01 -1.045389381959e+00 0.000000000000e+00
     vertex 1.688637033052e+01 -1.045389381959e+00 9.100000000000e-01
   endloop
 endfacet
 facet normal -7.933533402912e-01 -6.087614290087e-01 0.000000000000e+00
   outer loop
     vertex 1.678284271247e+01 -8.660742875254e-01 0.000000000000e+00
     vertex 1.684641016151e+01 -9.489170000000e-01 9.100000000000e-01
     vertex 1.678284271247e+01 -8.660742875254e-01 9.100000000000e-01
   endloop
 endfacet
 facet normal -7.933533402912e-01 -6.087614290087e-01 0.000000000000e+00
   outer loop
     vertex 1.678284271247e+01 -8.660742875254e-01 0.000000000000e+00
     vertex 1.684641016151e+01 -9.489170000000e-01 0.000000000000e+00
     vertex 1.684641016151e+01 -9.489170000000e-01 9.100000000000e-01
   endloop
 endfacet
 facet normal -6.087614290087e-01 -7.933533402912e-01 0.000000000000e+00
   outer loop
     vertex 1.670000000000e+01 -8.025068384862e-01 0.000000000000e+00
     vertex 1.678284271247e+01 -8.660742875254e-01 9.100000000000e-01
     vertex 1.670000000000e+01 -8.025068384862e-01 9.100000000000e-01
   endloop
 endfacet
 facet normal -6.087614290087e-01 -7.933533402912e-01 0.000000000000e+00
   outer loop
     vertex 1.670000000000e+01 -8.025068384862e-01 0.000000000000e+00
     vertex 1.678284271247e+01 -8.660742875254e-01 0.000000000000e+00
     vertex 1.678284271247e+01 -8.660742875254e-01 9.100000000000e-01
   endloop
 endfacet
 facet normal -1.305261922201e-01 -9.914448613738e-01 0.000000000000e+00
   outer loop
     vertex 1.660352761804e+01 -7.625466694844e-01 0.000000000000e+00
     vertex 1.660352761804e+01 -7.625466694844e-01 9.100000000000e-01
     vertex 1.650000000000e+01 -7.489170000000e-01 9.100000000000e-01
   endloop
 endfacet
 facet normal -3.826834323651e-01 -9.238795325113e-01 0.000000000000e+00
   outer loop
     vertex 1.660352761804e+01 -7.625466694844e-01 0.000000000000e+00
     vertex 1.670000000000e+01 -8.025068384862e-01 9.100000000000e-01
     vertex 1.660352761804e+01 -7.625466694844e-01 9.100000000000e-01
   endloop
 endfacet
 facet normal -3.826834323651e-01 -9.238795325113e-01 0.000000000000e+00
   outer loop
     vertex 1.660352761804e+01 -7.625466694844e-01 0.000000000000e+00
     vertex 1.670000000000e+01 -8.025068384862e-01 0.000000000000e+00
     vertex 1.670000000000e+01 -8.025068384862e-01 9.100000000000e-01
   endloop
 endfacet
 facet normal -1.305261922201e-01 -9.914448613738e-01 0.000000000000e+00
   outer loop
     vertex 1.650000000000e+01 -7.489170000000e-01 0.000000000000e+00
     vertex 1.660352761804e+01 -7.625466694844e-01 0.000000000000e+00
     vertex 1.650000000000e+01 -7.489170000000e-01 9.100000000000e-01
   endloop
 endfacet
 facet normal 1.305261922201e-01 -9.914448613738e-01 0.000000000000e+00
   outer loop
     vertex 1.639647238196e+01 -7.625466694844e-01 0.000000000000e+00
     vertex 1.650000000000e+01 -7.489170000000e-01 0.000000000000e+00
     vertex 1.650000000000e+01 -7.489170000000e-01 9.100000000000e-01
   endloop
 endfacet
 facet normal 1.305261922201e-01 -9.914448613738e-01 0.000000000000e+00
   outer loop
     vertex 1.639647238196e+01 -7.625466694844e-01 0.000000000000e+00
     vertex 1.650000000000e+01 -7.489170000000e-01 9.100000000000e-01
     vertex 1.639647238196e+01 -7.625466694844e-01 9.100000000000e-01
   endloop
 endfacet
 facet normal 3.826834323651e-01 -9.238795325113e-01 0.000000000000e+00
   outer loop
     vertex 1.630000000000e+01 -8.025068384862e-01 0.000000000000e+00
     vertex 1.639647238196e+01 -7.625466694844e-01 0.000000000000e+00
     vertex 1.639647238196e+01 -7.625466694844e-01 9.100000000000e-01
   endloop
 endfacet
 facet normal 3.826834323651e-01 -9.238795325113e-01 0.000000000000e+00
   outer loop
     vertex 1.630000000000e+01 -8.025068384862e-01 0.000000000000e+00
     vertex 1.639647238196e+01 -7.625466694844e-01 9.100000000000e-01
     vertex 1.630000000000e+01 -8.025068384862e-01 9.100000000000e-01
   endloop
 endfacet
 facet normal 6.087614290087e-01 -7.933533402912e-01 0.000000000000e+00
   outer loop
     vertex 1.621715728753e+01 -8.660742875254e-01 0.000000000000e+00
     vertex 1.630000000000e+01 -8.025068384862e-01 0.000000000000e+00
     vertex 1.630000000000e+01 -8.025068384862e-01 9.100000000000e-01
   endloop
 endfacet
 facet normal 7.933533402912e-01 -6.087614290087e-01 0.000000000000e+00
   outer loop
     vertex 1.621715728753e+01 -8.660742875254e-01 0.000000000000e+00
     vertex 1.621715728753e+01 -8.660742875254e-01 9.100000000000e-01
     vertex 1.615358983849e+01 -9.489170000000e-01 9.100000000000e-01
   endloop
 endfacet
 facet normal 6.087614290087e-01 -7.933533402912e-01 0.000000000000e+00
   outer loop
     vertex 1.621715728753e+01 -8.660742875254e-01 0.000000000000e+00
     vertex 1.630000000000e+01 -8.025068384862e-01 9.100000000000e-01
     vertex 1.621715728753e+01 -8.660742875254e-01 9.100000000000e-01
   endloop
 endfacet
 facet normal 7.933533402912e-01 -6.087614290087e-01 0.000000000000e+00
   outer loop
     vertex 1.615358983849e+01 -9.489170000000e-01 0.000000000000e+00
     vertex 1.621715728753e+01 -8.660742875254e-01 0.000000000000e+00
     vertex 1.615358983849e+01 -9.489170000000e-01 9.100000000000e-01
   endloop
 endfacet
 facet normal 9.238795325113e-01 -3.826834323651e-01 0.000000000000e+00
   outer loop
     vertex 1.611362966948e+01 -1.045389381959e+00 0.000000000000e+00
     vertex 1.615358983849e+01 -9.489170000000e-01 0.000000000000e+00
     vertex 1.615358983849e+01 -9.489170000000e-01 9.100000000000e-01
   endloop
 endfacet
 facet normal 9.238795325113e-01 -3.826834323651e-01 0.000000000000e+00
   outer loop
     vertex 1.611362966948e+01 -1.045389381959e+00 0.000000000000e+00
     vertex 1.615358983849e+01 -9.489170000000e-01 9.100000000000e-01
     vertex 1.611362966948e+01 -1.045389381959e+00 9.100000000000e-01
   endloop
 endfacet
 facet normal 9.914448613738e-01 -1.305261922201e-01 0.000000000000e+00
   outer loop
     vertex 1.610000000000e+01 -1.148917000000e+00 0.000000000000e+00
     vertex 1.611362966948e+01 -1.045389381959e+00 0.000000000000e+00
     vertex 1.611362966948e+01 -1.045389381959e+00 9.100000000000e-01
   endloop
 endfacet
 facet normal 9.914448613738e-01 -1.305261922201e-01 0.000000000000e+00
   outer loop
     vertex 1.610000000000e+01 -1.148917000000e+00 0.000000000000e+00
     vertex 1.611362966948e+01 -1.045389381959e+00 9.100000000000e-01
     vertex 1.610000000000e+01 -1.148917000000e+00 9.100000000000e-01
   endloop
 endfacet
 facet normal 9.914448613738e-01 1.305261922201e-01 -0.000000000000e+00
   outer loop
     vertex 1.611362966948e+01 -1.252444618041e+00 0.000000000000e+00
     vertex 1.610000000000e+01 -1.148917000000e+00 9.100000000000e-01
     vertex 1.611362966948e+01 -1.252444618041e+00 9.100000000000e-01
   endloop
 endfacet
 facet normal 9.914448613738e-01 1.305261922201e-01 0.000000000000e+00
   outer loop
     vertex 1.611362966948e+01 -1.252444618041e+00 0.000000000000e+00
     vertex 1.610000000000e+01 -1.148917000000e+00 0.000000000000e+00
     vertex 1.610000000000e+01 -1.148917000000e+00 9.100000000000e-01
   endloop
 endfacet
 facet normal 9.238795325113e-01 3.826834323651e-01 -0.000000000000e+00
   outer loop
     vertex 1.615358983849e+01 -1.348917000000e+00 0.000000000000e+00
     vertex 1.611362966948e+01 -1.252444618041e+00 9.100000000000e-01
     vertex 1.615358983849e+01 -1.348917000000e+00 9.100000000000e-01
   endloop
 endfacet
 facet normal 9.238795325113e-01 3.826834323651e-01 0.000000000000e+00
   outer loop
     vertex 1.615358983849e+01 -1.348917000000e+00 0.000000000000e+00
     vertex 1.611362966948e+01 -1.252444618041e+00 0.000000000000e+00
     vertex 1.611362966948e+01 -1.252444618041e+00 9.100000000000e-01
   endloop
 endfacet
 facet normal 7.933533402912e-01 6.087614290087e-01 -0.000000000000e+00
   outer loop
     vertex 1.621715728753e+01 -1.431759712475e+00 0.000000000000e+00
     vertex 1.615358983849e+01 -1.348917000000e+00 9.100000000000e-01
     vertex 1.621715728753e+01 -1.431759712475e+00 9.100000000000e-01
   endloop
 endfacet
 facet normal 7.933533402912e-01 6.087614290087e-01 0.000000000000e+00
   outer loop
     vertex 1.621715728753e+01 -1.431759712475e+00 0.000000000000e+00
     vertex 1.615358983849e+01 -1.348917000000e+00 0.000000000000e+00
     vertex 1.615358983849e+01 -1.348917000000e+00 9.100000000000e-01
   endloop
 endfacet
 facet normal 6.087614290087e-01 7.933533402912e-01 -0.000000000000e+00
   outer loop
     vertex 1.630000000000e+01 -1.495327161514e+00 0.000000000000e+00
     vertex 1.621715728753e+01 -1.431759712475e+00 9.100000000000e-01
     vertex 1.630000000000e+01 -1.495327161514e+00 9.100000000000e-01
   endloop
 endfacet
 facet normal 6.087614290087e-01 7.933533402912e-01 0.000000000000e+00
   outer loop
     vertex 1.630000000000e+01 -1.495327161514e+00 0.000000000000e+00
     vertex 1.621715728753e+01 -1.431759712475e+00 0.000000000000e+00
     vertex 1.621715728753e+01 -1.431759712475e+00 9.100000000000e-01
   endloop
 endfacet
 facet normal 3.826834323651e-01 9.238795325113e-01 -0.000000000000e+00
   outer loop
     vertex 1.639647238196e+01 -1.535287330516e+00 0.000000000000e+00
     vertex 1.630000000000e+01 -1.495327161514e+00 9.100000000000e-01
     vertex 1.639647238196e+01 -1.535287330516e+00 9.100000000000e-01
   endloop
 endfacet
 facet normal 3.826834323651e-01 9.238795325113e-01 0.000000000000e+00
   outer loop
     vertex 1.639647238196e+01 -1.535287330516e+00 0.000000000000e+00
     vertex 1.630000000000e+01 -1.495327161514e+00 0.000000000000e+00
     vertex 1.630000000000e+01 -1.495327161514e+00 9.100000000000e-01
   endloop
 endfacet
 facet normal 1.305261922201e-01 9.914448613738e-01 -0.000000000000e+00
   outer loop
     vertex 1.650000000000e+01 -1.548917000000e+00 0.000000000000e+00
     vertex 1.639647238196e+01 -1.535287330516e+00 9.100000000000e-01
     vertex 1.650000000000e+01 -1.548917000000e+00 9.100000000000e-01
   endloop
 endfacet
 facet normal 1.305261922201e-01 9.914448613738e-01 0.000000000000e+00
   outer loop
     vertex 1.650000000000e+01 -1.548917000000e+00 0.000000000000e+00
     vertex 1.639647238196e+01 -1.535287330516e+00 0.000000000000e+00
     vertex 1.639647238196e+01 -1.535287330516e+00 9.100000000000e-01
   endloop
 endfacet
endsolid
